run,case,path,pinned_source_bytes,exact_checks,startup_host_ready_ms,drain_ms,queue,allocator
sym-223-main-r1,llm_long_prefill,sym_blocking,50479104,31,[],[],"{""held"":0,""peak_output_bytes"":100663296,""output_bytes_is_upper_bound"":true,""resources"":{""requests"":148,""hits"":147,""context_creations"":1,""device_allocations"":8,""host_allocations"":4,""frees"":0,""copy_calls"":1184,""event_records"":148,""event_waits"":148,""caller_waits"":148,""peak_live_bytes"":14491648,""retained_bytes"":14491648,""device_bytes"":14454784,""host_bytes"":36864,""background_workers"":0,""streams"":1,""closed"":false,""quarantined"":false,""process_valid"":true}}","{""torch_peak_allocated"":337784832,""torch_reserved"":448790528}"
sym-223-main-r1,llm_prefill,sym_blocking,50479104,31,[],[],"{""held"":0,""peak_output_bytes"":100663296,""output_bytes_is_upper_bound"":true,""resources"":{""requests"":296,""hits"":295,""context_creations"":1,""device_allocations"":8,""host_allocations"":4,""frees"":0,""copy_calls"":2368,""event_records"":296,""event_waits"":296,""caller_waits"":296,""peak_live_bytes"":14491648,""retained_bytes"":14491648,""device_bytes"":14454784,""host_bytes"":36864,""background_workers"":0,""streams"":1,""closed"":false,""quarantined"":false,""process_valid"":true}}","{""torch_peak_allocated"":137439232,""torch_reserved"":459276288}"
sym-223-main-r1,llm_decode,sym_blocking,50479104,31,[],[],"{""held"":0,""peak_output_bytes"":100663296,""output_bytes_is_upper_bound"":true,""resources"":{""requests"":888,""hits"":887,""context_creations"":1,""device_allocations"":8,""host_allocations"":4,""frees"":0,""copy_calls"":7104,""event_records"":888,""event_waits"":888,""caller_waits"":888,""peak_live_bytes"":14491648,""retained_bytes"":14491648,""device_bytes"":14454784,""host_bytes"":36864,""background_workers"":0,""streams"":1,""closed"":false,""quarantined"":false,""process_valid"":true}}","{""torch_peak_allocated"":118258176,""torch_reserved"":459276288}"
sym-223-main-r1,moe_large,sym_blocking,67305472,31,[],[],"{""held"":0,""peak_output_bytes"":33554432,""output_bytes_is_upper_bound"":true,""resources"":{""requests"":1480,""hits"":1479,""context_creations"":1,""device_allocations"":8,""host_allocations"":4,""frees"":0,""copy_calls"":9472,""event_records"":1480,""event_waits"":1480,""caller_waits"":1480,""peak_live_bytes"":14491648,""retained_bytes"":14491648,""device_bytes"":14454784,""host_bytes"":36864,""background_workers"":0,""streams"":1,""closed"":false,""quarantined"":false,""process_valid"":true}}","{""torch_peak_allocated"":150193664,""torch_reserved"":459276288}"
sym-223-main-r1,moe_dense,sym_blocking,67305472,31,[],[],"{""held"":0,""peak_output_bytes"":33554432,""output_bytes_is_upper_bound"":true,""resources"":{""requests"":2072,""hits"":2071,""context_creations"":1,""device_allocations"":8,""host_allocations"":4,""frees"":0,""copy_calls"":11840,""event_records"":2072,""event_waits"":2072,""caller_waits"":2072,""peak_live_bytes"":14491648,""retained_bytes"":14491648,""device_bytes"":14454784,""host_bytes"":36864,""background_workers"":0,""streams"":1,""closed"":false,""quarantined"":false,""process_valid"":true}}","{""torch_peak_allocated"":70047744,""torch_reserved"":459276288}"
sym-223-main-r1,moe_sparse,sym_blocking,67305472,31,[],[],"{""held"":0,""peak_output_bytes"":33554432,""output_bytes_is_upper_bound"":true,""resources"":{""requests"":2220,""hits"":2219,""context_creations"":1,""device_allocations"":8,""host_allocations"":4,""frees"":0,""copy_calls"":12432,""event_records"":2220,""event_waits"":2220,""caller_waits"":2220,""peak_live_bytes"":14491648,""retained_bytes"":14491648,""device_bytes"":14454784,""host_bytes"":36864,""background_workers"":0,""streams"":1,""closed"":false,""quarantined"":false,""process_valid"":true}}","{""torch_peak_allocated"":42183168,""torch_reserved"":459276288}"
sym-223-main-r1,llm_one_layer,sym_blocking,12619776,31,[],[],"{""held"":0,""peak_output_bytes"":100663296,""output_bytes_is_upper_bound"":true,""resources"":{""requests"":2257,""hits"":2256,""context_creations"":1,""device_allocations"":8,""host_allocations"":4,""frees"":0,""copy_calls"":12728,""event_records"":2257,""event_waits"":2257,""caller_waits"":2257,""peak_live_bytes"":14491648,""retained_bytes"":14491648,""device_bytes"":14454784,""host_bytes"":36864,""background_workers"":0,""streams"":1,""closed"":false,""quarantined"":false,""process_valid"":true}}","{""torch_peak_allocated"":67311104,""torch_reserved"":459276288}"
sym-223-main-r2,llm_long_prefill,sym_blocking,50479104,31,[],[],"{""held"":0,""peak_output_bytes"":100663296,""output_bytes_is_upper_bound"":true,""resources"":{""requests"":148,""hits"":147,""context_creations"":1,""device_allocations"":8,""host_allocations"":4,""frees"":0,""copy_calls"":1184,""event_records"":148,""event_waits"":148,""caller_waits"":148,""peak_live_bytes"":14491648,""retained_bytes"":14491648,""device_bytes"":14454784,""host_bytes"":36864,""background_workers"":0,""streams"":1,""closed"":false,""quarantined"":false,""process_valid"":true}}","{""torch_peak_allocated"":337784832,""torch_reserved"":448790528}"
sym-223-main-r2,llm_prefill,sym_blocking,50479104,31,[],[],"{""held"":0,""peak_output_bytes"":100663296,""output_bytes_is_upper_bound"":true,""resources"":{""requests"":296,""hits"":295,""context_creations"":1,""device_allocations"":8,""host_allocations"":4,""frees"":0,""copy_calls"":2368,""event_records"":296,""event_waits"":296,""caller_waits"":296,""peak_live_bytes"":14491648,""retained_bytes"":14491648,""device_bytes"":14454784,""host_bytes"":36864,""background_workers"":0,""streams"":1,""closed"":false,""quarantined"":false,""process_valid"":true}}","{""torch_peak_allocated"":137439232,""torch_reserved"":459276288}"
sym-223-main-r2,llm_decode,sym_blocking,50479104,31,[],[],"{""held"":0,""peak_output_bytes"":100663296,""output_bytes_is_upper_bound"":true,""resources"":{""requests"":888,""hits"":887,""context_creations"":1,""device_allocations"":8,""host_allocations"":4,""frees"":0,""copy_calls"":7104,""event_records"":888,""event_waits"":888,""caller_waits"":888,""peak_live_bytes"":14491648,""retained_bytes"":14491648,""device_bytes"":14454784,""host_bytes"":36864,""background_workers"":0,""streams"":1,""closed"":false,""quarantined"":false,""process_valid"":true}}","{""torch_peak_allocated"":118258176,""torch_reserved"":459276288}"
sym-223-main-r2,moe_large,sym_blocking,67305472,31,[],[],"{""held"":0,""peak_output_bytes"":33554432,""output_bytes_is_upper_bound"":true,""resources"":{""requests"":1480,""hits"":1479,""context_creations"":1,""device_allocations"":8,""host_allocations"":4,""frees"":0,""copy_calls"":9472,""event_records"":1480,""event_waits"":1480,""caller_waits"":1480,""peak_live_bytes"":14491648,""retained_bytes"":14491648,""device_bytes"":14454784,""host_bytes"":36864,""background_workers"":0,""streams"":1,""closed"":false,""quarantined"":false,""process_valid"":true}}","{""torch_peak_allocated"":150193664,""torch_reserved"":459276288}"
sym-223-main-r2,moe_dense,sym_blocking,67305472,31,[],[],"{""held"":0,""peak_output_bytes"":33554432,""output_bytes_is_upper_bound"":true,""resources"":{""requests"":2072,""hits"":2071,""context_creations"":1,""device_allocations"":8,""host_allocations"":4,""frees"":0,""copy_calls"":11840,""event_records"":2072,""event_waits"":2072,""caller_waits"":2072,""peak_live_bytes"":14491648,""retained_bytes"":14491648,""device_bytes"":14454784,""host_bytes"":36864,""background_workers"":0,""streams"":1,""closed"":false,""quarantined"":false,""process_valid"":true}}","{""torch_peak_allocated"":70047744,""torch_reserved"":459276288}"
sym-223-main-r2,moe_sparse,sym_blocking,67305472,31,[],[],"{""held"":0,""peak_output_bytes"":33554432,""output_bytes_is_upper_bound"":true,""resources"":{""requests"":2220,""hits"":2219,""context_creations"":1,""device_allocations"":8,""host_allocations"":4,""frees"":0,""copy_calls"":12432,""event_records"":2220,""event_waits"":2220,""caller_waits"":2220,""peak_live_bytes"":14491648,""retained_bytes"":14491648,""device_bytes"":14454784,""host_bytes"":36864,""background_workers"":0,""streams"":1,""closed"":false,""quarantined"":false,""process_valid"":true}}","{""torch_peak_allocated"":42183168,""torch_reserved"":459276288}"
sym-223-main-r2,llm_one_layer,sym_blocking,12619776,31,[],[],"{""held"":0,""peak_output_bytes"":100663296,""output_bytes_is_upper_bound"":true,""resources"":{""requests"":2257,""hits"":2256,""context_creations"":1,""device_allocations"":8,""host_allocations"":4,""frees"":0,""copy_calls"":12728,""event_records"":2257,""event_waits"":2257,""caller_waits"":2257,""peak_live_bytes"":14491648,""retained_bytes"":14491648,""device_bytes"":14454784,""host_bytes"":36864,""background_workers"":0,""streams"":1,""closed"":false,""quarantined"":false,""process_valid"":true}}","{""torch_peak_allocated"":67311104,""torch_reserved"":459276288}"
sym-223-main-r3,llm_long_prefill,sym_blocking,50479104,31,[],[],"{""held"":0,""peak_output_bytes"":100663296,""output_bytes_is_upper_bound"":true,""resources"":{""requests"":148,""hits"":147,""context_creations"":1,""device_allocations"":8,""host_allocations"":4,""frees"":0,""copy_calls"":1184,""event_records"":148,""event_waits"":148,""caller_waits"":148,""peak_live_bytes"":14491648,""retained_bytes"":14491648,""device_bytes"":14454784,""host_bytes"":36864,""background_workers"":0,""streams"":1,""closed"":false,""quarantined"":false,""process_valid"":true}}","{""torch_peak_allocated"":337784832,""torch_reserved"":448790528}"
sym-223-main-r3,llm_prefill,sym_blocking,50479104,31,[],[],"{""held"":0,""peak_output_bytes"":100663296,""output_bytes_is_upper_bound"":true,""resources"":{""requests"":296,""hits"":295,""context_creations"":1,""device_allocations"":8,""host_allocations"":4,""frees"":0,""copy_calls"":2368,""event_records"":296,""event_waits"":296,""caller_waits"":296,""peak_live_bytes"":14491648,""retained_bytes"":14491648,""device_bytes"":14454784,""host_bytes"":36864,""background_workers"":0,""streams"":1,""closed"":false,""quarantined"":false,""process_valid"":true}}","{""torch_peak_allocated"":137439232,""torch_reserved"":459276288}"
sym-223-main-r3,llm_decode,sym_blocking,50479104,31,[],[],"{""held"":0,""peak_output_bytes"":100663296,""output_bytes_is_upper_bound"":true,""resources"":{""requests"":888,""hits"":887,""context_creations"":1,""device_allocations"":8,""host_allocations"":4,""frees"":0,""copy_calls"":7104,""event_records"":888,""event_waits"":888,""caller_waits"":888,""peak_live_bytes"":14491648,""retained_bytes"":14491648,""device_bytes"":14454784,""host_bytes"":36864,""background_workers"":0,""streams"":1,""closed"":false,""quarantined"":false,""process_valid"":true}}","{""torch_peak_allocated"":118258176,""torch_reserved"":459276288}"
sym-223-main-r3,moe_large,sym_blocking,67305472,31,[],[],"{""held"":0,""peak_output_bytes"":33554432,""output_bytes_is_upper_bound"":true,""resources"":{""requests"":1480,""hits"":1479,""context_creations"":1,""device_allocations"":8,""host_allocations"":4,""frees"":0,""copy_calls"":9472,""event_records"":1480,""event_waits"":1480,""caller_waits"":1480,""peak_live_bytes"":14491648,""retained_bytes"":14491648,""device_bytes"":14454784,""host_bytes"":36864,""background_workers"":0,""streams"":1,""closed"":false,""quarantined"":false,""process_valid"":true}}","{""torch_peak_allocated"":150193664,""torch_reserved"":459276288}"
sym-223-main-r3,moe_dense,sym_blocking,67305472,31,[],[],"{""held"":0,""peak_output_bytes"":33554432,""output_bytes_is_upper_bound"":true,""resources"":{""requests"":2072,""hits"":2071,""context_creations"":1,""device_allocations"":8,""host_allocations"":4,""frees"":0,""copy_calls"":11840,""event_records"":2072,""event_waits"":2072,""caller_waits"":2072,""peak_live_bytes"":14491648,""retained_bytes"":14491648,""device_bytes"":14454784,""host_bytes"":36864,""background_workers"":0,""streams"":1,""closed"":false,""quarantined"":false,""process_valid"":true}}","{""torch_peak_allocated"":70047744,""torch_reserved"":459276288}"
sym-223-main-r3,moe_sparse,sym_blocking,67305472,31,[],[],"{""held"":0,""peak_output_bytes"":33554432,""output_bytes_is_upper_bound"":true,""resources"":{""requests"":2220,""hits"":2219,""context_creations"":1,""device_allocations"":8,""host_allocations"":4,""frees"":0,""copy_calls"":12432,""event_records"":2220,""event_waits"":2220,""caller_waits"":2220,""peak_live_bytes"":14491648,""retained_bytes"":14491648,""device_bytes"":14454784,""host_bytes"":36864,""background_workers"":0,""streams"":1,""closed"":false,""quarantined"":false,""process_valid"":true}}","{""torch_peak_allocated"":42183168,""torch_reserved"":459276288}"
sym-223-main-r3,llm_one_layer,sym_blocking,12619776,31,[],[],"{""held"":0,""peak_output_bytes"":100663296,""output_bytes_is_upper_bound"":true,""resources"":{""requests"":2257,""hits"":2256,""context_creations"":1,""device_allocations"":8,""host_allocations"":4,""frees"":0,""copy_calls"":12728,""event_records"":2257,""event_waits"":2257,""caller_waits"":2257,""peak_live_bytes"":14491648,""retained_bytes"":14491648,""device_bytes"":14454784,""host_bytes"":36864,""background_workers"":0,""streams"":1,""closed"":false,""quarantined"":false,""process_valid"":true}}","{""torch_peak_allocated"":67311104,""torch_reserved"":459276288}"
sym-223-candidate-r1,llm_long_prefill,sym_blocking,50479104,217,[],[],"{""held"":0,""peak_output_bytes"":100663296,""output_bytes_is_upper_bound"":true,""resources"":{""requests"":148,""hits"":147,""context_creations"":1,""device_allocations"":8,""host_allocations"":4,""frees"":0,""copy_calls"":1184,""event_records"":148,""event_waits"":148,""caller_waits"":148,""peak_live_bytes"":14491648,""retained_bytes"":14491648,""device_bytes"":14454784,""host_bytes"":36864,""background_workers"":0,""streams"":1,""closed"":false,""quarantined"":false,""process_valid"":true}}","{""torch_peak_allocated"":337784832,""torch_reserved"":1346371584}"
sym-223-candidate-r1,llm_long_prefill,sym_serial,50479104,217,[],[],"{""submitted"":148,""held"":0,""output_bytes"":0,""peak_output_bytes"":50331648,""peak_in_flight"":1,""closed"":false,""resources"":{""requests"":148,""hits"":147,""context_creations"":1,""device_allocations"":8,""host_allocations"":4,""frees"":0,""copy_calls"":1184,""event_records"":148,""event_waits"":148,""caller_waits"":148,""peak_live_bytes"":14491648,""retained_bytes"":14491648,""device_bytes"":14454784,""host_bytes"":36864,""background_workers"":0,""streams"":1,""closed"":false,""quarantined"":false,""process_valid"":true},""totals"":{""groups"":148,""logical_transfers"":592,""source_bytes"":1862270976,""wire_bytes"":1862270976,""destination_bytes"":7449083904,""payload_bytes_transferred"":1867726848,""dispatches"":{""cuda_dequant_relocate"":592}}}","{""torch_peak_allocated"":337784832,""torch_reserved"":1346371584}"
sym-223-candidate-r1,llm_long_prefill,sym_prefetch,50479104,217,[2.146324],[6.307373],"{""submitted"":152,""held"":0,""output_bytes"":0,""peak_output_bytes"":100663296,""peak_in_flight"":2,""closed"":false,""resources"":{""requests"":152,""hits"":151,""context_creations"":1,""device_allocations"":8,""host_allocations"":4,""frees"":0,""copy_calls"":1216,""event_records"":152,""event_waits"":152,""caller_waits"":152,""peak_live_bytes"":14491648,""retained_bytes"":14491648,""device_bytes"":14454784,""host_bytes"":36864,""background_workers"":0,""streams"":1,""closed"":false,""quarantined"":false,""process_valid"":true},""totals"":{""groups"":152,""logical_transfers"":608,""source_bytes"":1912602624,""wire_bytes"":1912602624,""destination_bytes"":7650410496,""payload_bytes_transferred"":1918205952,""dispatches"":{""cuda_dequant_relocate"":608}}}","{""torch_peak_allocated"":388116480,""torch_reserved"":1346371584}"
sym-223-candidate-r1,llm_long_prefill,torch_serial,50479104,217,[],[],"{""held"":0,""peak_output_bytes"":50331648,""peak_in_flight"":1,""scratch_live_upper_bound"":37765120}","{""torch_peak_allocated"":337784832,""torch_reserved"":1346371584}"
sym-223-candidate-r1,llm_long_prefill,torch_prefetch,50479104,217,[1.737145],[6.875033],"{""held"":0,""peak_output_bytes"":100663296,""peak_in_flight"":2,""scratch_live_upper_bound"":37765120}","{""torch_peak_allocated"":388116480,""torch_reserved"":1346371584}"
sym-223-candidate-r1,llm_long_prefill,inductor_serial,50479104,217,[],[],"{""held"":0,""peak_output_bytes"":50331648,""peak_in_flight"":1,""scratch_live_upper_bound"":37765120}","{""torch_peak_allocated"":337784832,""torch_reserved"":1346371584}"
sym-223-candidate-r1,llm_long_prefill,inductor_prefetch,50479104,217,[1.2295],[6.235466],"{""held"":0,""peak_output_bytes"":100663296,""peak_in_flight"":2,""scratch_live_upper_bound"":37765120}","{""torch_peak_allocated"":388116480,""torch_reserved"":1346371584}"
sym-223-candidate-r1,llm_prefill,sym_blocking,50479104,217,[],[],"{""held"":0,""peak_output_bytes"":100663296,""output_bytes_is_upper_bound"":true,""resources"":{""requests"":296,""hits"":295,""context_creations"":1,""device_allocations"":8,""host_allocations"":4,""frees"":0,""copy_calls"":2368,""event_records"":296,""event_waits"":296,""caller_waits"":296,""peak_live_bytes"":14491648,""retained_bytes"":14491648,""device_bytes"":14454784,""host_bytes"":36864,""background_workers"":0,""streams"":1,""closed"":false,""quarantined"":false,""process_valid"":true}}","{""torch_peak_allocated"":137566208,""torch_reserved"":2212495360}"
sym-223-candidate-r1,llm_prefill,sym_serial,50479104,217,[],[],"{""submitted"":148,""held"":0,""output_bytes"":0,""peak_output_bytes"":50331648,""peak_in_flight"":1,""closed"":false,""resources"":{""requests"":148,""hits"":147,""context_creations"":1,""device_allocations"":8,""host_allocations"":4,""frees"":0,""copy_calls"":1184,""event_records"":148,""event_waits"":148,""caller_waits"":148,""peak_live_bytes"":14491648,""retained_bytes"":14491648,""device_bytes"":14454784,""host_bytes"":36864,""background_workers"":0,""streams"":1,""closed"":false,""quarantined"":false,""process_valid"":true},""totals"":{""groups"":148,""logical_transfers"":592,""source_bytes"":1862270976,""wire_bytes"":1862270976,""destination_bytes"":7449083904,""payload_bytes_transferred"":1867726848,""dispatches"":{""cuda_dequant_relocate"":592}}}","{""torch_peak_allocated"":137566208,""torch_reserved"":2212495360}"
sym-223-candidate-r1,llm_prefill,sym_prefetch,50479104,217,[2.122229],[1.160739],"{""submitted"":152,""held"":0,""output_bytes"":0,""peak_output_bytes"":100663296,""peak_in_flight"":2,""closed"":false,""resources"":{""requests"":152,""hits"":151,""context_creations"":1,""device_allocations"":8,""host_allocations"":4,""frees"":0,""copy_calls"":1216,""event_records"":152,""event_waits"":152,""caller_waits"":152,""peak_live_bytes"":14491648,""retained_bytes"":14491648,""device_bytes"":14454784,""host_bytes"":36864,""background_workers"":0,""streams"":1,""closed"":false,""quarantined"":false,""process_valid"":true},""totals"":{""groups"":152,""logical_transfers"":608,""source_bytes"":1912602624,""wire_bytes"":1912602624,""destination_bytes"":7650410496,""payload_bytes_transferred"":1918205952,""dispatches"":{""cuda_dequant_relocate"":608}}}","{""torch_peak_allocated"":148117504,""torch_reserved"":2212495360}"
sym-223-candidate-r1,llm_prefill,torch_serial,50479104,217,[],[],"{""held"":0,""peak_output_bytes"":50331648,""peak_in_flight"":1,""scratch_live_upper_bound"":37765120}","{""torch_peak_allocated"":158541824,""torch_reserved"":2212495360}"
sym-223-candidate-r1,llm_prefill,torch_prefetch,50479104,217,[1.727849],[1.303911],"{""held"":0,""peak_output_bytes"":100663296,""peak_in_flight"":2,""scratch_live_upper_bound"":37765120}","{""torch_peak_allocated"":158541824,""torch_reserved"":2212495360}"
sym-223-candidate-r1,llm_prefill,inductor_serial,50479104,217,[],[],"{""held"":0,""peak_output_bytes"":50331648,""peak_in_flight"":1,""scratch_live_upper_bound"":37765120}","{""torch_peak_allocated"":141764608,""torch_reserved"":2212495360}"
sym-223-candidate-r1,llm_prefill,inductor_prefetch,50479104,217,[1.213961],[0.490763],"{""held"":0,""peak_output_bytes"":100663296,""peak_in_flight"":2,""scratch_live_upper_bound"":37765120}","{""torch_peak_allocated"":148117504,""torch_reserved"":2212495360}"
sym-223-candidate-r1,llm_decode,sym_blocking,50479104,217,[],[],"{""held"":0,""peak_output_bytes"":100663296,""output_bytes_is_upper_bound"":true,""resources"":{""requests"":888,""hits"":887,""context_creations"":1,""device_allocations"":8,""host_allocations"":4,""frees"":0,""copy_calls"":7104,""event_records"":888,""event_waits"":888,""caller_waits"":888,""peak_live_bytes"":14491648,""retained_bytes"":14491648,""device_bytes"":14454784,""host_bytes"":36864,""background_workers"":0,""streams"":1,""closed"":false,""quarantined"":false,""process_valid"":true}}","{""torch_peak_allocated"":118258176,""torch_reserved"":2954887168}"
sym-223-candidate-r1,llm_decode,sym_serial,50479104,217,[],[],"{""submitted"":592,""held"":0,""output_bytes"":0,""peak_output_bytes"":50331648,""peak_in_flight"":1,""closed"":false,""resources"":{""requests"":592,""hits"":591,""context_creations"":1,""device_allocations"":8,""host_allocations"":4,""frees"":0,""copy_calls"":4736,""event_records"":592,""event_waits"":592,""caller_waits"":592,""peak_live_bytes"":14491648,""retained_bytes"":14491648,""device_bytes"":14454784,""host_bytes"":36864,""background_workers"":0,""streams"":1,""closed"":false,""quarantined"":false,""process_valid"":true},""totals"":{""groups"":592,""logical_transfers"":2368,""source_bytes"":7449083904,""wire_bytes"":7449083904,""destination_bytes"":29796335616,""payload_bytes_transferred"":7470907392,""dispatches"":{""cuda_dequant_relocate"":2368}}}","{""torch_peak_allocated"":118258176,""torch_reserved"":2954887168}"
sym-223-candidate-r1,llm_decode,sym_prefetch,50479104,217,"[2.100538,2.110786,2.114655,2.100648]","[0.667019,0.640539,0.616894,0.618327]","{""submitted"":608,""held"":0,""output_bytes"":0,""peak_output_bytes"":100663296,""peak_in_flight"":2,""closed"":false,""resources"":{""requests"":608,""hits"":607,""context_creations"":1,""device_allocations"":8,""host_allocations"":4,""frees"":0,""copy_calls"":4864,""event_records"":608,""event_waits"":608,""caller_waits"":608,""peak_live_bytes"":14491648,""retained_bytes"":14491648,""device_bytes"":14454784,""host_bytes"":36864,""background_workers"":0,""streams"":1,""closed"":false,""quarantined"":false,""process_valid"":true},""totals"":{""groups"":608,""logical_transfers"":2432,""source_bytes"":7650410496,""wire_bytes"":7650410496,""destination_bytes"":30601641984,""payload_bytes_transferred"":7672823808,""dispatches"":{""cuda_dequant_relocate"":2432}}}","{""torch_peak_allocated"":118381056,""torch_reserved"":2954887168}"
sym-223-candidate-r1,llm_decode,torch_serial,50479104,217,[],[],"{""held"":0,""peak_output_bytes"":50331648,""peak_in_flight"":1,""scratch_live_upper_bound"":37765120}","{""torch_peak_allocated"":139233792,""torch_reserved"":2954887168}"
sym-223-candidate-r1,llm_decode,torch_prefetch,50479104,217,"[1.733739,1.716226,1.721175,1.735112]","[0.770035,0.715632,0.71454,0.716915]","{""held"":0,""peak_output_bytes"":100663296,""peak_in_flight"":2,""scratch_live_upper_bound"":37765120}","{""torch_peak_allocated"":139233792,""torch_reserved"":2954887168}"
sym-223-candidate-r1,llm_decode,inductor_serial,50479104,217,[],[],"{""held"":0,""peak_output_bytes"":50331648,""peak_in_flight"":1,""scratch_live_upper_bound"":37765120}","{""torch_peak_allocated"":122456576,""torch_reserved"":2954887168}"
sym-223-candidate-r1,llm_decode,inductor_prefetch,50479104,217,"[1.223268,1.233929,1.211516,1.233828]","[0.029436,0.028003,0.027332,0.027963]","{""held"":0,""peak_output_bytes"":100663296,""peak_in_flight"":2,""scratch_live_upper_bound"":37765120}","{""torch_peak_allocated"":122456576,""torch_reserved"":2954887168}"
sym-223-candidate-r1,moe_large,sym_blocking,67305472,217,[],[],"{""held"":0,""peak_output_bytes"":33554432,""output_bytes_is_upper_bound"":true,""resources"":{""requests"":1480,""hits"":1479,""context_creations"":1,""device_allocations"":8,""host_allocations"":4,""frees"":0,""copy_calls"":9472,""event_records"":1480,""event_waits"":1480,""caller_waits"":1480,""peak_live_bytes"":14491648,""retained_bytes"":14491648,""device_bytes"":14454784,""host_bytes"":36864,""background_workers"":0,""streams"":1,""closed"":false,""quarantined"":false,""process_valid"":true}}","{""torch_peak_allocated"":150193664,""torch_reserved"":3403677696}"
sym-223-candidate-r1,moe_large,sym_serial,67305472,217,[],[],"{""submitted"":592,""held"":0,""output_bytes"":0,""peak_output_bytes"":16777216,""peak_in_flight"":1,""closed"":false,""resources"":{""requests"":592,""hits"":591,""context_creations"":1,""device_allocations"":4,""host_allocations"":2,""frees"":0,""copy_calls"":2368,""event_records"":592,""event_waits"":592,""caller_waits"":592,""peak_live_bytes"":4743168,""retained_bytes"":4743168,""device_bytes"":4730880,""host_bytes"":12288,""background_workers"":0,""streams"":1,""closed"":false,""quarantined"":false,""process_valid"":true},""totals"":{""groups"":592,""logical_transfers"":1184,""source_bytes"":2483027968,""wire_bytes"":2483027968,""destination_bytes"":9932111872,""payload_bytes_transferred"":2490302464,""dispatches"":{""cuda_dequant_relocate"":1184}}}","{""torch_peak_allocated"":150193664,""torch_reserved"":3403677696}"
sym-223-candidate-r1,moe_large,sym_prefetch,67305472,217,"[0.947904,0.923707]","[1.214,1.293762]","{""submitted"":608,""held"":0,""output_bytes"":0,""peak_output_bytes"":33554432,""peak_in_flight"":2,""closed"":false,""resources"":{""requests"":608,""hits"":607,""context_creations"":1,""device_allocations"":4,""host_allocations"":2,""frees"":0,""copy_calls"":2432,""event_records"":608,""event_waits"":608,""caller_waits"":608,""peak_live_bytes"":4743168,""retained_bytes"":4743168,""device_bytes"":4730880,""host_bytes"":12288,""background_workers"":0,""streams"":1,""closed"":false,""quarantined"":false,""process_valid"":true},""totals"":{""groups"":608,""logical_transfers"":1216,""source_bytes"":2550136832,""wire_bytes"":2550136832,""destination_bytes"":10200547328,""payload_bytes_transferred"":2557607936,""dispatches"":{""cuda_dequant_relocate"":1216}}}","{""torch_peak_allocated"":150193664,""torch_reserved"":3403677696}"
sym-223-candidate-r1,moe_large,torch_serial,67305472,217,[],[],"{""held"":0,""peak_output_bytes"":16777216,""peak_in_flight"":1,""scratch_live_upper_bound"":18882560}","{""torch_peak_allocated"":158365184,""torch_reserved"":3403677696}"
sym-223-candidate-r1,moe_large,torch_prefetch,67305472,217,"[0.631933,0.624499]","[1.303942,1.409382]","{""held"":0,""peak_output_bytes"":33554432,""peak_in_flight"":2,""scratch_live_upper_bound"":18882560}","{""torch_peak_allocated"":158365184,""torch_reserved"":3403677696}"
sym-223-candidate-r1,moe_large,inductor_serial,67305472,217,[],[],"{""held"":0,""peak_output_bytes"":16777216,""peak_in_flight"":1,""scratch_live_upper_bound"":18882560}","{""torch_peak_allocated"":150193664,""torch_reserved"":3403677696}"
sym-223-candidate-r1,moe_large,inductor_prefetch,67305472,217,"[0.467389,0.469012]","[1.046872,1.139138]","{""held"":0,""peak_output_bytes"":33554432,""peak_in_flight"":2,""scratch_live_upper_bound"":18882560}","{""torch_peak_allocated"":150193664,""torch_reserved"":3403677696}"
sym-223-candidate-r1,moe_dense,sym_blocking,67305472,217,[],[],"{""held"":0,""peak_output_bytes"":33554432,""output_bytes_is_upper_bound"":true,""resources"":{""requests"":2072,""hits"":2071,""context_creations"":1,""device_allocations"":8,""host_allocations"":4,""frees"":0,""copy_calls"":11840,""event_records"":2072,""event_waits"":2072,""caller_waits"":2072,""peak_live_bytes"":14491648,""retained_bytes"":14491648,""device_bytes"":14454784,""host_bytes"":36864,""background_workers"":0,""streams"":1,""closed"":false,""quarantined"":false,""process_valid"":true}}","{""torch_peak_allocated"":70047744,""torch_reserved"":3831496704}"
sym-223-candidate-r1,moe_dense,sym_serial,67305472,217,[],[],"{""submitted"":592,""held"":0,""output_bytes"":0,""peak_output_bytes"":16777216,""peak_in_flight"":1,""closed"":false,""resources"":{""requests"":592,""hits"":591,""context_creations"":1,""device_allocations"":4,""host_allocations"":2,""frees"":0,""copy_calls"":2368,""event_records"":592,""event_waits"":592,""caller_waits"":592,""peak_live_bytes"":4743168,""retained_bytes"":4743168,""device_bytes"":4730880,""host_bytes"":12288,""background_workers"":0,""streams"":1,""closed"":false,""quarantined"":false,""process_valid"":true},""totals"":{""groups"":592,""logical_transfers"":1184,""source_bytes"":2483027968,""wire_bytes"":2483027968,""destination_bytes"":9932111872,""payload_bytes_transferred"":2490302464,""dispatches"":{""cuda_dequant_relocate"":1184}}}","{""torch_peak_allocated"":70047744,""torch_reserved"":3831496704}"
sym-223-candidate-r1,moe_dense,sym_prefetch,67305472,217,"[0.957091,0.932464]","[0.287777,0.313647]","{""submitted"":608,""held"":0,""output_bytes"":0,""peak_output_bytes"":33554432,""peak_in_flight"":2,""closed"":false,""resources"":{""requests"":608,""hits"":607,""context_creations"":1,""device_allocations"":4,""host_allocations"":2,""frees"":0,""copy_calls"":2432,""event_records"":608,""event_waits"":608,""caller_waits"":608,""peak_live_bytes"":4743168,""retained_bytes"":4743168,""device_bytes"":4730880,""host_bytes"":12288,""background_workers"":0,""streams"":1,""closed"":false,""quarantined"":false,""process_valid"":true},""totals"":{""groups"":608,""logical_transfers"":1216,""source_bytes"":2550136832,""wire_bytes"":2550136832,""destination_bytes"":10200547328,""payload_bytes_transferred"":2557607936,""dispatches"":{""cuda_dequant_relocate"":1216}}}","{""torch_peak_allocated"":70047744,""torch_reserved"":3831496704}"
sym-223-candidate-r1,moe_dense,torch_serial,67305472,217,[],[],"{""held"":0,""peak_output_bytes"":16777216,""peak_in_flight"":1,""scratch_live_upper_bound"":18882560}","{""torch_peak_allocated"":80537600,""torch_reserved"":3831496704}"
sym-223-candidate-r1,moe_dense,torch_prefetch,67305472,217,"[0.619249,0.613658]","[0.244396,0.287577]","{""held"":0,""peak_output_bytes"":33554432,""peak_in_flight"":2,""scratch_live_upper_bound"":18882560}","{""torch_peak_allocated"":80537600,""torch_reserved"":3831496704}"
sym-223-candidate-r1,moe_dense,inductor_serial,67305472,217,[],[],"{""held"":0,""peak_output_bytes"":16777216,""peak_in_flight"":1,""scratch_live_upper_bound"":18882560}","{""torch_peak_allocated"":72148992,""torch_reserved"":3831496704}"
sym-223-candidate-r1,moe_dense,inductor_prefetch,67305472,217,"[0.459134,0.454334]","[0.034376,0.051377]","{""held"":0,""peak_output_bytes"":33554432,""peak_in_flight"":2,""scratch_live_upper_bound"":18882560}","{""torch_peak_allocated"":72148992,""torch_reserved"":3831496704}"
sym-223-candidate-r1,moe_sparse,sym_blocking,67305472,217,[],[],"{""held"":0,""peak_output_bytes"":33554432,""output_bytes_is_upper_bound"":true,""resources"":{""requests"":2220,""hits"":2219,""context_creations"":1,""device_allocations"":8,""host_allocations"":4,""frees"":0,""copy_calls"":12432,""event_records"":2220,""event_waits"":2220,""caller_waits"":2220,""peak_live_bytes"":14491648,""retained_bytes"":14491648,""device_bytes"":14454784,""host_bytes"":36864,""background_workers"":0,""streams"":1,""closed"":false,""quarantined"":false,""process_valid"":true}}","{""torch_peak_allocated"":42183168,""torch_reserved"":3919577088}"
sym-223-candidate-r1,moe_sparse,sym_serial,67305472,217,[],[],"{""submitted"":148,""held"":0,""output_bytes"":0,""peak_output_bytes"":16777216,""peak_in_flight"":1,""closed"":false,""resources"":{""requests"":148,""hits"":147,""context_creations"":1,""device_allocations"":4,""host_allocations"":2,""frees"":0,""copy_calls"":592,""event_records"":148,""event_waits"":148,""caller_waits"":148,""peak_live_bytes"":4743168,""retained_bytes"":4743168,""device_bytes"":4730880,""host_bytes"":12288,""background_workers"":0,""streams"":1,""closed"":false,""quarantined"":false,""process_valid"":true},""totals"":{""groups"":148,""logical_transfers"":296,""source_bytes"":620756992,""wire_bytes"":620756992,""destination_bytes"":2483027968,""payload_bytes_transferred"":622575616,""dispatches"":{""cuda_dequant_relocate"":296}}}","{""torch_peak_allocated"":42183168,""torch_reserved"":3919577088}"
sym-223-candidate-r1,moe_sparse,sym_prefetch,67305472,217,"[0.942915,0.920211]","[0.210891,0.203617]","{""submitted"":152,""held"":0,""output_bytes"":0,""peak_output_bytes"":33554432,""peak_in_flight"":2,""closed"":false,""resources"":{""requests"":152,""hits"":151,""context_creations"":1,""device_allocations"":4,""host_allocations"":2,""frees"":0,""copy_calls"":608,""event_records"":152,""event_waits"":152,""caller_waits"":152,""peak_live_bytes"":4743168,""retained_bytes"":4743168,""device_bytes"":4730880,""host_bytes"":12288,""background_workers"":0,""streams"":1,""closed"":false,""quarantined"":false,""process_valid"":true},""totals"":{""groups"":152,""logical_transfers"":304,""source_bytes"":637534208,""wire_bytes"":637534208,""destination_bytes"":2550136832,""payload_bytes_transferred"":639401984,""dispatches"":{""cuda_dequant_relocate"":304}}}","{""torch_peak_allocated"":42183168,""torch_reserved"":3919577088}"
sym-223-candidate-r1,moe_sparse,torch_serial,67305472,217,[],[],"{""held"":0,""peak_output_bytes"":16777216,""peak_in_flight"":1,""scratch_live_upper_bound"":18882560}","{""torch_peak_allocated"":52657152,""torch_reserved"":3919577088}"
sym-223-candidate-r1,moe_sparse,torch_prefetch,67305472,217,"[0.616844,0.614499]","[0.194971,0.187317]","{""held"":0,""peak_output_bytes"":33554432,""peak_in_flight"":2,""scratch_live_upper_bound"":18882560}","{""torch_peak_allocated"":52657152,""torch_reserved"":3919577088}"
sym-223-candidate-r1,moe_sparse,inductor_serial,67305472,217,[],[],"{""held"":0,""peak_output_bytes"":16777216,""peak_in_flight"":1,""scratch_live_upper_bound"":18882560}","{""torch_peak_allocated"":44268544,""torch_reserved"":3919577088}"
sym-223-candidate-r1,moe_sparse,inductor_prefetch,67305472,217,"[0.457701,0.452621]","[0.034506,0.032953]","{""held"":0,""peak_output_bytes"":33554432,""peak_in_flight"":2,""scratch_live_upper_bound"":18882560}","{""torch_peak_allocated"":44268544,""torch_reserved"":3919577088}"
sym-223-candidate-r1,llm_one_layer,sym_blocking,12619776,217,[],[],"{""held"":0,""peak_output_bytes"":100663296,""output_bytes_is_upper_bound"":true,""resources"":{""requests"":2257,""hits"":2256,""context_creations"":1,""device_allocations"":8,""host_allocations"":4,""frees"":0,""copy_calls"":12728,""event_records"":2257,""event_waits"":2257,""caller_waits"":2257,""peak_live_bytes"":14491648,""retained_bytes"":14491648,""device_bytes"":14454784,""host_bytes"":36864,""background_workers"":0,""streams"":1,""closed"":false,""quarantined"":false,""process_valid"":true}}","{""torch_peak_allocated"":67311104,""torch_reserved"":3923771392}"
sym-223-candidate-r1,llm_one_layer,sym_serial,12619776,217,[],[],"{""submitted"":37,""held"":0,""output_bytes"":0,""peak_output_bytes"":50331648,""peak_in_flight"":1,""closed"":false,""resources"":{""requests"":37,""hits"":36,""context_creations"":1,""device_allocations"":8,""host_allocations"":4,""frees"":0,""copy_calls"":296,""event_records"":37,""event_waits"":37,""caller_waits"":37,""peak_live_bytes"":14491648,""retained_bytes"":14491648,""device_bytes"":14454784,""host_bytes"":36864,""background_workers"":0,""streams"":1,""closed"":false,""quarantined"":false,""process_valid"":true},""totals"":{""groups"":37,""logical_transfers"":148,""source_bytes"":465567744,""wire_bytes"":465567744,""destination_bytes"":1862270976,""payload_bytes_transferred"":466931712,""dispatches"":{""cuda_dequant_relocate"":148}}}","{""torch_peak_allocated"":67311104,""torch_reserved"":3923771392}"
sym-223-candidate-r1,llm_one_layer,sym_prefetch,12619776,217,[2.106499],[0.086765],"{""submitted"":38,""held"":0,""output_bytes"":0,""peak_output_bytes"":50331648,""peak_in_flight"":1,""closed"":false,""resources"":{""requests"":38,""hits"":37,""context_creations"":1,""device_allocations"":8,""host_allocations"":4,""frees"":0,""copy_calls"":304,""event_records"":38,""event_waits"":38,""caller_waits"":38,""peak_live_bytes"":14491648,""retained_bytes"":14491648,""device_bytes"":14454784,""host_bytes"":36864,""background_workers"":0,""streams"":1,""closed"":false,""quarantined"":false,""process_valid"":true},""totals"":{""groups"":38,""logical_transfers"":152,""source_bytes"":478150656,""wire_bytes"":478150656,""destination_bytes"":1912602624,""payload_bytes_transferred"":479551488,""dispatches"":{""cuda_dequant_relocate"":152}}}","{""torch_peak_allocated"":67311104,""torch_reserved"":3923771392}"
sym-223-candidate-r1,llm_one_layer,torch_serial,12619776,217,[],[],"{""held"":0,""peak_output_bytes"":50331648,""peak_in_flight"":1,""scratch_live_upper_bound"":37765120}","{""torch_peak_allocated"":88236544,""torch_reserved"":3923771392}"
sym-223-candidate-r1,llm_one_layer,torch_prefetch,12619776,217,[1.721236],[0.011973],"{""held"":0,""peak_output_bytes"":50331648,""peak_in_flight"":1,""scratch_live_upper_bound"":37765120}","{""torch_peak_allocated"":88236544,""torch_reserved"":3923771392}"
sym-223-candidate-r1,llm_one_layer,inductor_serial,12619776,217,[],[],"{""held"":0,""peak_output_bytes"":50331648,""peak_in_flight"":1,""scratch_live_upper_bound"":37765120}","{""torch_peak_allocated"":71459328,""torch_reserved"":3923771392}"
sym-223-candidate-r1,llm_one_layer,inductor_prefetch,12619776,217,[1.248747],[0.012594],"{""held"":0,""peak_output_bytes"":50331648,""peak_in_flight"":1,""scratch_live_upper_bound"":37765120}","{""torch_peak_allocated"":71459328,""torch_reserved"":3923771392}"
sym-223-candidate-r2,llm_long_prefill,torch_serial,50479104,217,[],[],"{""held"":0,""peak_output_bytes"":50331648,""peak_in_flight"":1,""scratch_live_upper_bound"":37765120}","{""torch_peak_allocated"":337784832,""torch_reserved"":1300234240}"
sym-223-candidate-r2,llm_long_prefill,torch_prefetch,50479104,217,[1.730103],[6.840768],"{""held"":0,""peak_output_bytes"":100663296,""peak_in_flight"":2,""scratch_live_upper_bound"":37765120}","{""torch_peak_allocated"":388116480,""torch_reserved"":1300234240}"
sym-223-candidate-r2,llm_long_prefill,inductor_serial,50479104,217,[],[],"{""held"":0,""peak_output_bytes"":50331648,""peak_in_flight"":1,""scratch_live_upper_bound"":37765120}","{""torch_peak_allocated"":337784832,""torch_reserved"":1300234240}"
sym-223-candidate-r2,llm_long_prefill,inductor_prefetch,50479104,217,[1.223087],[6.399158],"{""held"":0,""peak_output_bytes"":100663296,""peak_in_flight"":2,""scratch_live_upper_bound"":37765120}","{""torch_peak_allocated"":388116480,""torch_reserved"":1300234240}"
sym-223-candidate-r2,llm_long_prefill,sym_blocking,50479104,217,[],[],"{""held"":0,""peak_output_bytes"":100663296,""output_bytes_is_upper_bound"":true,""resources"":{""requests"":148,""hits"":147,""context_creations"":1,""device_allocations"":8,""host_allocations"":4,""frees"":0,""copy_calls"":1184,""event_records"":148,""event_waits"":148,""caller_waits"":148,""peak_live_bytes"":14491648,""retained_bytes"":14491648,""device_bytes"":14454784,""host_bytes"":36864,""background_workers"":0,""streams"":1,""closed"":false,""quarantined"":false,""process_valid"":true}}","{""torch_peak_allocated"":337784832,""torch_reserved"":1300234240}"
sym-223-candidate-r2,llm_long_prefill,sym_serial,50479104,217,[],[],"{""submitted"":148,""held"":0,""output_bytes"":0,""peak_output_bytes"":50331648,""peak_in_flight"":1,""closed"":false,""resources"":{""requests"":148,""hits"":147,""context_creations"":1,""device_allocations"":8,""host_allocations"":4,""frees"":0,""copy_calls"":1184,""event_records"":148,""event_waits"":148,""caller_waits"":148,""peak_live_bytes"":14491648,""retained_bytes"":14491648,""device_bytes"":14454784,""host_bytes"":36864,""background_workers"":0,""streams"":1,""closed"":false,""quarantined"":false,""process_valid"":true},""totals"":{""groups"":148,""logical_transfers"":592,""source_bytes"":1862270976,""wire_bytes"":1862270976,""destination_bytes"":7449083904,""payload_bytes_transferred"":1867726848,""dispatches"":{""cuda_dequant_relocate"":592}}}","{""torch_peak_allocated"":337784832,""torch_reserved"":1300234240}"
sym-223-candidate-r2,llm_long_prefill,sym_prefetch,50479104,217,[2.10188],[6.492986],"{""submitted"":152,""held"":0,""output_bytes"":0,""peak_output_bytes"":100663296,""peak_in_flight"":2,""closed"":false,""resources"":{""requests"":152,""hits"":151,""context_creations"":1,""device_allocations"":8,""host_allocations"":4,""frees"":0,""copy_calls"":1216,""event_records"":152,""event_waits"":152,""caller_waits"":152,""peak_live_bytes"":14491648,""retained_bytes"":14491648,""device_bytes"":14454784,""host_bytes"":36864,""background_workers"":0,""streams"":1,""closed"":false,""quarantined"":false,""process_valid"":true},""totals"":{""groups"":152,""logical_transfers"":608,""source_bytes"":1912602624,""wire_bytes"":1912602624,""destination_bytes"":7650410496,""payload_bytes_transferred"":1918205952,""dispatches"":{""cuda_dequant_relocate"":608}}}","{""torch_peak_allocated"":388116480,""torch_reserved"":1300234240}"
sym-223-candidate-r2,llm_prefill,torch_serial,50479104,217,[],[],"{""held"":0,""peak_output_bytes"":50331648,""peak_in_flight"":1,""scratch_live_upper_bound"":37765120}","{""torch_peak_allocated"":157493248,""torch_reserved"":2183135232}"
sym-223-candidate-r2,llm_prefill,torch_prefetch,50479104,217,[1.725254],[1.326274],"{""held"":0,""peak_output_bytes"":100663296,""peak_in_flight"":2,""scratch_live_upper_bound"":37765120}","{""torch_peak_allocated"":157493248,""torch_reserved"":2183135232}"
sym-223-candidate-r2,llm_prefill,inductor_serial,50479104,217,[],[],"{""held"":0,""peak_output_bytes"":50331648,""peak_in_flight"":1,""scratch_live_upper_bound"":37765120}","{""torch_peak_allocated"":140716032,""torch_reserved"":2183135232}"
sym-223-candidate-r2,llm_prefill,inductor_prefetch,50479104,217,[1.243867],[0.497877],"{""held"":0,""peak_output_bytes"":100663296,""peak_in_flight"":2,""scratch_live_upper_bound"":37765120}","{""torch_peak_allocated"":147068928,""torch_reserved"":2183135232}"
sym-223-candidate-r2,llm_prefill,sym_blocking,50479104,217,[],[],"{""held"":0,""peak_output_bytes"":100663296,""output_bytes_is_upper_bound"":true,""resources"":{""requests"":296,""hits"":295,""context_creations"":1,""device_allocations"":8,""host_allocations"":4,""frees"":0,""copy_calls"":2368,""event_records"":296,""event_waits"":296,""caller_waits"":296,""peak_live_bytes"":14491648,""retained_bytes"":14491648,""device_bytes"":14454784,""host_bytes"":36864,""background_workers"":0,""streams"":1,""closed"":false,""quarantined"":false,""process_valid"":true}}","{""torch_peak_allocated"":137435136,""torch_reserved"":2183135232}"
sym-223-candidate-r2,llm_prefill,sym_serial,50479104,217,[],[],"{""submitted"":148,""held"":0,""output_bytes"":0,""peak_output_bytes"":50331648,""peak_in_flight"":1,""closed"":false,""resources"":{""requests"":148,""hits"":147,""context_creations"":1,""device_allocations"":8,""host_allocations"":4,""frees"":0,""copy_calls"":1184,""event_records"":148,""event_waits"":148,""caller_waits"":148,""peak_live_bytes"":14491648,""retained_bytes"":14491648,""device_bytes"":14454784,""host_bytes"":36864,""background_workers"":0,""streams"":1,""closed"":false,""quarantined"":false,""process_valid"":true},""totals"":{""groups"":148,""logical_transfers"":592,""source_bytes"":1862270976,""wire_bytes"":1862270976,""destination_bytes"":7449083904,""payload_bytes_transferred"":1867726848,""dispatches"":{""cuda_dequant_relocate"":592}}}","{""torch_peak_allocated"":136517632,""torch_reserved"":2183135232}"
sym-223-candidate-r2,llm_prefill,sym_prefetch,50479104,217,[2.099776],[1.230231],"{""submitted"":152,""held"":0,""output_bytes"":0,""peak_output_bytes"":100663296,""peak_in_flight"":2,""closed"":false,""resources"":{""requests"":152,""hits"":151,""context_creations"":1,""device_allocations"":8,""host_allocations"":4,""frees"":0,""copy_calls"":1216,""event_records"":152,""event_waits"":152,""caller_waits"":152,""peak_live_bytes"":14491648,""retained_bytes"":14491648,""device_bytes"":14454784,""host_bytes"":36864,""background_workers"":0,""streams"":1,""closed"":false,""quarantined"":false,""process_valid"":true},""totals"":{""groups"":152,""logical_transfers"":608,""source_bytes"":1912602624,""wire_bytes"":1912602624,""destination_bytes"":7650410496,""payload_bytes_transferred"":1918205952,""dispatches"":{""cuda_dequant_relocate"":608}}}","{""torch_peak_allocated"":147068928,""torch_reserved"":2183135232}"
sym-223-candidate-r2,llm_decode,torch_serial,50479104,217,[],[],"{""held"":0,""peak_output_bytes"":50331648,""peak_in_flight"":1,""scratch_live_upper_bound"":37765120}","{""torch_peak_allocated"":139233792,""torch_reserved"":2971664384}"
sym-223-candidate-r2,llm_decode,torch_prefetch,50479104,217,"[1.725033,1.714724,1.725494,1.733759]","[0.753664,0.716824,0.629618,0.694331]","{""held"":0,""peak_output_bytes"":100663296,""peak_in_flight"":2,""scratch_live_upper_bound"":37765120}","{""torch_peak_allocated"":139233792,""torch_reserved"":2971664384}"
sym-223-candidate-r2,llm_decode,inductor_serial,50479104,217,[],[],"{""held"":0,""peak_output_bytes"":50331648,""peak_in_flight"":1,""scratch_live_upper_bound"":37765120}","{""torch_peak_allocated"":122456576,""torch_reserved"":2971664384}"
sym-223-candidate-r2,llm_decode,inductor_prefetch,50479104,217,"[1.228388,1.226625,1.227086,1.236753]","[0.035147,0.026791,0.026991,0.02661]","{""held"":0,""peak_output_bytes"":100663296,""peak_in_flight"":2,""scratch_live_upper_bound"":37765120}","{""torch_peak_allocated"":122456576,""torch_reserved"":2971664384}"
sym-223-candidate-r2,llm_decode,sym_blocking,50479104,217,[],[],"{""held"":0,""peak_output_bytes"":100663296,""output_bytes_is_upper_bound"":true,""resources"":{""requests"":888,""hits"":887,""context_creations"":1,""device_allocations"":8,""host_allocations"":4,""frees"":0,""copy_calls"":7104,""event_records"":888,""event_waits"":888,""caller_waits"":888,""peak_live_bytes"":14491648,""retained_bytes"":14491648,""device_bytes"":14454784,""host_bytes"":36864,""background_workers"":0,""streams"":1,""closed"":false,""quarantined"":false,""process_valid"":true}}","{""torch_peak_allocated"":118258176,""torch_reserved"":2971664384}"
sym-223-candidate-r2,llm_decode,sym_serial,50479104,217,[],[],"{""submitted"":592,""held"":0,""output_bytes"":0,""peak_output_bytes"":50331648,""peak_in_flight"":1,""closed"":false,""resources"":{""requests"":592,""hits"":591,""context_creations"":1,""device_allocations"":8,""host_allocations"":4,""frees"":0,""copy_calls"":4736,""event_records"":592,""event_waits"":592,""caller_waits"":592,""peak_live_bytes"":14491648,""retained_bytes"":14491648,""device_bytes"":14454784,""host_bytes"":36864,""background_workers"":0,""streams"":1,""closed"":false,""quarantined"":false,""process_valid"":true},""totals"":{""groups"":592,""logical_transfers"":2368,""source_bytes"":7449083904,""wire_bytes"":7449083904,""destination_bytes"":29796335616,""payload_bytes_transferred"":7470907392,""dispatches"":{""cuda_dequant_relocate"":2368}}}","{""torch_peak_allocated"":118258176,""torch_reserved"":2971664384}"
sym-223-candidate-r2,llm_decode,sym_prefetch,50479104,217,"[2.099385,2.093344,2.141766,2.446827]","[0.677168,0.64617,0.360566,0.618096]","{""submitted"":608,""held"":0,""output_bytes"":0,""peak_output_bytes"":100663296,""peak_in_flight"":2,""closed"":false,""resources"":{""requests"":608,""hits"":607,""context_creations"":1,""device_allocations"":8,""host_allocations"":4,""frees"":0,""copy_calls"":4864,""event_records"":608,""event_waits"":608,""caller_waits"":608,""peak_live_bytes"":14491648,""retained_bytes"":14491648,""device_bytes"":14454784,""host_bytes"":36864,""background_workers"":0,""streams"":1,""closed"":false,""quarantined"":false,""process_valid"":true},""totals"":{""groups"":608,""logical_transfers"":2432,""source_bytes"":7650410496,""wire_bytes"":7650410496,""destination_bytes"":30601641984,""payload_bytes_transferred"":7672823808,""dispatches"":{""cuda_dequant_relocate"":2432}}}","{""torch_peak_allocated"":118381056,""torch_reserved"":2971664384}"
sym-223-candidate-r2,moe_large,torch_serial,67305472,217,[],[],"{""held"":0,""peak_output_bytes"":16777216,""peak_in_flight"":1,""scratch_live_upper_bound"":18882560}","{""torch_peak_allocated"":158365184,""torch_reserved"":3420454912}"
sym-223-candidate-r2,moe_large,torch_prefetch,67305472,217,"[0.633035,0.612495]","[1.234319,1.358645]","{""held"":0,""peak_output_bytes"":33554432,""peak_in_flight"":2,""scratch_live_upper_bound"":18882560}","{""torch_peak_allocated"":158365184,""torch_reserved"":3420454912}"
sym-223-candidate-r2,moe_large,inductor_serial,67305472,217,[],[],"{""held"":0,""peak_output_bytes"":16777216,""peak_in_flight"":1,""scratch_live_upper_bound"":18882560}","{""torch_peak_allocated"":150193664,""torch_reserved"":3420454912}"
sym-223-candidate-r2,moe_large,inductor_prefetch,67305472,217,"[0.461068,0.449846]","[1.086117,1.144949]","{""held"":0,""peak_output_bytes"":33554432,""peak_in_flight"":2,""scratch_live_upper_bound"":18882560}","{""torch_peak_allocated"":150193664,""torch_reserved"":3420454912}"
sym-223-candidate-r2,moe_large,sym_blocking,67305472,217,[],[],"{""held"":0,""peak_output_bytes"":33554432,""output_bytes_is_upper_bound"":true,""resources"":{""requests"":1480,""hits"":1479,""context_creations"":1,""device_allocations"":8,""host_allocations"":4,""frees"":0,""copy_calls"":9472,""event_records"":1480,""event_waits"":1480,""caller_waits"":1480,""peak_live_bytes"":14491648,""retained_bytes"":14491648,""device_bytes"":14454784,""host_bytes"":36864,""background_workers"":0,""streams"":1,""closed"":false,""quarantined"":false,""process_valid"":true}}","{""torch_peak_allocated"":150193664,""torch_reserved"":3420454912}"
sym-223-candidate-r2,moe_large,sym_serial,67305472,217,[],[],"{""submitted"":592,""held"":0,""output_bytes"":0,""peak_output_bytes"":16777216,""peak_in_flight"":1,""closed"":false,""resources"":{""requests"":592,""hits"":591,""context_creations"":1,""device_allocations"":4,""host_allocations"":2,""frees"":0,""copy_calls"":2368,""event_records"":592,""event_waits"":592,""caller_waits"":592,""peak_live_bytes"":4743168,""retained_bytes"":4743168,""device_bytes"":4730880,""host_bytes"":12288,""background_workers"":0,""streams"":1,""closed"":false,""quarantined"":false,""process_valid"":true},""totals"":{""groups"":592,""logical_transfers"":1184,""source_bytes"":2483027968,""wire_bytes"":2483027968,""destination_bytes"":9932111872,""payload_bytes_transferred"":2490302464,""dispatches"":{""cuda_dequant_relocate"":1184}}}","{""torch_peak_allocated"":150193664,""torch_reserved"":3420454912}"
sym-223-candidate-r2,moe_large,sym_prefetch,67305472,217,"[0.955438,0.932996]","[1.265789,1.352193]","{""submitted"":608,""held"":0,""output_bytes"":0,""peak_output_bytes"":33554432,""peak_in_flight"":2,""closed"":false,""resources"":{""requests"":608,""hits"":607,""context_creations"":1,""device_allocations"":4,""host_allocations"":2,""frees"":0,""copy_calls"":2432,""event_records"":608,""event_waits"":608,""caller_waits"":608,""peak_live_bytes"":4743168,""retained_bytes"":4743168,""device_bytes"":4730880,""host_bytes"":12288,""background_workers"":0,""streams"":1,""closed"":false,""quarantined"":false,""process_valid"":true},""totals"":{""groups"":608,""logical_transfers"":1216,""source_bytes"":2550136832,""wire_bytes"":2550136832,""destination_bytes"":10200547328,""payload_bytes_transferred"":2557607936,""dispatches"":{""cuda_dequant_relocate"":1216}}}","{""torch_peak_allocated"":150193664,""torch_reserved"":3420454912}"
sym-223-candidate-r2,moe_dense,torch_serial,67305472,217,[],[],"{""held"":0,""peak_output_bytes"":16777216,""peak_in_flight"":1,""scratch_live_upper_bound"":18882560}","{""torch_peak_allocated"":80537600,""torch_reserved"":3848273920}"
sym-223-candidate-r2,moe_dense,torch_prefetch,67305472,217,"[0.618918,0.615922]","[0.245437,0.286244]","{""held"":0,""peak_output_bytes"":33554432,""peak_in_flight"":2,""scratch_live_upper_bound"":18882560}","{""torch_peak_allocated"":80537600,""torch_reserved"":3848273920}"
sym-223-candidate-r2,moe_dense,inductor_serial,67305472,217,[],[],"{""held"":0,""peak_output_bytes"":16777216,""peak_in_flight"":1,""scratch_live_upper_bound"":18882560}","{""torch_peak_allocated"":72148992,""torch_reserved"":3848273920}"
sym-223-candidate-r2,moe_dense,inductor_prefetch,67305472,217,"[0.466698,0.453463]","[0.034075,0.047781]","{""held"":0,""peak_output_bytes"":33554432,""peak_in_flight"":2,""scratch_live_upper_bound"":18882560}","{""torch_peak_allocated"":72148992,""torch_reserved"":3848273920}"
sym-223-candidate-r2,moe_dense,sym_blocking,67305472,217,[],[],"{""held"":0,""peak_output_bytes"":33554432,""output_bytes_is_upper_bound"":true,""resources"":{""requests"":2072,""hits"":2071,""context_creations"":1,""device_allocations"":8,""host_allocations"":4,""frees"":0,""copy_calls"":11840,""event_records"":2072,""event_waits"":2072,""caller_waits"":2072,""peak_live_bytes"":14491648,""retained_bytes"":14491648,""device_bytes"":14454784,""host_bytes"":36864,""background_workers"":0,""streams"":1,""closed"":false,""quarantined"":false,""process_valid"":true}}","{""torch_peak_allocated"":70047744,""torch_reserved"":3848273920}"
sym-223-candidate-r2,moe_dense,sym_serial,67305472,217,[],[],"{""submitted"":592,""held"":0,""output_bytes"":0,""peak_output_bytes"":16777216,""peak_in_flight"":1,""closed"":false,""resources"":{""requests"":592,""hits"":591,""context_creations"":1,""device_allocations"":4,""host_allocations"":2,""frees"":0,""copy_calls"":2368,""event_records"":592,""event_waits"":592,""caller_waits"":592,""peak_live_bytes"":4743168,""retained_bytes"":4743168,""device_bytes"":4730880,""host_bytes"":12288,""background_workers"":0,""streams"":1,""closed"":false,""quarantined"":false,""process_valid"":true},""totals"":{""groups"":592,""logical_transfers"":1184,""source_bytes"":2483027968,""wire_bytes"":2483027968,""destination_bytes"":9932111872,""payload_bytes_transferred"":2490302464,""dispatches"":{""cuda_dequant_relocate"":1184}}}","{""torch_peak_allocated"":70047744,""torch_reserved"":3848273920}"
sym-223-candidate-r2,moe_dense,sym_prefetch,67305472,217,"[0.942053,0.928808]","[0.268561,0.317455]","{""submitted"":608,""held"":0,""output_bytes"":0,""peak_output_bytes"":33554432,""peak_in_flight"":2,""closed"":false,""resources"":{""requests"":608,""hits"":607,""context_creations"":1,""device_allocations"":4,""host_allocations"":2,""frees"":0,""copy_calls"":2432,""event_records"":608,""event_waits"":608,""caller_waits"":608,""peak_live_bytes"":4743168,""retained_bytes"":4743168,""device_bytes"":4730880,""host_bytes"":12288,""background_workers"":0,""streams"":1,""closed"":false,""quarantined"":false,""process_valid"":true},""totals"":{""groups"":608,""logical_transfers"":1216,""source_bytes"":2550136832,""wire_bytes"":2550136832,""destination_bytes"":10200547328,""payload_bytes_transferred"":2557607936,""dispatches"":{""cuda_dequant_relocate"":1216}}}","{""torch_peak_allocated"":70047744,""torch_reserved"":3848273920}"
sym-223-candidate-r2,moe_sparse,torch_serial,67305472,217,[],[],"{""held"":0,""peak_output_bytes"":16777216,""peak_in_flight"":1,""scratch_live_upper_bound"":18882560}","{""torch_peak_allocated"":52657152,""torch_reserved"":3978297344}"
sym-223-candidate-r2,moe_sparse,torch_prefetch,67305472,217,"[0.62013,0.613688]","[0.19483,0.182357]","{""held"":0,""peak_output_bytes"":33554432,""peak_in_flight"":2,""scratch_live_upper_bound"":18882560}","{""torch_peak_allocated"":52657152,""torch_reserved"":3978297344}"
sym-223-candidate-r2,moe_sparse,inductor_serial,67305472,217,[],[],"{""held"":0,""peak_output_bytes"":16777216,""peak_in_flight"":1,""scratch_live_upper_bound"":18882560}","{""torch_peak_allocated"":44268544,""torch_reserved"":3978297344}"
sym-223-candidate-r2,moe_sparse,inductor_prefetch,67305472,217,"[0.459224,0.448954]","[0.033804,0.032783]","{""held"":0,""peak_output_bytes"":33554432,""peak_in_flight"":2,""scratch_live_upper_bound"":18882560}","{""torch_peak_allocated"":44268544,""torch_reserved"":3978297344}"
sym-223-candidate-r2,moe_sparse,sym_blocking,67305472,217,[],[],"{""held"":0,""peak_output_bytes"":33554432,""output_bytes_is_upper_bound"":true,""resources"":{""requests"":2220,""hits"":2219,""context_creations"":1,""device_allocations"":8,""host_allocations"":4,""frees"":0,""copy_calls"":12432,""event_records"":2220,""event_waits"":2220,""caller_waits"":2220,""peak_live_bytes"":14491648,""retained_bytes"":14491648,""device_bytes"":14454784,""host_bytes"":36864,""background_workers"":0,""streams"":1,""closed"":false,""quarantined"":false,""process_valid"":true}}","{""torch_peak_allocated"":42183168,""torch_reserved"":3978297344}"
sym-223-candidate-r2,moe_sparse,sym_serial,67305472,217,[],[],"{""submitted"":148,""held"":0,""output_bytes"":0,""peak_output_bytes"":16777216,""peak_in_flight"":1,""closed"":false,""resources"":{""requests"":148,""hits"":147,""context_creations"":1,""device_allocations"":4,""host_allocations"":2,""frees"":0,""copy_calls"":592,""event_records"":148,""event_waits"":148,""caller_waits"":148,""peak_live_bytes"":4743168,""retained_bytes"":4743168,""device_bytes"":4730880,""host_bytes"":12288,""background_workers"":0,""streams"":1,""closed"":false,""quarantined"":false,""process_valid"":true},""totals"":{""groups"":148,""logical_transfers"":296,""source_bytes"":620756992,""wire_bytes"":620756992,""destination_bytes"":2483027968,""payload_bytes_transferred"":622575616,""dispatches"":{""cuda_dequant_relocate"":296}}}","{""torch_peak_allocated"":42183168,""torch_reserved"":3978297344}"
sym-223-candidate-r2,moe_sparse,sym_prefetch,67305472,217,"[0.932405,0.918488]","[0.195041,0.213256]","{""submitted"":152,""held"":0,""output_bytes"":0,""peak_output_bytes"":33554432,""peak_in_flight"":2,""closed"":false,""resources"":{""requests"":152,""hits"":151,""context_creations"":1,""device_allocations"":4,""host_allocations"":2,""frees"":0,""copy_calls"":608,""event_records"":152,""event_waits"":152,""caller_waits"":152,""peak_live_bytes"":4743168,""retained_bytes"":4743168,""device_bytes"":4730880,""host_bytes"":12288,""background_workers"":0,""streams"":1,""closed"":false,""quarantined"":false,""process_valid"":true},""totals"":{""groups"":152,""logical_transfers"":304,""source_bytes"":637534208,""wire_bytes"":637534208,""destination_bytes"":2550136832,""payload_bytes_transferred"":639401984,""dispatches"":{""cuda_dequant_relocate"":304}}}","{""torch_peak_allocated"":42183168,""torch_reserved"":3978297344}"
sym-223-candidate-r2,llm_one_layer,torch_serial,12619776,217,[],[],"{""held"":0,""peak_output_bytes"":50331648,""peak_in_flight"":1,""scratch_live_upper_bound"":37765120}","{""torch_peak_allocated"":88236544,""torch_reserved"":3982491648}"
sym-223-candidate-r2,llm_one_layer,torch_prefetch,12619776,217,[1.714853],[0.011942],"{""held"":0,""peak_output_bytes"":50331648,""peak_in_flight"":1,""scratch_live_upper_bound"":37765120}","{""torch_peak_allocated"":88236544,""torch_reserved"":3982491648}"
sym-223-candidate-r2,llm_one_layer,inductor_serial,12619776,217,[],[],"{""held"":0,""peak_output_bytes"":50331648,""peak_in_flight"":1,""scratch_live_upper_bound"":37765120}","{""torch_peak_allocated"":71459328,""torch_reserved"":3982491648}"
sym-223-candidate-r2,llm_one_layer,inductor_prefetch,12619776,217,[1.227245],[0.012484],"{""held"":0,""peak_output_bytes"":50331648,""peak_in_flight"":1,""scratch_live_upper_bound"":37765120}","{""torch_peak_allocated"":71459328,""torch_reserved"":3982491648}"
sym-223-candidate-r2,llm_one_layer,sym_blocking,12619776,217,[],[],"{""held"":0,""peak_output_bytes"":100663296,""output_bytes_is_upper_bound"":true,""resources"":{""requests"":2257,""hits"":2256,""context_creations"":1,""device_allocations"":8,""host_allocations"":4,""frees"":0,""copy_calls"":12728,""event_records"":2257,""event_waits"":2257,""caller_waits"":2257,""peak_live_bytes"":14491648,""retained_bytes"":14491648,""device_bytes"":14454784,""host_bytes"":36864,""background_workers"":0,""streams"":1,""closed"":false,""quarantined"":false,""process_valid"":true}}","{""torch_peak_allocated"":67311104,""torch_reserved"":3982491648}"
sym-223-candidate-r2,llm_one_layer,sym_serial,12619776,217,[],[],"{""submitted"":37,""held"":0,""output_bytes"":0,""peak_output_bytes"":50331648,""peak_in_flight"":1,""closed"":false,""resources"":{""requests"":37,""hits"":36,""context_creations"":1,""device_allocations"":8,""host_allocations"":4,""frees"":0,""copy_calls"":296,""event_records"":37,""event_waits"":37,""caller_waits"":37,""peak_live_bytes"":14491648,""retained_bytes"":14491648,""device_bytes"":14454784,""host_bytes"":36864,""background_workers"":0,""streams"":1,""closed"":false,""quarantined"":false,""process_valid"":true},""totals"":{""groups"":37,""logical_transfers"":148,""source_bytes"":465567744,""wire_bytes"":465567744,""destination_bytes"":1862270976,""payload_bytes_transferred"":466931712,""dispatches"":{""cuda_dequant_relocate"":148}}}","{""torch_peak_allocated"":67311104,""torch_reserved"":3982491648}"
sym-223-candidate-r2,llm_one_layer,sym_prefetch,12619776,217,[2.104595],[0.075363],"{""submitted"":38,""held"":0,""output_bytes"":0,""peak_output_bytes"":50331648,""peak_in_flight"":1,""closed"":false,""resources"":{""requests"":38,""hits"":37,""context_creations"":1,""device_allocations"":8,""host_allocations"":4,""frees"":0,""copy_calls"":304,""event_records"":38,""event_waits"":38,""caller_waits"":38,""peak_live_bytes"":14491648,""retained_bytes"":14491648,""device_bytes"":14454784,""host_bytes"":36864,""background_workers"":0,""streams"":1,""closed"":false,""quarantined"":false,""process_valid"":true},""totals"":{""groups"":38,""logical_transfers"":152,""source_bytes"":478150656,""wire_bytes"":478150656,""destination_bytes"":1912602624,""payload_bytes_transferred"":479551488,""dispatches"":{""cuda_dequant_relocate"":152}}}","{""torch_peak_allocated"":67311104,""torch_reserved"":3982491648}"
sym-223-candidate-r3,llm_long_prefill,inductor_serial,50479104,217,[],[],"{""held"":0,""peak_output_bytes"":50331648,""peak_in_flight"":1,""scratch_live_upper_bound"":37765120}","{""torch_peak_allocated"":337784832,""torch_reserved"":1300234240}"
sym-223-candidate-r3,llm_long_prefill,inductor_prefetch,50479104,217,[1.227336],[6.253741],"{""held"":0,""peak_output_bytes"":100663296,""peak_in_flight"":2,""scratch_live_upper_bound"":37765120}","{""torch_peak_allocated"":388116480,""torch_reserved"":1300234240}"
sym-223-candidate-r3,llm_long_prefill,sym_blocking,50479104,217,[],[],"{""held"":0,""peak_output_bytes"":100663296,""output_bytes_is_upper_bound"":true,""resources"":{""requests"":148,""hits"":147,""context_creations"":1,""device_allocations"":8,""host_allocations"":4,""frees"":0,""copy_calls"":1184,""event_records"":148,""event_waits"":148,""caller_waits"":148,""peak_live_bytes"":14491648,""retained_bytes"":14491648,""device_bytes"":14454784,""host_bytes"":36864,""background_workers"":0,""streams"":1,""closed"":false,""quarantined"":false,""process_valid"":true}}","{""torch_peak_allocated"":337784832,""torch_reserved"":1300234240}"
sym-223-candidate-r3,llm_long_prefill,sym_serial,50479104,217,[],[],"{""submitted"":148,""held"":0,""output_bytes"":0,""peak_output_bytes"":50331648,""peak_in_flight"":1,""closed"":false,""resources"":{""requests"":148,""hits"":147,""context_creations"":1,""device_allocations"":8,""host_allocations"":4,""frees"":0,""copy_calls"":1184,""event_records"":148,""event_waits"":148,""caller_waits"":148,""peak_live_bytes"":14491648,""retained_bytes"":14491648,""device_bytes"":14454784,""host_bytes"":36864,""background_workers"":0,""streams"":1,""closed"":false,""quarantined"":false,""process_valid"":true},""totals"":{""groups"":148,""logical_transfers"":592,""source_bytes"":1862270976,""wire_bytes"":1862270976,""destination_bytes"":7449083904,""payload_bytes_transferred"":1867726848,""dispatches"":{""cuda_dequant_relocate"":592}}}","{""torch_peak_allocated"":337784832,""torch_reserved"":1300234240}"
sym-223-candidate-r3,llm_long_prefill,sym_prefetch,50479104,217,[2.113182],[6.560225],"{""submitted"":152,""held"":0,""output_bytes"":0,""peak_output_bytes"":100663296,""peak_in_flight"":2,""closed"":false,""resources"":{""requests"":152,""hits"":151,""context_creations"":1,""device_allocations"":8,""host_allocations"":4,""frees"":0,""copy_calls"":1216,""event_records"":152,""event_waits"":152,""caller_waits"":152,""peak_live_bytes"":14491648,""retained_bytes"":14491648,""device_bytes"":14454784,""host_bytes"":36864,""background_workers"":0,""streams"":1,""closed"":false,""quarantined"":false,""process_valid"":true},""totals"":{""groups"":152,""logical_transfers"":608,""source_bytes"":1912602624,""wire_bytes"":1912602624,""destination_bytes"":7650410496,""payload_bytes_transferred"":1918205952,""dispatches"":{""cuda_dequant_relocate"":608}}}","{""torch_peak_allocated"":388116480,""torch_reserved"":1300234240}"
sym-223-candidate-r3,llm_long_prefill,torch_serial,50479104,217,[],[],"{""held"":0,""peak_output_bytes"":50331648,""peak_in_flight"":1,""scratch_live_upper_bound"":37765120}","{""torch_peak_allocated"":337784832,""torch_reserved"":1300234240}"
sym-223-candidate-r3,llm_long_prefill,torch_prefetch,50479104,217,[1.73406],[7.030279],"{""held"":0,""peak_output_bytes"":100663296,""peak_in_flight"":2,""scratch_live_upper_bound"":37765120}","{""torch_peak_allocated"":388116480,""torch_reserved"":1300234240}"
sym-223-candidate-r3,llm_prefill,inductor_serial,50479104,217,[],[],"{""held"":0,""peak_output_bytes"":50331648,""peak_in_flight"":1,""scratch_live_upper_bound"":37765120}","{""torch_peak_allocated"":141629440,""torch_reserved"":2183135232}"
sym-223-candidate-r3,llm_prefill,inductor_prefetch,50479104,217,[1.24496],[0.509169],"{""held"":0,""peak_output_bytes"":100663296,""peak_in_flight"":2,""scratch_live_upper_bound"":37765120}","{""torch_peak_allocated"":147982336,""torch_reserved"":2183135232}"
sym-223-candidate-r3,llm_prefill,sym_blocking,50479104,217,[],[],"{""held"":0,""peak_output_bytes"":100663296,""output_bytes_is_upper_bound"":true,""resources"":{""requests"":296,""hits"":295,""context_creations"":1,""device_allocations"":8,""host_allocations"":4,""frees"":0,""copy_calls"":2368,""event_records"":296,""event_waits"":296,""caller_waits"":296,""peak_live_bytes"":14491648,""retained_bytes"":14491648,""device_bytes"":14454784,""host_bytes"":36864,""background_workers"":0,""streams"":1,""closed"":false,""quarantined"":false,""process_valid"":true}}","{""torch_peak_allocated"":138479616,""torch_reserved"":2183135232}"
sym-223-candidate-r3,llm_prefill,sym_serial,50479104,217,[],[],"{""submitted"":148,""held"":0,""output_bytes"":0,""peak_output_bytes"":50331648,""peak_in_flight"":1,""closed"":false,""resources"":{""requests"":148,""hits"":147,""context_creations"":1,""device_allocations"":8,""host_allocations"":4,""frees"":0,""copy_calls"":1184,""event_records"":148,""event_waits"":148,""caller_waits"":148,""peak_live_bytes"":14491648,""retained_bytes"":14491648,""device_bytes"":14454784,""host_bytes"":36864,""background_workers"":0,""streams"":1,""closed"":false,""quarantined"":false,""process_valid"":true},""totals"":{""groups"":148,""logical_transfers"":592,""source_bytes"":1862270976,""wire_bytes"":1862270976,""destination_bytes"":7449083904,""payload_bytes_transferred"":1867726848,""dispatches"":{""cuda_dequant_relocate"":592}}}","{""torch_peak_allocated"":137431040,""torch_reserved"":2183135232}"
sym-223-candidate-r3,llm_prefill,sym_prefetch,50479104,217,[2.092903],[1.221224],"{""submitted"":152,""held"":0,""output_bytes"":0,""peak_output_bytes"":100663296,""peak_in_flight"":2,""closed"":false,""resources"":{""requests"":152,""hits"":151,""context_creations"":1,""device_allocations"":8,""host_allocations"":4,""frees"":0,""copy_calls"":1216,""event_records"":152,""event_waits"":152,""caller_waits"":152,""peak_live_bytes"":14491648,""retained_bytes"":14491648,""device_bytes"":14454784,""host_bytes"":36864,""background_workers"":0,""streams"":1,""closed"":false,""quarantined"":false,""process_valid"":true},""totals"":{""groups"":152,""logical_transfers"":608,""source_bytes"":1912602624,""wire_bytes"":1912602624,""destination_bytes"":7650410496,""payload_bytes_transferred"":1918205952,""dispatches"":{""cuda_dequant_relocate"":608}}}","{""torch_peak_allocated"":147982336,""torch_reserved"":2183135232}"
sym-223-candidate-r3,llm_prefill,torch_serial,50479104,217,[],[],"{""held"":0,""peak_output_bytes"":50331648,""peak_in_flight"":1,""scratch_live_upper_bound"":37765120}","{""torch_peak_allocated"":158406656,""torch_reserved"":2183135232}"
sym-223-candidate-r3,llm_prefill,torch_prefetch,50479104,217,[1.710305],[1.335201],"{""held"":0,""peak_output_bytes"":100663296,""peak_in_flight"":2,""scratch_live_upper_bound"":37765120}","{""torch_peak_allocated"":158406656,""torch_reserved"":2183135232}"
sym-223-candidate-r3,llm_decode,inductor_serial,50479104,217,[],[],"{""held"":0,""peak_output_bytes"":50331648,""peak_in_flight"":1,""scratch_live_upper_bound"":37765120}","{""torch_peak_allocated"":122456576,""torch_reserved"":2975858688}"
sym-223-candidate-r3,llm_decode,inductor_prefetch,50479104,217,"[1.244178,1.220814,1.219501,1.220482]","[0.03701,0.02642,0.026941,0.0264]","{""held"":0,""peak_output_bytes"":100663296,""peak_in_flight"":2,""scratch_live_upper_bound"":37765120}","{""torch_peak_allocated"":122456576,""torch_reserved"":2975858688}"
sym-223-candidate-r3,llm_decode,sym_blocking,50479104,217,[],[],"{""held"":0,""peak_output_bytes"":100663296,""output_bytes_is_upper_bound"":true,""resources"":{""requests"":888,""hits"":887,""context_creations"":1,""device_allocations"":8,""host_allocations"":4,""frees"":0,""copy_calls"":7104,""event_records"":888,""event_waits"":888,""caller_waits"":888,""peak_live_bytes"":14491648,""retained_bytes"":14491648,""device_bytes"":14454784,""host_bytes"":36864,""background_workers"":0,""streams"":1,""closed"":false,""quarantined"":false,""process_valid"":true}}","{""torch_peak_allocated"":118258176,""torch_reserved"":2975858688}"
sym-223-candidate-r3,llm_decode,sym_serial,50479104,217,[],[],"{""submitted"":592,""held"":0,""output_bytes"":0,""peak_output_bytes"":50331648,""peak_in_flight"":1,""closed"":false,""resources"":{""requests"":592,""hits"":591,""context_creations"":1,""device_allocations"":8,""host_allocations"":4,""frees"":0,""copy_calls"":4736,""event_records"":592,""event_waits"":592,""caller_waits"":592,""peak_live_bytes"":14491648,""retained_bytes"":14491648,""device_bytes"":14454784,""host_bytes"":36864,""background_workers"":0,""streams"":1,""closed"":false,""quarantined"":false,""process_valid"":true},""totals"":{""groups"":592,""logical_transfers"":2368,""source_bytes"":7449083904,""wire_bytes"":7449083904,""destination_bytes"":29796335616,""payload_bytes_transferred"":7470907392,""dispatches"":{""cuda_dequant_relocate"":2368}}}","{""torch_peak_allocated"":118258176,""torch_reserved"":2975858688}"
sym-223-candidate-r3,llm_decode,sym_prefetch,50479104,217,"[2.129232,2.10179,2.106298,2.113012]","[0.66231,0.631511,0.631923,0.637964]","{""submitted"":608,""held"":0,""output_bytes"":0,""peak_output_bytes"":100663296,""peak_in_flight"":2,""closed"":false,""resources"":{""requests"":608,""hits"":607,""context_creations"":1,""device_allocations"":8,""host_allocations"":4,""frees"":0,""copy_calls"":4864,""event_records"":608,""event_waits"":608,""caller_waits"":608,""peak_live_bytes"":14491648,""retained_bytes"":14491648,""device_bytes"":14454784,""host_bytes"":36864,""background_workers"":0,""streams"":1,""closed"":false,""quarantined"":false,""process_valid"":true},""totals"":{""groups"":608,""logical_transfers"":2432,""source_bytes"":7650410496,""wire_bytes"":7650410496,""destination_bytes"":30601641984,""payload_bytes_transferred"":7672823808,""dispatches"":{""cuda_dequant_relocate"":2432}}}","{""torch_peak_allocated"":118381056,""torch_reserved"":2975858688}"
sym-223-candidate-r3,llm_decode,torch_serial,50479104,217,[],[],"{""held"":0,""peak_output_bytes"":50331648,""peak_in_flight"":1,""scratch_live_upper_bound"":37765120}","{""torch_peak_allocated"":139233792,""torch_reserved"":2975858688}"
sym-223-candidate-r3,llm_decode,torch_prefetch,50479104,217,"[1.725283,1.715555,1.71825,1.70763]","[0.758112,0.713208,0.720992,0.722215]","{""held"":0,""peak_output_bytes"":100663296,""peak_in_flight"":2,""scratch_live_upper_bound"":37765120}","{""torch_peak_allocated"":139233792,""torch_reserved"":2975858688}"
sym-223-candidate-r3,moe_large,inductor_serial,67305472,217,[],[],"{""held"":0,""peak_output_bytes"":16777216,""peak_in_flight"":1,""scratch_live_upper_bound"":18882560}","{""torch_peak_allocated"":150193664,""torch_reserved"":3424649216}"
sym-223-candidate-r3,moe_large,inductor_prefetch,67305472,217,"[0.461218,0.4568]","[0.992539,1.123699]","{""held"":0,""peak_output_bytes"":33554432,""peak_in_flight"":2,""scratch_live_upper_bound"":18882560}","{""torch_peak_allocated"":150193664,""torch_reserved"":3424649216}"
sym-223-candidate-r3,moe_large,sym_blocking,67305472,217,[],[],"{""held"":0,""peak_output_bytes"":33554432,""output_bytes_is_upper_bound"":true,""resources"":{""requests"":1480,""hits"":1479,""context_creations"":1,""device_allocations"":8,""host_allocations"":4,""frees"":0,""copy_calls"":9472,""event_records"":1480,""event_waits"":1480,""caller_waits"":1480,""peak_live_bytes"":14491648,""retained_bytes"":14491648,""device_bytes"":14454784,""host_bytes"":36864,""background_workers"":0,""streams"":1,""closed"":false,""quarantined"":false,""process_valid"":true}}","{""torch_peak_allocated"":150193664,""torch_reserved"":3424649216}"
sym-223-candidate-r3,moe_large,sym_serial,67305472,217,[],[],"{""submitted"":592,""held"":0,""output_bytes"":0,""peak_output_bytes"":16777216,""peak_in_flight"":1,""closed"":false,""resources"":{""requests"":592,""hits"":591,""context_creations"":1,""device_allocations"":4,""host_allocations"":2,""frees"":0,""copy_calls"":2368,""event_records"":592,""event_waits"":592,""caller_waits"":592,""peak_live_bytes"":4743168,""retained_bytes"":4743168,""device_bytes"":4730880,""host_bytes"":12288,""background_workers"":0,""streams"":1,""closed"":false,""quarantined"":false,""process_valid"":true},""totals"":{""groups"":592,""logical_transfers"":1184,""source_bytes"":2483027968,""wire_bytes"":2483027968,""destination_bytes"":9932111872,""payload_bytes_transferred"":2490302464,""dispatches"":{""cuda_dequant_relocate"":1184}}}","{""torch_peak_allocated"":150193664,""torch_reserved"":3424649216}"
sym-223-candidate-r3,moe_large,sym_prefetch,67305472,217,"[0.941282,0.930561]","[1.262933,1.342856]","{""submitted"":608,""held"":0,""output_bytes"":0,""peak_output_bytes"":33554432,""peak_in_flight"":2,""closed"":false,""resources"":{""requests"":608,""hits"":607,""context_creations"":1,""device_allocations"":4,""host_allocations"":2,""frees"":0,""copy_calls"":2432,""event_records"":608,""event_waits"":608,""caller_waits"":608,""peak_live_bytes"":4743168,""retained_bytes"":4743168,""device_bytes"":4730880,""host_bytes"":12288,""background_workers"":0,""streams"":1,""closed"":false,""quarantined"":false,""process_valid"":true},""totals"":{""groups"":608,""logical_transfers"":1216,""source_bytes"":2550136832,""wire_bytes"":2550136832,""destination_bytes"":10200547328,""payload_bytes_transferred"":2557607936,""dispatches"":{""cuda_dequant_relocate"":1216}}}","{""torch_peak_allocated"":150193664,""torch_reserved"":3424649216}"
sym-223-candidate-r3,moe_large,torch_serial,67305472,217,[],[],"{""held"":0,""peak_output_bytes"":16777216,""peak_in_flight"":1,""scratch_live_upper_bound"":18882560}","{""torch_peak_allocated"":158365184,""torch_reserved"":3424649216}"
sym-223-candidate-r3,moe_large,torch_prefetch,67305472,217,"[0.636411,0.622305]","[1.317166,1.440281]","{""held"":0,""peak_output_bytes"":33554432,""peak_in_flight"":2,""scratch_live_upper_bound"":18882560}","{""torch_peak_allocated"":158365184,""torch_reserved"":3424649216}"
sym-223-candidate-r3,moe_dense,inductor_serial,67305472,217,[],[],"{""held"":0,""peak_output_bytes"":16777216,""peak_in_flight"":1,""scratch_live_upper_bound"":18882560}","{""torch_peak_allocated"":72148992,""torch_reserved"":3852468224}"
sym-223-candidate-r3,moe_dense,inductor_prefetch,67305472,217,"[0.455126,0.443634]","[0.034315,0.050667]","{""held"":0,""peak_output_bytes"":33554432,""peak_in_flight"":2,""scratch_live_upper_bound"":18882560}","{""torch_peak_allocated"":72148992,""torch_reserved"":3852468224}"
sym-223-candidate-r3,moe_dense,sym_blocking,67305472,217,[],[],"{""held"":0,""peak_output_bytes"":33554432,""output_bytes_is_upper_bound"":true,""resources"":{""requests"":2072,""hits"":2071,""context_creations"":1,""device_allocations"":8,""host_allocations"":4,""frees"":0,""copy_calls"":11840,""event_records"":2072,""event_waits"":2072,""caller_waits"":2072,""peak_live_bytes"":14491648,""retained_bytes"":14491648,""device_bytes"":14454784,""host_bytes"":36864,""background_workers"":0,""streams"":1,""closed"":false,""quarantined"":false,""process_valid"":true}}","{""torch_peak_allocated"":70047744,""torch_reserved"":3852468224}"
sym-223-candidate-r3,moe_dense,sym_serial,67305472,217,[],[],"{""submitted"":592,""held"":0,""output_bytes"":0,""peak_output_bytes"":16777216,""peak_in_flight"":1,""closed"":false,""resources"":{""requests"":592,""hits"":591,""context_creations"":1,""device_allocations"":4,""host_allocations"":2,""frees"":0,""copy_calls"":2368,""event_records"":592,""event_waits"":592,""caller_waits"":592,""peak_live_bytes"":4743168,""retained_bytes"":4743168,""device_bytes"":4730880,""host_bytes"":12288,""background_workers"":0,""streams"":1,""closed"":false,""quarantined"":false,""process_valid"":true},""totals"":{""groups"":592,""logical_transfers"":1184,""source_bytes"":2483027968,""wire_bytes"":2483027968,""destination_bytes"":9932111872,""payload_bytes_transferred"":2490302464,""dispatches"":{""cuda_dequant_relocate"":1184}}}","{""torch_peak_allocated"":70047744,""torch_reserved"":3852468224}"
sym-223-candidate-r3,moe_dense,sym_prefetch,67305472,217,"[0.942684,0.927876]","[0.295953,0.319138]","{""submitted"":608,""held"":0,""output_bytes"":0,""peak_output_bytes"":33554432,""peak_in_flight"":2,""closed"":false,""resources"":{""requests"":608,""hits"":607,""context_creations"":1,""device_allocations"":4,""host_allocations"":2,""frees"":0,""copy_calls"":2432,""event_records"":608,""event_waits"":608,""caller_waits"":608,""peak_live_bytes"":4743168,""retained_bytes"":4743168,""device_bytes"":4730880,""host_bytes"":12288,""background_workers"":0,""streams"":1,""closed"":false,""quarantined"":false,""process_valid"":true},""totals"":{""groups"":608,""logical_transfers"":1216,""source_bytes"":2550136832,""wire_bytes"":2550136832,""destination_bytes"":10200547328,""payload_bytes_transferred"":2557607936,""dispatches"":{""cuda_dequant_relocate"":1216}}}","{""torch_peak_allocated"":70047744,""torch_reserved"":3852468224}"
sym-223-candidate-r3,moe_dense,torch_serial,67305472,217,[],[],"{""held"":0,""peak_output_bytes"":16777216,""peak_in_flight"":1,""scratch_live_upper_bound"":18882560}","{""torch_peak_allocated"":80537600,""torch_reserved"":3852468224}"
sym-223-candidate-r3,moe_dense,torch_prefetch,67305472,217,"[0.618648,0.620842]","[0.264924,0.284511]","{""held"":0,""peak_output_bytes"":33554432,""peak_in_flight"":2,""scratch_live_upper_bound"":18882560}","{""torch_peak_allocated"":80537600,""torch_reserved"":3852468224}"
sym-223-candidate-r3,moe_sparse,inductor_serial,67305472,217,[],[],"{""held"":0,""peak_output_bytes"":16777216,""peak_in_flight"":1,""scratch_live_upper_bound"":18882560}","{""torch_peak_allocated"":44268544,""torch_reserved"":3944742912}"
sym-223-candidate-r3,moe_sparse,inductor_prefetch,67305472,217,"[0.457561,0.451409]","[0.033433,0.033213]","{""held"":0,""peak_output_bytes"":33554432,""peak_in_flight"":2,""scratch_live_upper_bound"":18882560}","{""torch_peak_allocated"":44268544,""torch_reserved"":3944742912}"
sym-223-candidate-r3,moe_sparse,sym_blocking,67305472,217,[],[],"{""held"":0,""peak_output_bytes"":33554432,""output_bytes_is_upper_bound"":true,""resources"":{""requests"":2220,""hits"":2219,""context_creations"":1,""device_allocations"":8,""host_allocations"":4,""frees"":0,""copy_calls"":12432,""event_records"":2220,""event_waits"":2220,""caller_waits"":2220,""peak_live_bytes"":14491648,""retained_bytes"":14491648,""device_bytes"":14454784,""host_bytes"":36864,""background_workers"":0,""streams"":1,""closed"":false,""quarantined"":false,""process_valid"":true}}","{""torch_peak_allocated"":42183168,""torch_reserved"":3944742912}"
sym-223-candidate-r3,moe_sparse,sym_serial,67305472,217,[],[],"{""submitted"":148,""held"":0,""output_bytes"":0,""peak_output_bytes"":16777216,""peak_in_flight"":1,""closed"":false,""resources"":{""requests"":148,""hits"":147,""context_creations"":1,""device_allocations"":4,""host_allocations"":2,""frees"":0,""copy_calls"":592,""event_records"":148,""event_waits"":148,""caller_waits"":148,""peak_live_bytes"":4743168,""retained_bytes"":4743168,""device_bytes"":4730880,""host_bytes"":12288,""background_workers"":0,""streams"":1,""closed"":false,""quarantined"":false,""process_valid"":true},""totals"":{""groups"":148,""logical_transfers"":296,""source_bytes"":620756992,""wire_bytes"":620756992,""destination_bytes"":2483027968,""payload_bytes_transferred"":622575616,""dispatches"":{""cuda_dequant_relocate"":296}}}","{""torch_peak_allocated"":42183168,""torch_reserved"":3944742912}"
sym-223-candidate-r3,moe_sparse,sym_prefetch,67305472,217,"[0.94552,0.932775]","[0.208427,0.215851]","{""submitted"":152,""held"":0,""output_bytes"":0,""peak_output_bytes"":33554432,""peak_in_flight"":2,""closed"":false,""resources"":{""requests"":152,""hits"":151,""context_creations"":1,""device_allocations"":4,""host_allocations"":2,""frees"":0,""copy_calls"":608,""event_records"":152,""event_waits"":152,""caller_waits"":152,""peak_live_bytes"":4743168,""retained_bytes"":4743168,""device_bytes"":4730880,""host_bytes"":12288,""background_workers"":0,""streams"":1,""closed"":false,""quarantined"":false,""process_valid"":true},""totals"":{""groups"":152,""logical_transfers"":304,""source_bytes"":637534208,""wire_bytes"":637534208,""destination_bytes"":2550136832,""payload_bytes_transferred"":639401984,""dispatches"":{""cuda_dequant_relocate"":304}}}","{""torch_peak_allocated"":42183168,""torch_reserved"":3944742912}"
sym-223-candidate-r3,moe_sparse,torch_serial,67305472,217,[],[],"{""held"":0,""peak_output_bytes"":16777216,""peak_in_flight"":1,""scratch_live_upper_bound"":18882560}","{""torch_peak_allocated"":52657152,""torch_reserved"":3944742912}"
sym-223-candidate-r3,moe_sparse,torch_prefetch,67305472,217,"[0.622746,0.608138]","[0.189972,0.193027]","{""held"":0,""peak_output_bytes"":33554432,""peak_in_flight"":2,""scratch_live_upper_bound"":18882560}","{""torch_peak_allocated"":52657152,""torch_reserved"":3944742912}"
sym-223-candidate-r3,llm_one_layer,inductor_serial,12619776,217,[],[],"{""held"":0,""peak_output_bytes"":50331648,""peak_in_flight"":1,""scratch_live_upper_bound"":37765120}","{""torch_peak_allocated"":71459328,""torch_reserved"":3948937216}"
sym-223-candidate-r3,llm_one_layer,inductor_prefetch,12619776,217,[1.223468],[0.012874],"{""held"":0,""peak_output_bytes"":50331648,""peak_in_flight"":1,""scratch_live_upper_bound"":37765120}","{""torch_peak_allocated"":71459328,""torch_reserved"":3948937216}"
sym-223-candidate-r3,llm_one_layer,sym_blocking,12619776,217,[],[],"{""held"":0,""peak_output_bytes"":100663296,""output_bytes_is_upper_bound"":true,""resources"":{""requests"":2257,""hits"":2256,""context_creations"":1,""device_allocations"":8,""host_allocations"":4,""frees"":0,""copy_calls"":12728,""event_records"":2257,""event_waits"":2257,""caller_waits"":2257,""peak_live_bytes"":14491648,""retained_bytes"":14491648,""device_bytes"":14454784,""host_bytes"":36864,""background_workers"":0,""streams"":1,""closed"":false,""quarantined"":false,""process_valid"":true}}","{""torch_peak_allocated"":67311104,""torch_reserved"":3948937216}"
sym-223-candidate-r3,llm_one_layer,sym_serial,12619776,217,[],[],"{""submitted"":37,""held"":0,""output_bytes"":0,""peak_output_bytes"":50331648,""peak_in_flight"":1,""closed"":false,""resources"":{""requests"":37,""hits"":36,""context_creations"":1,""device_allocations"":8,""host_allocations"":4,""frees"":0,""copy_calls"":296,""event_records"":37,""event_waits"":37,""caller_waits"":37,""peak_live_bytes"":14491648,""retained_bytes"":14491648,""device_bytes"":14454784,""host_bytes"":36864,""background_workers"":0,""streams"":1,""closed"":false,""quarantined"":false,""process_valid"":true},""totals"":{""groups"":37,""logical_transfers"":148,""source_bytes"":465567744,""wire_bytes"":465567744,""destination_bytes"":1862270976,""payload_bytes_transferred"":466931712,""dispatches"":{""cuda_dequant_relocate"":148}}}","{""torch_peak_allocated"":67311104,""torch_reserved"":3948937216}"
sym-223-candidate-r3,llm_one_layer,sym_prefetch,12619776,217,[2.097832],[0.075564],"{""submitted"":38,""held"":0,""output_bytes"":0,""peak_output_bytes"":50331648,""peak_in_flight"":1,""closed"":false,""resources"":{""requests"":38,""hits"":37,""context_creations"":1,""device_allocations"":8,""host_allocations"":4,""frees"":0,""copy_calls"":304,""event_records"":38,""event_waits"":38,""caller_waits"":38,""peak_live_bytes"":14491648,""retained_bytes"":14491648,""device_bytes"":14454784,""host_bytes"":36864,""background_workers"":0,""streams"":1,""closed"":false,""quarantined"":false,""process_valid"":true},""totals"":{""groups"":38,""logical_transfers"":152,""source_bytes"":478150656,""wire_bytes"":478150656,""destination_bytes"":1912602624,""payload_bytes_transferred"":479551488,""dispatches"":{""cuda_dequant_relocate"":152}}}","{""torch_peak_allocated"":67311104,""torch_reserved"":3948937216}"
sym-223-candidate-r3,llm_one_layer,torch_serial,12619776,217,[],[],"{""held"":0,""peak_output_bytes"":50331648,""peak_in_flight"":1,""scratch_live_upper_bound"":37765120}","{""torch_peak_allocated"":88236544,""torch_reserved"":3948937216}"
sym-223-candidate-r3,llm_one_layer,torch_prefetch,12619776,217,[1.715896],[0.012604],"{""held"":0,""peak_output_bytes"":50331648,""peak_in_flight"":1,""scratch_live_upper_bound"":37765120}","{""torch_peak_allocated"":88236544,""torch_reserved"":3948937216}"
sym-223-blocking-control-r1,llm_long_prefill,sym_blocking,50479104,31,[],[],"{""held"":0,""peak_output_bytes"":100663296,""output_bytes_is_upper_bound"":true,""resources"":{""requests"":148,""hits"":147,""context_creations"":1,""device_allocations"":8,""host_allocations"":4,""frees"":0,""copy_calls"":1184,""event_records"":148,""event_waits"":148,""caller_waits"":148,""peak_live_bytes"":14491648,""retained_bytes"":14491648,""device_bytes"":14454784,""host_bytes"":36864,""background_workers"":0,""streams"":1,""closed"":false,""quarantined"":false,""process_valid"":true}}","{""torch_peak_allocated"":337784832,""torch_reserved"":448790528}"
sym-223-blocking-control-r1,llm_prefill,sym_blocking,50479104,31,[],[],"{""held"":0,""peak_output_bytes"":100663296,""output_bytes_is_upper_bound"":true,""resources"":{""requests"":296,""hits"":295,""context_creations"":1,""device_allocations"":8,""host_allocations"":4,""frees"":0,""copy_calls"":2368,""event_records"":296,""event_waits"":296,""caller_waits"":296,""peak_live_bytes"":14491648,""retained_bytes"":14491648,""device_bytes"":14454784,""host_bytes"":36864,""background_workers"":0,""streams"":1,""closed"":false,""quarantined"":false,""process_valid"":true}}","{""torch_peak_allocated"":137439232,""torch_reserved"":459276288}"
sym-223-blocking-control-r1,llm_decode,sym_blocking,50479104,31,[],[],"{""held"":0,""peak_output_bytes"":100663296,""output_bytes_is_upper_bound"":true,""resources"":{""requests"":888,""hits"":887,""context_creations"":1,""device_allocations"":8,""host_allocations"":4,""frees"":0,""copy_calls"":7104,""event_records"":888,""event_waits"":888,""caller_waits"":888,""peak_live_bytes"":14491648,""retained_bytes"":14491648,""device_bytes"":14454784,""host_bytes"":36864,""background_workers"":0,""streams"":1,""closed"":false,""quarantined"":false,""process_valid"":true}}","{""torch_peak_allocated"":118258176,""torch_reserved"":459276288}"
sym-223-blocking-control-r1,moe_large,sym_blocking,67305472,31,[],[],"{""held"":0,""peak_output_bytes"":33554432,""output_bytes_is_upper_bound"":true,""resources"":{""requests"":1480,""hits"":1479,""context_creations"":1,""device_allocations"":8,""host_allocations"":4,""frees"":0,""copy_calls"":9472,""event_records"":1480,""event_waits"":1480,""caller_waits"":1480,""peak_live_bytes"":14491648,""retained_bytes"":14491648,""device_bytes"":14454784,""host_bytes"":36864,""background_workers"":0,""streams"":1,""closed"":false,""quarantined"":false,""process_valid"":true}}","{""torch_peak_allocated"":150193664,""torch_reserved"":459276288}"
sym-223-blocking-control-r1,moe_dense,sym_blocking,67305472,31,[],[],"{""held"":0,""peak_output_bytes"":33554432,""output_bytes_is_upper_bound"":true,""resources"":{""requests"":2072,""hits"":2071,""context_creations"":1,""device_allocations"":8,""host_allocations"":4,""frees"":0,""copy_calls"":11840,""event_records"":2072,""event_waits"":2072,""caller_waits"":2072,""peak_live_bytes"":14491648,""retained_bytes"":14491648,""device_bytes"":14454784,""host_bytes"":36864,""background_workers"":0,""streams"":1,""closed"":false,""quarantined"":false,""process_valid"":true}}","{""torch_peak_allocated"":70047744,""torch_reserved"":459276288}"
sym-223-blocking-control-r1,moe_sparse,sym_blocking,67305472,31,[],[],"{""held"":0,""peak_output_bytes"":33554432,""output_bytes_is_upper_bound"":true,""resources"":{""requests"":2220,""hits"":2219,""context_creations"":1,""device_allocations"":8,""host_allocations"":4,""frees"":0,""copy_calls"":12432,""event_records"":2220,""event_waits"":2220,""caller_waits"":2220,""peak_live_bytes"":14491648,""retained_bytes"":14491648,""device_bytes"":14454784,""host_bytes"":36864,""background_workers"":0,""streams"":1,""closed"":false,""quarantined"":false,""process_valid"":true}}","{""torch_peak_allocated"":42183168,""torch_reserved"":459276288}"
sym-223-blocking-control-r1,llm_one_layer,sym_blocking,12619776,31,[],[],"{""held"":0,""peak_output_bytes"":100663296,""output_bytes_is_upper_bound"":true,""resources"":{""requests"":2257,""hits"":2256,""context_creations"":1,""device_allocations"":8,""host_allocations"":4,""frees"":0,""copy_calls"":12728,""event_records"":2257,""event_waits"":2257,""caller_waits"":2257,""peak_live_bytes"":14491648,""retained_bytes"":14491648,""device_bytes"":14454784,""host_bytes"":36864,""background_workers"":0,""streams"":1,""closed"":false,""quarantined"":false,""process_valid"":true}}","{""torch_peak_allocated"":67311104,""torch_reserved"":459276288}"
sym-223-blocking-control-r2,llm_long_prefill,sym_blocking,50479104,31,[],[],"{""held"":0,""peak_output_bytes"":100663296,""output_bytes_is_upper_bound"":true,""resources"":{""requests"":148,""hits"":147,""context_creations"":1,""device_allocations"":8,""host_allocations"":4,""frees"":0,""copy_calls"":1184,""event_records"":148,""event_waits"":148,""caller_waits"":148,""peak_live_bytes"":14491648,""retained_bytes"":14491648,""device_bytes"":14454784,""host_bytes"":36864,""background_workers"":0,""streams"":1,""closed"":false,""quarantined"":false,""process_valid"":true}}","{""torch_peak_allocated"":337784832,""torch_reserved"":448790528}"
sym-223-blocking-control-r2,llm_prefill,sym_blocking,50479104,31,[],[],"{""held"":0,""peak_output_bytes"":100663296,""output_bytes_is_upper_bound"":true,""resources"":{""requests"":296,""hits"":295,""context_creations"":1,""device_allocations"":8,""host_allocations"":4,""frees"":0,""copy_calls"":2368,""event_records"":296,""event_waits"":296,""caller_waits"":296,""peak_live_bytes"":14491648,""retained_bytes"":14491648,""device_bytes"":14454784,""host_bytes"":36864,""background_workers"":0,""streams"":1,""closed"":false,""quarantined"":false,""process_valid"":true}}","{""torch_peak_allocated"":137439232,""torch_reserved"":459276288}"
sym-223-blocking-control-r2,llm_decode,sym_blocking,50479104,31,[],[],"{""held"":0,""peak_output_bytes"":100663296,""output_bytes_is_upper_bound"":true,""resources"":{""requests"":888,""hits"":887,""context_creations"":1,""device_allocations"":8,""host_allocations"":4,""frees"":0,""copy_calls"":7104,""event_records"":888,""event_waits"":888,""caller_waits"":888,""peak_live_bytes"":14491648,""retained_bytes"":14491648,""device_bytes"":14454784,""host_bytes"":36864,""background_workers"":0,""streams"":1,""closed"":false,""quarantined"":false,""process_valid"":true}}","{""torch_peak_allocated"":118258176,""torch_reserved"":459276288}"
sym-223-blocking-control-r2,moe_large,sym_blocking,67305472,31,[],[],"{""held"":0,""peak_output_bytes"":33554432,""output_bytes_is_upper_bound"":true,""resources"":{""requests"":1480,""hits"":1479,""context_creations"":1,""device_allocations"":8,""host_allocations"":4,""frees"":0,""copy_calls"":9472,""event_records"":1480,""event_waits"":1480,""caller_waits"":1480,""peak_live_bytes"":14491648,""retained_bytes"":14491648,""device_bytes"":14454784,""host_bytes"":36864,""background_workers"":0,""streams"":1,""closed"":false,""quarantined"":false,""process_valid"":true}}","{""torch_peak_allocated"":150193664,""torch_reserved"":459276288}"
sym-223-blocking-control-r2,moe_dense,sym_blocking,67305472,31,[],[],"{""held"":0,""peak_output_bytes"":33554432,""output_bytes_is_upper_bound"":true,""resources"":{""requests"":2072,""hits"":2071,""context_creations"":1,""device_allocations"":8,""host_allocations"":4,""frees"":0,""copy_calls"":11840,""event_records"":2072,""event_waits"":2072,""caller_waits"":2072,""peak_live_bytes"":14491648,""retained_bytes"":14491648,""device_bytes"":14454784,""host_bytes"":36864,""background_workers"":0,""streams"":1,""closed"":false,""quarantined"":false,""process_valid"":true}}","{""torch_peak_allocated"":70047744,""torch_reserved"":459276288}"
sym-223-blocking-control-r2,moe_sparse,sym_blocking,67305472,31,[],[],"{""held"":0,""peak_output_bytes"":33554432,""output_bytes_is_upper_bound"":true,""resources"":{""requests"":2220,""hits"":2219,""context_creations"":1,""device_allocations"":8,""host_allocations"":4,""frees"":0,""copy_calls"":12432,""event_records"":2220,""event_waits"":2220,""caller_waits"":2220,""peak_live_bytes"":14491648,""retained_bytes"":14491648,""device_bytes"":14454784,""host_bytes"":36864,""background_workers"":0,""streams"":1,""closed"":false,""quarantined"":false,""process_valid"":true}}","{""torch_peak_allocated"":42183168,""torch_reserved"":459276288}"
sym-223-blocking-control-r2,llm_one_layer,sym_blocking,12619776,31,[],[],"{""held"":0,""peak_output_bytes"":100663296,""output_bytes_is_upper_bound"":true,""resources"":{""requests"":2257,""hits"":2256,""context_creations"":1,""device_allocations"":8,""host_allocations"":4,""frees"":0,""copy_calls"":12728,""event_records"":2257,""event_waits"":2257,""caller_waits"":2257,""peak_live_bytes"":14491648,""retained_bytes"":14491648,""device_bytes"":14454784,""host_bytes"":36864,""background_workers"":0,""streams"":1,""closed"":false,""quarantined"":false,""process_valid"":true}}","{""torch_peak_allocated"":67311104,""torch_reserved"":459276288}"
sym-223-blocking-control-r3,llm_long_prefill,sym_blocking,50479104,31,[],[],"{""held"":0,""peak_output_bytes"":100663296,""output_bytes_is_upper_bound"":true,""resources"":{""requests"":148,""hits"":147,""context_creations"":1,""device_allocations"":8,""host_allocations"":4,""frees"":0,""copy_calls"":1184,""event_records"":148,""event_waits"":148,""caller_waits"":148,""peak_live_bytes"":14491648,""retained_bytes"":14491648,""device_bytes"":14454784,""host_bytes"":36864,""background_workers"":0,""streams"":1,""closed"":false,""quarantined"":false,""process_valid"":true}}","{""torch_peak_allocated"":337784832,""torch_reserved"":448790528}"
sym-223-blocking-control-r3,llm_prefill,sym_blocking,50479104,31,[],[],"{""held"":0,""peak_output_bytes"":100663296,""output_bytes_is_upper_bound"":true,""resources"":{""requests"":296,""hits"":295,""context_creations"":1,""device_allocations"":8,""host_allocations"":4,""frees"":0,""copy_calls"":2368,""event_records"":296,""event_waits"":296,""caller_waits"":296,""peak_live_bytes"":14491648,""retained_bytes"":14491648,""device_bytes"":14454784,""host_bytes"":36864,""background_workers"":0,""streams"":1,""closed"":false,""quarantined"":false,""process_valid"":true}}","{""torch_peak_allocated"":137439232,""torch_reserved"":459276288}"
sym-223-blocking-control-r3,llm_decode,sym_blocking,50479104,31,[],[],"{""held"":0,""peak_output_bytes"":100663296,""output_bytes_is_upper_bound"":true,""resources"":{""requests"":888,""hits"":887,""context_creations"":1,""device_allocations"":8,""host_allocations"":4,""frees"":0,""copy_calls"":7104,""event_records"":888,""event_waits"":888,""caller_waits"":888,""peak_live_bytes"":14491648,""retained_bytes"":14491648,""device_bytes"":14454784,""host_bytes"":36864,""background_workers"":0,""streams"":1,""closed"":false,""quarantined"":false,""process_valid"":true}}","{""torch_peak_allocated"":118258176,""torch_reserved"":459276288}"
sym-223-blocking-control-r3,moe_large,sym_blocking,67305472,31,[],[],"{""held"":0,""peak_output_bytes"":33554432,""output_bytes_is_upper_bound"":true,""resources"":{""requests"":1480,""hits"":1479,""context_creations"":1,""device_allocations"":8,""host_allocations"":4,""frees"":0,""copy_calls"":9472,""event_records"":1480,""event_waits"":1480,""caller_waits"":1480,""peak_live_bytes"":14491648,""retained_bytes"":14491648,""device_bytes"":14454784,""host_bytes"":36864,""background_workers"":0,""streams"":1,""closed"":false,""quarantined"":false,""process_valid"":true}}","{""torch_peak_allocated"":150193664,""torch_reserved"":459276288}"
sym-223-blocking-control-r3,moe_dense,sym_blocking,67305472,31,[],[],"{""held"":0,""peak_output_bytes"":33554432,""output_bytes_is_upper_bound"":true,""resources"":{""requests"":2072,""hits"":2071,""context_creations"":1,""device_allocations"":8,""host_allocations"":4,""frees"":0,""copy_calls"":11840,""event_records"":2072,""event_waits"":2072,""caller_waits"":2072,""peak_live_bytes"":14491648,""retained_bytes"":14491648,""device_bytes"":14454784,""host_bytes"":36864,""background_workers"":0,""streams"":1,""closed"":false,""quarantined"":false,""process_valid"":true}}","{""torch_peak_allocated"":70047744,""torch_reserved"":459276288}"
sym-223-blocking-control-r3,moe_sparse,sym_blocking,67305472,31,[],[],"{""held"":0,""peak_output_bytes"":33554432,""output_bytes_is_upper_bound"":true,""resources"":{""requests"":2220,""hits"":2219,""context_creations"":1,""device_allocations"":8,""host_allocations"":4,""frees"":0,""copy_calls"":12432,""event_records"":2220,""event_waits"":2220,""caller_waits"":2220,""peak_live_bytes"":14491648,""retained_bytes"":14491648,""device_bytes"":14454784,""host_bytes"":36864,""background_workers"":0,""streams"":1,""closed"":false,""quarantined"":false,""process_valid"":true}}","{""torch_peak_allocated"":42183168,""torch_reserved"":459276288}"
sym-223-blocking-control-r3,llm_one_layer,sym_blocking,12619776,31,[],[],"{""held"":0,""peak_output_bytes"":100663296,""output_bytes_is_upper_bound"":true,""resources"":{""requests"":2257,""hits"":2256,""context_creations"":1,""device_allocations"":8,""host_allocations"":4,""frees"":0,""copy_calls"":12728,""event_records"":2257,""event_waits"":2257,""caller_waits"":2257,""peak_live_bytes"":14491648,""retained_bytes"":14491648,""device_bytes"":14454784,""host_bytes"":36864,""background_workers"":0,""streams"":1,""closed"":false,""quarantined"":false,""process_valid"":true}}","{""torch_peak_allocated"":67311104,""torch_reserved"":459276288}"
