case,path,sample,kind,intervals
llm_prefill,sym_blocking,0,model_kernel_union,"[[155673,159225,null,null,null,null],[231193,235513,null,null,null,null],[2792951,2798583,null,null,null,null],[2917463,3055095,null,null,null,null],[3055703,3059830,null,null,null,null],[3065495,3069591,null,null,null,null],[3109206,3110199,null,null,null,null],[3144023,3146327,null,null,null,null],[3270550,3289398,null,null,null,null],[3334678,3350359,null,null,null,null],[3368790,3370582,null,null,null,null],[3446358,3455734,null,null,null,null],[3486678,3496086,null,null,null,null],[3559478,3585846,null,null,null,null],[3614838,3619414,null,null,null,null],[3670550,3733718,null,null,null,null],[3734358,3738390,null,null,null,null],[3756438,3760598,null,null,null,null],[3811254,3976406,null,null,null,null],[3976950,3989366,null,null,null,null],[3991382,4186454,null,null,null,null],[4187030,4190870,null,null,null,null],[6157364,6163060,null,null,null,null],[6225364,6362612,null,null,null,null],[6363252,6367668,null,null,null,null],[6368308,6372340,null,null,null,null],[6388596,6389588,null,null,null,null],[6416404,6418740,null,null,null,null],[6510260,6529427,null,null,null,null],[6564052,6579924,null,null,null,null],[6594836,6596692,null,null,null,null],[6662195,6671668,null,null,null,null],[6699923,6709075,null,null,null,null],[6771604,6797459,null,null,null,null],[6828115,6832659,null,null,null,null],[6882707,6945683,null,null,null,null],[6946451,6950195,null,null,null,null],[6973523,6977651,null,null,null,null],[7028019,7192339,null,null,null,null],[7192915,7205843,null,null,null,null],[7207763,7402899,null,null,null,null],[7403411,7407123,null,null,null,null],[9338257,9343857,null,null,null,null],[9405969,9543089,null,null,null,null],[9543697,9547953,null,null,null,null],[9548433,9552337,null,null,null,null],[9568401,9569393,null,null,null,null],[9597905,9600209,null,null,null,null],[9690897,9709937,null,null,null,null],[9743313,9759505,null,null,null,null],[9773201,9775121,null,null,null,null],[9838673,9847985,null,null,null,null],[9874129,9883089,null,null,null,null],[9954448,9980945,null,null,null,null],[10010833,10015088,null,null,null,null],[10065425,10127728,null,null,null,null],[10128497,10132336,null,null,null,null],[10146065,10150160,null,null,null,null],[10198928,10363504,null,null,null,null],[10364016,10376784,null,null,null,null],[10378832,10573936,null,null,null,null],[10574544,10578128,null,null,null,null],[12533902,12539502,null,null,null,null],[12602767,12739822,null,null,null,null],[12740590,12744366,null,null,null,null],[12744942,12748878,null,null,null,null],[12765070,12766094,null,null,null,null],[12792526,12794830,null,null,null,null],[12887374,12906190,null,null,null,null],[12950126,12965582,null,null,null,null],[12980110,12981870,null,null,null,null],[13046894,13056206,null,null,null,null],[13083726,13092750,null,null,null,null],[13155726,13181710,null,null,null,null],[13211726,13216238,null,null,null,null],[13265838,13329518,null,null,null,null],[13330062,13334158,null,null,null,null],[13347278,13351374,null,null,null,null],[13400590,13565677,null,null,null,null],[13566221,13579341,null,null,null,null],[13581389,13776269,null,null,null,null],[13776781,13780621,null,null,null,null],[13781261,13785517,null,null,null,null],[13787405,13879629,null,null,null,null],[13880781,13886029,null,null,null,null]]"
llm_prefill,sym_blocking,0,h2d,"[[1311128,1554552,144,98,3145728,null],[1563960,1565432,144,100,12288,null],[1641784,1723576,144,105,1048576,null],[1733944,1734904,144,107,4096,null],[1759544,2081848,144,112,4194304,null],[2084919,2086488,144,114,16384,null],[2182199,2504215,144,119,4194304,null],[2513975,2514455,144,121,4096,null],[4705045,4948469,144,465,3145728,null],[4958229,4959765,144,467,12288,null],[5039157,5120981,144,472,1048576,null],[5123349,5124341,144,474,4096,null],[5148981,5471252,144,479,4194304,null],[5474357,5475925,144,481,16384,null],[5570612,5892692,144,486,4194304,null],[5902388,5902868,144,488,4096,null],[7887250,8130258,144,832,3145728,null],[8138802,8140274,144,834,12288,null],[8218674,8300466,144,839,1048576,null],[8302610,8303570,144,841,4096,null],[8329330,8651634,144,846,4194304,null],[8655922,8657458,144,848,16384,null],[8753202,9075729,144,853,4194304,null],[9084818,9085297,144,855,4096,null],[11074416,11317551,144,1199,3145728,null],[11326543,11328048,144,1201,12288,null],[11406383,11488207,144,1206,1048576,null],[11490575,11491535,144,1208,4096,null],[11523535,11845839,144,1213,4194304,null],[11850031,11851567,144,1215,16384,null],[11948079,12270158,144,1220,4194304,null],[12279855,12280334,144,1222,4096,null]]"
llm_prefill,sym_blocking,0,model_gemm,"[[2917463,3055095,7,171,null,""volta_sgemm_128x64_tn""],[3270550,3289398,7,241,null,""volta_sgemm_64x64_tn""],[3559478,3585846,7,307,null,""volta_sgemm_64x64_nn""],[3670550,3733718,7,336,null,""volta_sgemm_128x64_tn""],[3811254,3976406,7,390,null,""volta_sgemm_128x128_tn""],[3991382,4186454,7,415,null,""volta_sgemm_128x64_tn""],[6225364,6362612,7,538,null,""volta_sgemm_128x64_tn""],[6510260,6529427,7,608,null,""volta_sgemm_64x64_tn""],[6771604,6797459,7,674,null,""volta_sgemm_64x64_nn""],[6882707,6945683,7,703,null,""volta_sgemm_128x64_tn""],[7028019,7192339,7,757,null,""volta_sgemm_128x128_tn""],[7207763,7402899,7,782,null,""volta_sgemm_128x64_tn""],[9405969,9543089,7,905,null,""volta_sgemm_128x64_tn""],[9690897,9709937,7,975,null,""volta_sgemm_64x64_tn""],[9954448,9980945,7,1041,null,""volta_sgemm_64x64_nn""],[10065425,10127728,7,1070,null,""volta_sgemm_128x64_tn""],[10198928,10363504,7,1124,null,""volta_sgemm_128x128_tn""],[10378832,10573936,7,1149,null,""volta_sgemm_128x64_tn""],[12602767,12739822,7,1272,null,""volta_sgemm_128x64_tn""],[12887374,12906190,7,1342,null,""volta_sgemm_64x64_tn""],[13155726,13181710,7,1408,null,""volta_sgemm_64x64_nn""],[13265838,13329518,7,1437,null,""volta_sgemm_128x64_tn""],[13400590,13565677,7,1491,null,""volta_sgemm_128x128_tn""],[13581389,13776269,7,1516,null,""volta_sgemm_128x64_tn""],[13787405,13879629,7,1570,null,""volta_sgemm_128x64_tn""]]"
llm_prefill,sym_serial,0,model_kernel_union,"[[103057,106770,null,null,null,null],[159026,163506,null,null,null,null],[2378736,2384464,null,null,null,null],[2386480,2523887,null,null,null,null],[2524464,2528879,null,null,null,null],[2529392,2533423,null,null,null,null],[2533936,2534960,null,null,null,null],[2535472,2537808,null,null,null,null],[2538352,2557328,null,null,null,null],[2557936,2572848,null,null,null,null],[2573359,2575248,null,null,null,null],[2586863,2596432,null,null,null,null],[2596911,2605360,null,null,null,null],[2605936,2632335,null,null,null,null],[2633167,2637775,null,null,null,null],[2639856,2703568,null,null,null,null],[2704367,2708143,null,null,null,null],[2708623,2712687,null,null,null,null],[2714703,2879535,null,null,null,null],[2880111,2893903,null,null,null,null],[2895919,3090639,null,null,null,null],[3091183,3094895,null,null,null,null],[5260685,5266349,null,null,null,null],[5268397,5406221,null,null,null,null],[5407085,5411469,null,null,null,null],[5412077,5416141,null,null,null,null],[5416749,5417741,null,null,null,null],[5418349,5420621,null,null,null,null],[5421165,5440013,null,null,null,null],[5440557,5456621,null,null,null,null],[5457165,5459085,null,null,null,null],[5471149,5480973,null,null,null,null],[5481517,5490573,null,null,null,null],[5491117,5517389,null,null,null,null],[5518221,5523021,null,null,null,null],[5524973,5589293,null,null,null,null],[5590125,5594125,null,null,null,null],[5594605,5598669,null,null,null,null],[5600685,5765485,null,null,null,null],[5765997,5778413,null,null,null,null],[5780333,5975597,null,null,null,null],[5976237,5979949,null,null,null,null],[8132331,8137995,null,null,null,null],[8140043,8277707,null,null,null,null],[8278314,8282955,null,null,null,null],[8283498,8287531,null,null,null,null],[8288106,8289130,null,null,null,null],[8289643,8291947,null,null,null,null],[8292523,8311435,null,null,null,null],[8311979,8327179,null,null,null,null],[8327723,8329483,null,null,null,null],[8341387,8351818,null,null,null,null],[8352331,8361003,null,null,null,null],[8361579,8387882,null,null,null,null],[8388778,8393418,null,null,null,null],[8395466,8458666,null,null,null,null],[8459434,8463242,null,null,null,null],[8463850,8467914,null,null,null,null],[8469931,8635210,null,null,null,null],[8635754,8648554,null,null,null,null],[8650506,8845674,null,null,null,null],[8846250,8849930,null,null,null,null],[11026792,11032744,null,null,null,null],[11034696,11171848,null,null,null,null],[11172392,11176936,null,null,null,null],[11177512,11181352,null,null,null,null],[11181864,11182856,null,null,null,null],[11183400,11185672,null,null,null,null],[11186216,11205096,null,null,null,null],[11205736,11221128,null,null,null,null],[11221672,11223560,null,null,null,null],[11235304,11245224,null,null,null,null],[11245736,11254280,null,null,null,null],[11254824,11280872,null,null,null,null],[11281384,11286376,null,null,null,null],[11288552,11351624,null,null,null,null],[11352168,11356360,null,null,null,null],[11356872,11361160,null,null,null,null],[11363208,11527816,null,null,null,null],[11528392,11540936,null,null,null,null],[11542888,11737896,null,null,null,null],[11738536,11742152,null,null,null,null],[11840680,11845032,null,null,null,null],[11901416,11993575,null,null,null,null],[12001031,12005895,null,null,null,null]]"
llm_prefill,sym_serial,0,h2d,"[[1056753,1299409,145,1686,3145728,null],[1300465,1303025,145,1688,12288,null],[1380912,1465328,145,1693,1048576,null],[1466865,1468785,145,1695,4096,null],[1496625,1833712,145,1700,4194304,null],[1835248,1838160,145,1702,16384,null],[1936944,2281360,145,1707,4194304,null],[2282896,2284944,145,1709,4096,null],[3935246,4178062,145,2088,3145728,null],[4179118,4181710,145,2090,12288,null],[4262446,4346862,145,2095,1048576,null],[4348430,4350382,145,2097,4096,null],[4378158,4715470,145,2102,4194304,null],[4717005,4719886,145,2104,16384,null],[4818478,5163789,145,2109,4194304,null],[5165453,5167405,145,2111,4096,null],[6806380,7048940,145,2562,3145728,null],[7049964,7052588,145,2564,12288,null],[7133740,7218220,145,2569,1048576,null],[7219755,7221740,145,2571,4096,null],[7251500,7590027,145,2576,4194304,null],[7591563,7594475,145,2578,16384,null],[7690795,8035531,145,2583,4194304,null],[8037067,8039019,145,2585,4096,null],[9703337,9946089,145,3036,3145728,null],[9947145,9949705,145,3038,12288,null],[10028585,10113065,145,3043,1048576,null],[10114633,10116585,145,3045,4096,null],[10145321,10484041,145,3050,4194304,null],[10485609,10488617,145,3052,16384,null],[10584617,10929448,145,3057,4194304,null],[10930984,10933192,145,3059,4096,null]]"
llm_prefill,sym_serial,0,model_gemm,"[[2386480,2523887,7,1772,null,""volta_sgemm_128x64_tn""],[2538352,2557328,7,1842,null,""volta_sgemm_64x64_tn""],[2605936,2632335,7,1908,null,""volta_sgemm_64x64_nn""],[2639856,2703568,7,1937,null,""volta_sgemm_128x64_tn""],[2714703,2879535,7,1991,null,""volta_sgemm_128x128_tn""],[2895919,3090639,7,2016,null,""volta_sgemm_128x64_tn""],[5268397,5406221,7,2202,null,""volta_sgemm_128x64_tn""],[5421165,5440013,7,2282,null,""volta_sgemm_64x64_tn""],[5491117,5517389,7,2358,null,""volta_sgemm_64x64_nn""],[5524973,5589293,7,2391,null,""volta_sgemm_128x64_tn""],[5600685,5765485,7,2455,null,""volta_sgemm_128x128_tn""],[5780333,5975597,7,2484,null,""volta_sgemm_128x64_tn""],[8140043,8277707,7,2676,null,""volta_sgemm_128x64_tn""],[8292523,8311435,7,2756,null,""volta_sgemm_64x64_tn""],[8361579,8387882,7,2832,null,""volta_sgemm_64x64_nn""],[8395466,8458666,7,2865,null,""volta_sgemm_128x64_tn""],[8469931,8635210,7,2929,null,""volta_sgemm_128x128_tn""],[8650506,8845674,7,2958,null,""volta_sgemm_128x64_tn""],[11034696,11171848,7,3150,null,""volta_sgemm_128x64_tn""],[11186216,11205096,7,3230,null,""volta_sgemm_64x64_tn""],[11254824,11280872,7,3306,null,""volta_sgemm_64x64_nn""],[11288552,11351624,7,3339,null,""volta_sgemm_128x64_tn""],[11363208,11527816,7,3403,null,""volta_sgemm_128x128_tn""],[11542888,11737896,7,3432,null,""volta_sgemm_128x64_tn""],[11901416,11993575,7,3510,null,""volta_sgemm_128x64_tn""]]"
llm_prefill,sym_prefetch,0,model_kernel_union,"[[150660,154339,null,null,null,null],[216420,220868,null,null,null,null],[2469570,2475298,null,null,null,null],[2477345,2614146,null,null,null,null],[2614786,2619202,null,null,null,null],[2619713,2623617,null,null,null,null],[2624226,2625218,null,null,null,null],[2625825,2628065,null,null,null,null],[2628673,2647489,null,null,null,null],[2648129,2663682,null,null,null,null],[2664193,2666145,null,null,null,null],[2679234,2689505,null,null,null,null],[2690050,2699169,null,null,null,null],[2699809,2725889,null,null,null,null],[2726721,2731233,null,null,null,null],[2733185,2795714,null,null,null,null],[2796577,2800481,null,null,null,null],[2800993,2805089,null,null,null,null],[2807105,2971873,null,null,null,null],[2972417,2984929,null,null,null,null],[2986945,3182625,null,null,null,null],[3183169,3186849,null,null,null,null],[4636608,4642272,null,null,null,null],[4644288,4781568,null,null,null,null],[4782112,4786720,null,null,null,null],[4787296,4791168,null,null,null,null],[4791712,4792672,null,null,null,null],[4793216,4795488,null,null,null,null],[4796096,4814848,null,null,null,null],[4815488,4830848,null,null,null,null],[4831423,4833471,null,null,null,null],[4845407,4855520,null,null,null,null],[4856064,4864832,null,null,null,null],[4865343,4891776,null,null,null,null],[4892864,4897439,null,null,null,null],[4899455,4962592,null,null,null,null],[4963392,4967231,null,null,null,null],[4967744,4971839,null,null,null,null],[4973823,5138431,null,null,null,null],[5138943,5150879,null,null,null,null],[5152831,5348031,null,null,null,null],[5348607,5352255,null,null,null,null],[6755390,6761022,null,null,null,null],[6763070,6901086,null,null,null,null],[6901758,6906046,null,null,null,null],[6906590,6910462,null,null,null,null],[6911006,6911998,null,null,null,null],[6912510,6914814,null,null,null,null],[6915390,6934366,null,null,null,null],[6934942,6949982,null,null,null,null],[6950462,6952318,null,null,null,null],[6964766,6974526,null,null,null,null],[6975038,6984062,null,null,null,null],[6984638,7010718,null,null,null,null],[7011454,7015966,null,null,null,null],[7017918,7081790,null,null,null,null],[7082686,7086526,null,null,null,null],[7087102,7091230,null,null,null,null],[7093182,7258429,null,null,null,null],[7258941,7272605,null,null,null,null],[7274621,7469277,null,null,null,null],[7469821,7473565,null,null,null,null],[8880124,8886076,null,null,null,null],[8888124,9025564,null,null,null,null],[9026332,9030780,null,null,null,null],[9031292,9035260,null,null,null,null],[9035868,9036860,null,null,null,null],[9037404,9039708,null,null,null,null],[9040316,9059196,null,null,null,null],[9059868,9076156,null,null,null,null],[9076668,9078556,null,null,null,null],[9089884,9099580,null,null,null,null],[9100092,9108892,null,null,null,null],[9109436,9135708,null,null,null,null],[9136508,9141084,null,null,null,null],[9143036,9206780,null,null,null,null],[9207612,9211516,null,null,null,null],[9212092,9216156,null,null,null,null],[9218108,9383420,null,null,null,null],[9383932,9396892,null,null,null,null],[9398908,9594203,null,null,null,null],[9594811,9598428,null,null,null,null],[9697531,9701884,null,null,null,null],[9758939,9851547,null,null,null,null],[9858107,9862971,null,null,null,null]]"
llm_prefill,sym_prefetch,0,h2d,"[[1180131,1422915,146,3652,3145728,null],[1423970,1426531,146,3654,12288,null],[1515202,1597218,146,3659,1048576,null],[1598242,1600194,146,3661,4096,null],[1628866,1951682,146,3666,4194304,null],[1952738,1955618,146,3668,16384,null],[2051778,2374562,146,3673,4194304,null],[2375586,2377538,146,3675,4096,null],[3357217,3599937,146,4049,3145728,null],[3600993,3603553,146,4051,12288,null],[3681984,3763937,146,4056,1048576,null],[3764992,3766944,146,4058,4096,null],[3795649,4118752,146,4063,4194304,null],[4119808,4122720,146,4065,16384,null],[4218560,4541376,146,4070,4194304,null],[4542464,4544384,146,4072,4096,null],[5466655,5709023,146,4479,3145728,null],[5710079,5712607,146,4481,12288,null],[5793215,5874943,146,4486,1048576,null],[5876030,5877951,146,4488,4096,null],[5907135,6230238,146,4493,4194304,null],[6231294,6234174,146,4495,16384,null],[6337214,6660190,146,4500,4194304,null],[6661246,6663198,146,4502,4096,null],[7596157,7838557,146,4913,3145728,null],[7839613,7842173,146,4915,12288,null],[7922365,8004317,146,4920,1048576,null],[8005661,8007645,146,4922,4096,null],[8037053,8360157,146,4927,4194304,null],[8361212,8364092,146,4929,16384,null],[8462012,8784956,146,4934,4194304,null],[8786012,8787964,146,4936,4096,null]]"
llm_prefill,sym_prefetch,0,model_gemm,"[[2477345,2614146,7,3738,null,""volta_sgemm_128x64_tn""],[2628673,2647489,7,3808,null,""volta_sgemm_64x64_tn""],[2699809,2725889,7,3874,null,""volta_sgemm_64x64_nn""],[2733185,2795714,7,3903,null,""volta_sgemm_128x64_tn""],[2807105,2971873,7,3957,null,""volta_sgemm_128x128_tn""],[2986945,3182625,7,3982,null,""volta_sgemm_128x64_tn""],[4644288,4781568,7,4135,null,""volta_sgemm_128x64_tn""],[4796096,4814848,7,4205,null,""volta_sgemm_64x64_tn""],[4865343,4891776,7,4271,null,""volta_sgemm_64x64_nn""],[4899455,4962592,7,4300,null,""volta_sgemm_128x64_tn""],[4973823,5138431,7,4354,null,""volta_sgemm_128x128_tn""],[5152831,5348031,7,4379,null,""volta_sgemm_128x64_tn""],[6763070,6901086,7,4569,null,""volta_sgemm_128x64_tn""],[6915390,6934366,7,4639,null,""volta_sgemm_64x64_tn""],[6984638,7010718,7,4705,null,""volta_sgemm_64x64_nn""],[7017918,7081790,7,4734,null,""volta_sgemm_128x64_tn""],[7093182,7258429,7,4788,null,""volta_sgemm_128x128_tn""],[7274621,7469277,7,4813,null,""volta_sgemm_128x64_tn""],[8888124,9025564,7,5003,null,""volta_sgemm_128x64_tn""],[9040316,9059196,7,5073,null,""volta_sgemm_64x64_tn""],[9109436,9135708,7,5139,null,""volta_sgemm_64x64_nn""],[9143036,9206780,7,5168,null,""volta_sgemm_128x64_tn""],[9218108,9383420,7,5222,null,""volta_sgemm_128x128_tn""],[9398908,9594203,7,5247,null,""volta_sgemm_128x64_tn""],[9758939,9851547,7,5348,null,""volta_sgemm_128x64_tn""]]"
llm_prefill,torch_serial,0,model_kernel_union,"[[162574,166382,null,null,null,null],[226894,231246,null,null,null,null],[2030476,2036364,null,null,null,null],[2038412,2175980,null,null,null,null],[2176716,2180844,null,null,null,null],[2181420,2185452,null,null,null,null],[2185932,2186924,null,null,null,null],[2187468,2189804,null,null,null,null],[2190348,2209388,null,null,null,null],[2209932,2225260,null,null,null,null],[2225772,2227564,null,null,null,null],[2239244,2249356,null,null,null,null],[2249900,2258764,null,null,null,null],[2259276,2285612,null,null,null,null],[2286252,2290988,null,null,null,null],[2293004,2356972,null,null,null,null],[2357580,2361644,null,null,null,null],[2362124,2366220,null,null,null,null],[2368204,2533292,null,null,null,null],[2533899,2546252,null,null,null,null],[2548172,2743052,null,null,null,null],[2743595,2747435,null,null,null,null],[4511178,4517130,null,null,null,null],[4519114,4656394,null,null,null,null],[4657066,4661354,null,null,null,null],[4661834,4665770,null,null,null,null],[4666250,4667242,null,null,null,null],[4667818,4670058,null,null,null,null],[4670666,4689450,null,null,null,null],[4690346,4705418,null,null,null,null],[4705994,4707754,null,null,null,null],[4720073,4730186,null,null,null,null],[4730698,4740137,null,null,null,null],[4740682,4766954,null,null,null,null],[4767754,4772650,null,null,null,null],[4774602,4837738,null,null,null,null],[4838282,4842314,null,null,null,null],[4842826,4846954,null,null,null,null],[4848937,5013738,null,null,null,null],[5014281,5026857,null,null,null,null],[5028810,5224361,null,null,null,null],[5224969,5228681,null,null,null,null],[6995656,7001544,null,null,null,null],[7003592,7141288,null,null,null,null],[7141896,7146631,null,null,null,null],[7147240,7151400,null,null,null,null],[7152007,7152999,null,null,null,null],[7153544,7155848,null,null,null,null],[7156360,7175303,null,null,null,null],[7176135,7192328,null,null,null,null],[7192839,7194728,null,null,null,null],[7207367,7217416,null,null,null,null],[7217927,7226791,null,null,null,null],[7227335,7253575,null,null,null,null],[7254280,7258920,null,null,null,null],[7260872,7324711,null,null,null,null],[7325576,7329479,null,null,null,null],[7329991,7334023,null,null,null,null],[7335943,7501383,null,null,null,null],[7501895,7514311,null,null,null,null],[7516359,7711239,null,null,null,null],[7711815,7715527,null,null,null,null],[9484230,9490341,null,null,null,null],[9492358,9629957,null,null,null,null],[9630533,9635078,null,null,null,null],[9635589,9639526,null,null,null,null],[9640133,9641094,null,null,null,null],[9641734,9643974,null,null,null,null],[9644549,9663654,null,null,null,null],[9664517,9680229,null,null,null,null],[9680773,9682661,null,null,null,null],[9694277,9704518,null,null,null,null],[9704965,9713989,null,null,null,null],[9714565,9740741,null,null,null,null],[9741381,9746149,null,null,null,null],[9748101,9811205,null,null,null,null],[9811717,9815781,null,null,null,null],[9816293,9820325,null,null,null,null],[9822341,9987045,null,null,null,null],[9987589,10000325,null,null,null,null],[10002245,10197349,null,null,null,null],[10197957,10201573,null,null,null,null],[10260869,10265189,null,null,null,null],[10318885,10410757,null,null,null,null],[10414693,10419621,null,null,null,null]]"
llm_prefill,torch_serial,0,h2d,"[[360334,602893,24,5467,3145728,null],[603949,606509,24,5483,12288,null],[788205,869997,24,5540,1048576,null],[871053,872749,24,5556,4096,null],[928493,1254541,24,5613,4194304,null],[1256077,1258957,24,5629,16384,null],[1469580,1810828,24,5686,4194304,null],[1812396,1814316,24,5702,4096,null],[2831499,3074123,24,6106,3145728,null],[3075179,3077707,24,6122,12288,null],[3257099,3339051,24,6179,1048576,null],[3340107,3342027,24,6195,4096,null],[3398411,3725419,24,6252,4194304,null],[3726987,3729834,24,6268,16384,null],[3946634,4291050,24,6325,4194304,null],[4292586,4294506,24,6341,4096,null],[5312329,5554953,24,6823,3145728,null],[5555977,5558537,24,6839,12288,null],[5742729,5824713,24,6896,1048576,null],[5825769,5827689,24,6912,4096,null],[5885673,6212841,24,6969,4194304,null],[6214664,6217545,24,6985,16384,null],[6429544,6774664,24,7042,4194304,null],[6776392,6778376,24,7058,4096,null],[7798823,8041575,24,7540,3145728,null],[8042631,8045255,24,7556,12288,null],[8226951,8308903,24,7613,1048576,null],[8309959,8311943,24,7629,4096,null],[8368903,8695910,24,7686,4194304,null],[8697414,8700390,24,7702,16384,null],[8918150,9262886,24,7759,4194304,null],[9264422,9266822,24,7775,4096,null]]"
llm_prefill,torch_serial,0,model_gemm,"[[2038412,2175980,7,5819,null,""volta_sgemm_128x64_tn""],[2190348,2209388,7,5889,null,""volta_sgemm_64x64_tn""],[2259276,2285612,7,5955,null,""volta_sgemm_64x64_nn""],[2293004,2356972,7,5984,null,""volta_sgemm_128x64_tn""],[2368204,2533292,7,6038,null,""volta_sgemm_128x128_tn""],[2548172,2743052,7,6063,null,""volta_sgemm_128x64_tn""],[4519114,4656394,7,6494,null,""volta_sgemm_128x64_tn""],[4670666,4689450,7,6574,null,""volta_sgemm_64x64_tn""],[4740682,4766954,7,6650,null,""volta_sgemm_64x64_nn""],[4774602,4837738,7,6683,null,""volta_sgemm_128x64_tn""],[4848937,5013738,7,6747,null,""volta_sgemm_128x128_tn""],[5028810,5224361,7,6776,null,""volta_sgemm_128x64_tn""],[7003592,7141288,7,7211,null,""volta_sgemm_128x64_tn""],[7156360,7175303,7,7291,null,""volta_sgemm_64x64_tn""],[7227335,7253575,7,7367,null,""volta_sgemm_64x64_nn""],[7260872,7324711,7,7400,null,""volta_sgemm_128x64_tn""],[7335943,7501383,7,7464,null,""volta_sgemm_128x128_tn""],[7516359,7711239,7,7493,null,""volta_sgemm_128x64_tn""],[9492358,9629957,7,7928,null,""volta_sgemm_128x64_tn""],[9644549,9663654,7,8008,null,""volta_sgemm_64x64_tn""],[9714565,9740741,7,8084,null,""volta_sgemm_64x64_nn""],[9748101,9811205,7,8117,null,""volta_sgemm_128x64_tn""],[9822341,9987045,7,8181,null,""volta_sgemm_128x128_tn""],[10002245,10197349,7,8210,null,""volta_sgemm_128x64_tn""],[10318885,10410757,7,8288,null,""volta_sgemm_128x64_tn""]]"
llm_prefill,torch_prefetch,0,model_kernel_union,"[[128162,131970,null,null,null,null],[183330,187522,null,null,null,null],[1941633,1947681,null,null,null,null],[1949697,2086945,null,null,null,null],[2087521,2091841,null,null,null,null],[2092385,2096289,null,null,null,null],[2096865,2097857,null,null,null,null],[2098401,2100673,null,null,null,null],[2101217,2119617,null,null,null,null],[2120481,2135360,null,null,null,null],[2136001,2137856,null,null,null,null],[2150689,2160769,null,null,null,null],[2161313,2170689,null,null,null,null],[2171169,2197089,null,null,null,null],[2197697,2202369,null,null,null,null],[2210113,2273568,null,null,null,null],[2274113,2278241,null,null,null,null],[2278752,2282912,null,null,null,null],[2292352,2474784,null,null,null,null],[2485345,2504192,null,null,null,null],[2551296,2927488,null,null,null,null],[2928064,2935424,null,null,null,null],[4010815,4016895,null,null,null,null],[4018943,4156831,null,null,null,null],[4158495,4163263,null,null,null,null],[4163807,4167999,null,null,null,null],[4168607,4169599,null,null,null,null],[4170143,4172511,null,null,null,null],[4173023,4192255,null,null,null,null],[4192927,4208511,null,null,null,null],[4209055,4211071,null,null,null,null],[4226591,4237023,null,null,null,null],[4237471,4246719,null,null,null,null],[4247295,4274367,null,null,null,null],[4276511,4281119,null,null,null,null],[4289247,4362591,null,null,null,null],[4375839,4385375,null,null,null,null],[4432479,4445087,null,null,null,null],[4524447,4715006,null,null,null,null],[4729534,4746910,null,null,null,null],[4751390,4947902,null,null,null,null],[4948446,4952446,null,null,null,null],[5826334,5832221,null,null,null,null],[5834205,5971325,null,null,null,null],[5971869,5976637,null,null,null,null],[5977181,5981149,null,null,null,null],[5982173,5983165,null,null,null,null],[5984606,5986909,null,null,null,null],[5987421,6007037,null,null,null,null],[6008061,6023069,null,null,null,null],[6023581,6025501,null,null,null,null],[6038045,6049245,null,null,null,null],[6050653,6059805,null,null,null,null],[6060349,6086877,null,null,null,null],[6087389,6092029,null,null,null,null],[6099805,6163549,null,null,null,null],[6164157,6168253,null,null,null,null],[6168797,6173245,null,null,null,null],[6176413,6361885,null,null,null,null],[6404061,6421981,null,null,null,null],[6519133,6776317,null,null,null,null],[6776797,6780701,null,null,null,null],[7807196,7813372,null,null,null,null],[7815388,7953084,null,null,null,null],[7953692,7958076,null,null,null,null],[7958620,7962524,null,null,null,null],[7963036,7964027,null,null,null,null],[7964571,7966844,null,null,null,null],[7967388,7986491,null,null,null,null],[7987227,8002428,null,null,null,null],[8002939,8004956,null,null,null,null],[8016220,8025403,null,null,null,null],[8025883,8035035,null,null,null,null],[8035675,8061755,null,null,null,null],[8062587,8067068,null,null,null,null],[8069051,8132988,null,null,null,null],[8133820,8137627,null,null,null,null],[8138203,8142267,null,null,null,null],[8144283,8309627,null,null,null,null],[8310171,8323131,null,null,null,null],[8325179,8520411,null,null,null,null],[8520987,8524635,null,null,null,null],[8602139,8606491,null,null,null,null],[8660123,8751963,null,null,null,null],[8753531,8758427,null,null,null,null]]"
llm_prefill,torch_prefetch,0,h2d,"[[304930,547554,28,8407,3145728,null],[548610,551170,28,8423,12288,null],[733250,814946,28,8480,1048576,null],[816002,817698,28,8496,4096,null],[869442,1192193,28,8553,4194304,null],[1193217,1196098,28,8569,16384,null],[1401537,1724193,28,8626,4194304,null],[1725249,1727169,28,8642,4096,null],[2176320,2419233,28,9045,3145728,null],[2420288,2422976,28,9061,12288,null],[2776128,2858496,28,9118,1048576,null],[2860480,2862432,28,9134,4096,null],[2928704,3255488,28,9191,4194304,null],[3256544,3259616,28,9207,16384,null],[3471839,3794687,28,9264,4194304,null],[3795743,3797983,28,9280,4096,null],[4092479,4335167,28,9715,3145728,null],[4336287,4338975,28,9733,12288,null],[4530271,4612382,28,9798,1048576,null],[4614430,4616895,28,9816,4096,null],[4748382,5071070,28,9881,4194304,null],[5072126,5074974,28,9899,16384,null],[5286366,5609214,28,9964,4194304,null],[5610589,5612510,28,9982,4096,null],[5928829,6171453,28,10435,3145728,null],[6172509,6175037,28,10453,12288,null],[6524221,6606493,28,10518,1048576,null],[6608125,6610429,28,10536,4096,null],[6730845,7053981,28,10601,4194304,null],[7055036,7057980,28,10619,16384,null],[7265756,7588508,28,10684,4194304,null],[7589564,7591484,28,10702,4096,null]]"
llm_prefill,torch_prefetch,0,model_gemm,"[[1949697,2086945,7,8759,null,""volta_sgemm_128x64_tn""],[2101217,2119617,7,8829,null,""volta_sgemm_64x64_tn""],[2171169,2197089,7,8895,null,""volta_sgemm_64x64_nn""],[2210113,2273568,7,8924,null,""volta_sgemm_128x64_tn""],[2292352,2474784,7,8978,null,""volta_sgemm_128x128_tn""],[2551296,2927488,7,9003,null,""volta_sgemm_128x64_tn""],[4018943,4156831,7,9397,null,""volta_sgemm_128x64_tn""],[4173023,4192255,7,9467,null,""volta_sgemm_64x64_tn""],[4247295,4274367,7,9533,null,""volta_sgemm_64x64_nn""],[4289247,4362591,7,9562,null,""volta_sgemm_128x64_tn""],[4524447,4715006,7,9616,null,""volta_sgemm_128x128_tn""],[4751390,4947902,7,9641,null,""volta_sgemm_128x64_tn""],[5834205,5971325,7,10113,null,""volta_sgemm_128x64_tn""],[5987421,6007037,7,10187,null,""volta_sgemm_64x64_tn""],[6060349,6086877,7,10253,null,""volta_sgemm_64x64_nn""],[6099805,6163549,7,10282,null,""volta_sgemm_128x64_tn""],[6176413,6361885,7,10336,null,""volta_sgemm_128x128_tn""],[6519133,6776317,7,10361,null,""volta_sgemm_128x64_tn""],[7815388,7953084,7,10833,null,""volta_sgemm_128x64_tn""],[7967388,7986491,7,10907,null,""volta_sgemm_64x64_tn""],[8035675,8061755,7,10973,null,""volta_sgemm_64x64_nn""],[8069051,8132988,7,11002,null,""volta_sgemm_128x64_tn""],[8144283,8309627,7,11056,null,""volta_sgemm_128x128_tn""],[8325179,8520411,7,11081,null,""volta_sgemm_128x64_tn""],[8660123,8751963,7,11189,null,""volta_sgemm_128x64_tn""]]"
llm_prefill,inductor_serial,0,model_kernel_union,"[[123686,127462,null,null,null,null],[178694,183366,null,null,null,null],[1613636,1619140,null,null,null,null],[1621348,1758372,null,null,null,null],[1758916,1763300,null,null,null,null],[1763908,1767908,null,null,null,null],[1768452,1769444,null,null,null,null],[1769988,1772292,null,null,null,null],[1772868,1791780,null,null,null,null],[1822212,1838084,null,null,null,null],[1854276,1856068,null,null,null,null],[1933316,1942852,null,null,null,null],[1970628,1979460,null,null,null,null],[2043076,2069124,null,null,null,null],[2098052,2102372,null,null,null,null],[2153092,2216292,null,null,null,null],[2217092,2220708,null,null,null,null],[2232804,2236964,null,null,null,null],[2285892,2452164,null,null,null,null],[2452739,2465796,null,null,null,null],[2468163,2663075,null,null,null,null],[2663619,2667491,null,null,null,null],[3940866,3946466,null,null,null,null],[3948450,4085314,null,null,null,null],[4086146,4090434,null,null,null,null],[4090946,4095074,null,null,null,null],[4095618,4096610,null,null,null,null],[4097218,4099490,null,null,null,null],[4100098,4118914,null,null,null,null],[4119522,4135362,null,null,null,null],[4135874,4137762,null,null,null,null],[4189570,4198946,null,null,null,null],[4222338,4231746,null,null,null,null],[4292290,4318498,null,null,null,null],[4347522,4351746,null,null,null,null],[4400514,4464482,null,null,null,null],[4465282,4469122,null,null,null,null],[4478018,4482178,null,null,null,null],[4529730,4694882,null,null,null,null],[4695458,4708066,null,null,null,null],[4710146,4905121,null,null,null,null],[4905698,4909570,null,null,null,null],[6176192,6181696,null,null,null,null],[6183744,6321920,null,null,null,null],[6322688,6327136,null,null,null,null],[6327680,6331552,null,null,null,null],[6332032,6333024,null,null,null,null],[6333568,6335872,null,null,null,null],[6336384,6355136,null,null,null,null],[6355744,6371136,null,null,null,null],[6371744,6373536,null,null,null,null],[6407488,6416768,null,null,null,null],[6439936,6449248,null,null,null,null],[6509984,6536160,null,null,null,null],[6565376,6569632,null,null,null,null],[6618304,6681760,null,null,null,null],[6682560,6686304,null,null,null,null],[6696512,6700608,null,null,null,null],[6748672,6913280,null,null,null,null],[6913792,6926560,null,null,null,null],[6928576,7124064,null,null,null,null],[7124671,7128288,null,null,null,null],[8389502,8395230,null,null,null,null],[8397279,8534622,null,null,null,null],[8535486,8539518,null,null,null,null],[8540030,8543934,null,null,null,null],[8544446,8545470,null,null,null,null],[8545982,8548254,null,null,null,null],[8548798,8567902,null,null,null,null],[8568446,8583902,null,null,null,null],[8584382,8586334,null,null,null,null],[8624958,8634430,null,null,null,null],[8658878,8667774,null,null,null,null],[8729502,8755230,null,null,null,null],[8784382,8788446,null,null,null,null],[8837630,8900830,null,null,null,null],[8901694,8905342,null,null,null,null],[8923454,8927582,null,null,null,null],[8976030,9141886,null,null,null,null],[9142526,9154878,null,null,null,null],[9156926,9352606,null,null,null,null],[9353214,9357053,null,null,null,null],[9414622,9418909,null,null,null,null],[9472574,9565181,null,null,null,null],[9567453,9572381,null,null,null,null]]"
llm_prefill,inductor_serial,0,h2d,"[[288614,530693,32,11308,3145728,null],[531781,534309,32,11324,12288,null],[626885,708389,32,11348,1048576,null],[709445,711141,32,11364,4096,null],[846437,1168868,32,11388,4194304,null],[1169925,1172805,32,11404,16384,null],[1229733,1556100,32,11428,4194304,null],[1557636,1559588,32,11444,4096,null],[2750499,2992835,32,11815,3145728,null],[2993891,2996419,32,11831,12288,null],[3039139,3121027,32,11855,1048576,null],[3122083,3124067,32,11871,4096,null],[3175203,3497571,32,11895,4194304,null],[3498627,3501475,32,11911,16384,null],[3559331,3886178,32,11935,4194304,null],[3887714,3889634,32,11951,4096,null],[4992385,5234625,32,12368,3145728,null],[5235681,5238209,32,12384,12288,null],[5285825,5367713,32,12408,1048576,null],[5368769,5370689,32,12424,4096,null],[5407873,5730209,32,12448,4194304,null],[5731265,5734113,32,12464,16384,null],[5790625,6117312,32,12488,4194304,null],[6118880,6120800,32,12504,4096,null],[7211487,7454047,32,12923,3145728,null],[7455103,7457631,32,12939,12288,null],[7503775,7585663,32,12963,1048576,null],[7586719,7588639,32,12979,4096,null],[7618591,7940959,32,13003,4194304,null],[7942015,7944895,32,13019,16384,null],[8002879,8329726,32,13043,4194304,null],[8331326,8333246,32,13059,4096,null]]"
llm_prefill,inductor_serial,0,model_gemm,"[[1621348,1758372,7,11528,null,""volta_sgemm_128x64_tn""],[1772868,1791780,7,11598,null,""volta_sgemm_64x64_tn""],[2043076,2069124,7,11664,null,""volta_sgemm_64x64_nn""],[2153092,2216292,7,11693,null,""volta_sgemm_128x64_tn""],[2285892,2452164,7,11747,null,""volta_sgemm_128x128_tn""],[2468163,2663075,7,11772,null,""volta_sgemm_128x64_tn""],[3948450,4085314,7,12071,null,""volta_sgemm_128x64_tn""],[4100098,4118914,7,12151,null,""volta_sgemm_64x64_tn""],[4292290,4318498,7,12217,null,""volta_sgemm_64x64_nn""],[4400514,4464482,7,12246,null,""volta_sgemm_128x64_tn""],[4529730,4694882,7,12300,null,""volta_sgemm_128x128_tn""],[4710146,4905121,7,12325,null,""volta_sgemm_128x64_tn""],[6183744,6321920,7,12624,null,""volta_sgemm_128x64_tn""],[6336384,6355136,7,12706,null,""volta_sgemm_64x64_tn""],[6509984,6536160,7,12772,null,""volta_sgemm_64x64_nn""],[6618304,6681760,7,12801,null,""volta_sgemm_128x64_tn""],[6748672,6913280,7,12855,null,""volta_sgemm_128x128_tn""],[6928576,7124064,7,12880,null,""volta_sgemm_128x64_tn""],[8397279,8534622,7,13179,null,""volta_sgemm_128x64_tn""],[8548798,8567902,7,13261,null,""volta_sgemm_64x64_tn""],[8729502,8755230,7,13327,null,""volta_sgemm_64x64_nn""],[8837630,8900830,7,13356,null,""volta_sgemm_128x64_tn""],[8976030,9141886,7,13410,null,""volta_sgemm_128x128_tn""],[9156926,9352606,7,13435,null,""volta_sgemm_128x64_tn""],[9472574,9565181,7,13509,null,""volta_sgemm_128x64_tn""]]"
llm_prefill,inductor_prefetch,0,model_kernel_union,"[[148118,151670,null,null,null,null],[209782,214070,null,null,null,null],[1638389,1643925,null,null,null,null],[1645909,1783124,null,null,null,null],[1783733,1788341,null,null,null,null],[1788885,1792724,null,null,null,null],[1793268,1794261,null,null,null,null],[1794837,1797172,null,null,null,null],[1804308,1823540,null,null,null,null],[1866741,1882645,null,null,null,null],[1899220,1900980,null,null,null,null],[1973588,1983060,null,null,null,null],[2013492,2022900,null,null,null,null],[2086612,2112596,null,null,null,null],[2141908,2146228,null,null,null,null],[2196628,2260468,null,null,null,null],[2261012,2264980,null,null,null,null],[2275924,2280180,null,null,null,null],[2329780,2495156,null,null,null,null],[2495732,2508340,null,null,null,null],[2510324,2706388,null,null,null,null],[2706900,2711028,null,null,null,null],[3751571,3757491,null,null,null,null],[3759507,3896818,null,null,null,null],[3897363,3901810,null,null,null,null],[3902323,3906451,null,null,null,null],[3906963,3907955,null,null,null,null],[3908499,3910803,null,null,null,null],[3911315,3929811,null,null,null,null],[3930387,3945555,null,null,null,null],[3946323,3948179,null,null,null,null],[3960659,3969907,null,null,null,null],[3991666,4000851,null,null,null,null],[4061554,4087634,null,null,null,null],[4115955,4120530,null,null,null,null],[4169362,4232818,null,null,null,null],[4233426,4237459,null,null,null,null],[4247058,4251250,null,null,null,null],[4298674,4464242,null,null,null,null],[4464850,4477202,null,null,null,null],[4479186,4675122,null,null,null,null],[4675666,4679730,null,null,null,null],[5751505,5757297,null,null,null,null],[5759249,5896401,null,null,null,null],[5896977,5901457,null,null,null,null],[5901905,5905905,null,null,null,null],[5906513,5907473,null,null,null,null],[5908049,5910289,null,null,null,null],[5910897,5929777,null,null,null,null],[5930321,5946001,null,null,null,null],[5946609,5948369,null,null,null,null],[5969681,5978833,null,null,null,null],[6003537,6012529,null,null,null,null],[6073969,6099857,null,null,null,null],[6129329,6133425,null,null,null,null],[6182673,6245873,null,null,null,null],[6246673,6250449,null,null,null,null],[6261712,6265905,null,null,null,null],[6313841,6479152,null,null,null,null],[6479761,6492560,null,null,null,null],[6494608,6690352,null,null,null,null],[6690960,6694832,null,null,null,null],[7781135,7786991,null,null,null,null],[7788943,7926703,null,null,null,null],[7927503,7931695,null,null,null,null],[7932239,7936175,null,null,null,null],[7936719,7937743,null,null,null,null],[7938255,7940591,null,null,null,null],[7941135,7960143,null,null,null,null],[7960719,7976527,null,null,null,null],[7977039,7978799,null,null,null,null],[7990607,8000143,null,null,null,null],[8000719,8009583,null,null,null,null],[8069263,8095215,null,null,null,null],[8124079,8128399,null,null,null,null],[8177135,8239663,null,null,null,null],[8240495,8244079,null,null,null,null],[8254255,8258351,null,null,null,null],[8305903,8471343,null,null,null,null],[8471887,8483983,null,null,null,null],[8485967,8680751,null,null,null,null],[8681326,8685007,null,null,null,null],[8763534,8767854,null,null,null,null],[8823119,8915886,null,null,null,null],[8921166,8926094,null,null,null,null]]"
llm_prefill,inductor_prefetch,0,h2d,"[[354486,596726,36,13628,3145728,null],[597750,600342,36,13644,12288,null],[665238,746773,36,13668,1048576,null],[747829,749493,36,13684,4096,null],[871510,1193909,36,13708,4194304,null],[1194965,1197813,36,13724,16384,null],[1258357,1580661,36,13748,4194304,null],[1581717,1583669,36,13764,4096,null],[2559796,2802548,36,14134,3145728,null],[2803604,2806164,36,14150,12288,null],[2854163,2936052,36,14174,1048576,null],[2937107,2939060,36,14190,4096,null],[2986291,3308627,36,14214,4194304,null],[3309651,3312499,36,14230,16384,null],[3372915,3695699,36,14254,4194304,null],[3696755,3698707,36,14270,4096,null],[4557778,4799922,36,14672,3145728,null],[4800978,4803506,36,14690,12288,null],[4844626,4926450,36,14718,1048576,null],[4928594,4930514,36,14734,4096,null],[4987538,5310066,36,14758,4194304,null],[5311121,5314001,36,14774,16384,null],[5373201,5695761,36,14798,4194304,null],[5696817,5698769,36,14814,4096,null],[6572784,6814864,36,15216,3145728,null],[6816432,6819184,36,15234,12288,null],[6862704,6944560,36,15262,1048576,null],[6945616,6947568,36,15278,4096,null],[7016688,7339120,36,15302,4194304,null],[7340176,7343056,36,15318,16384,null],[7403792,7726511,36,15342,4194304,null],[7727568,7729520,36,15358,4096,null]]"
llm_prefill,inductor_prefetch,0,model_gemm,"[[1645909,1783124,7,13848,null,""volta_sgemm_128x64_tn""],[1804308,1823540,7,13918,null,""volta_sgemm_64x64_tn""],[2086612,2112596,7,13984,null,""volta_sgemm_64x64_nn""],[2196628,2260468,7,14013,null,""volta_sgemm_128x64_tn""],[2329780,2495156,7,14067,null,""volta_sgemm_128x128_tn""],[2510324,2706388,7,14092,null,""volta_sgemm_128x64_tn""],[3759507,3896818,7,14354,null,""volta_sgemm_128x64_tn""],[3911315,3929811,7,14424,null,""volta_sgemm_64x64_tn""],[4061554,4087634,7,14490,null,""volta_sgemm_64x64_nn""],[4169362,4232818,7,14519,null,""volta_sgemm_128x64_tn""],[4298674,4464242,7,14573,null,""volta_sgemm_128x128_tn""],[4479186,4675122,7,14598,null,""volta_sgemm_128x64_tn""],[5759249,5896401,7,14898,null,""volta_sgemm_128x64_tn""],[5910897,5929777,7,14968,null,""volta_sgemm_64x64_tn""],[6073969,6099857,7,15034,null,""volta_sgemm_64x64_nn""],[6182673,6245873,7,15063,null,""volta_sgemm_128x64_tn""],[6313841,6479152,7,15117,null,""volta_sgemm_128x128_tn""],[6494608,6690352,7,15142,null,""volta_sgemm_128x64_tn""],[7788943,7926703,7,15442,null,""volta_sgemm_128x64_tn""],[7941135,7960143,7,15512,null,""volta_sgemm_64x64_tn""],[8069263,8095215,7,15578,null,""volta_sgemm_64x64_nn""],[8177135,8239663,7,15607,null,""volta_sgemm_128x64_tn""],[8305903,8471343,7,15661,null,""volta_sgemm_128x128_tn""],[8485967,8680751,7,15686,null,""volta_sgemm_128x64_tn""],[8823119,8915886,7,15794,null,""volta_sgemm_128x64_tn""]]"
llm_long_prefill,sym_blocking,0,model_kernel_union,"[[186071,200695,null,null,null,null],[289495,309399,null,null,null,null],[3336149,3354165,null,null,null,null],[3454677,3907668,null,null,null,null],[3908245,3926741,null,null,null,null],[3927252,3945460,null,null,null,null],[3946100,3947924,null,null,null,null],[3948692,3954964,null,null,null,null],[3955508,4173812,null,null,null,null],[4174484,4431092,null,null,null,null],[4431700,4436948,null,null,null,null],[4690260,4947412,null,null,null,null],[4948020,5227828,null,null,null,null],[5228852,5445108,null,null,null,null],[5445907,5461748,null,null,null,null],[5463796,5633971,null,null,null,null],[5634611,5656563,null,null,null,null],[5657171,5669363,null,null,null,null],[5670036,6274067,null,null,null,null],[6274675,6338291,null,null,null,null],[6340307,6978674,null,null,null,null],[6979219,7000306,null,null,null,null],[8552337,8570226,null,null,null,null],[8632658,9086321,null,null,null,null],[9086929,9105169,null,null,null,null],[9105809,9124017,null,null,null,null],[9124561,9126449,null,null,null,null],[9127057,9133553,null,null,null,null],[9134097,9352785,null,null,null,null],[9353393,9609201,null,null,null,null],[9609809,9615121,null,null,null,null],[9869009,10124465,null,null,null,null],[10124977,10406224,null,null,null,null],[10406800,10630672,null,null,null,null],[10631312,10647472,null,null,null,null],[10649680,10819696,null,null,null,null],[10820240,10842608,null,null,null,null],[10843216,10855856,null,null,null,null],[10856400,11462288,null,null,null,null],[11462800,11527600,null,null,null,null],[11529552,12169519,null,null,null,null],[12170192,12191503,null,null,null,null],[13697263,13715375,null,null,null,null],[13773262,14227310,null,null,null,null],[14227918,14246286,null,null,null,null],[14246798,14265550,null,null,null,null],[14266126,14268014,null,null,null,null],[14268622,14275118,null,null,null,null],[14275726,14494446,null,null,null,null],[14495150,14751534,null,null,null,null],[14752078,14757422,null,null,null,null],[15010830,15266413,null,null,null,null],[15266957,15544525,null,null,null,null],[15545485,15759565,null,null,null,null],[15760141,15776077,null,null,null,null],[15778061,15947981,null,null,null,null],[15948781,15970573,null,null,null,null],[15971085,15983213,null,null,null,null],[15983821,16590157,null,null,null,null],[16591053,16654189,null,null,null,null],[16656269,17295148,null,null,null,null],[17296140,17317228,null,null,null,null],[18765707,18783467,null,null,null,null],[18826891,19281707,null,null,null,null],[19282315,19300939,null,null,null,null],[19301547,19320075,null,null,null,null],[19320651,19322507,null,null,null,null],[19323019,19329451,null,null,null,null],[19329995,19548171,null,null,null,null],[19548811,19805547,null,null,null,null],[19806091,19811403,null,null,null,null],[20065322,20320746,null,null,null,null],[20321386,20602858,null,null,null,null],[20603786,20817034,null,null,null,null],[20817802,20833706,null,null,null,null],[20835786,21005386,null,null,null,null],[21005962,21028106,null,null,null,null],[21028746,21041098,null,null,null,null],[21041674,21645962,null,null,null,null],[21646538,21710250,null,null,null,null],[21712329,22351209,null,null,null,null],[22351785,22372777,null,null,null,null],[22373385,22385609,null,null,null,null],[22386121,22688873,null,null,null,null],[22690057,22695401,null,null,null,null]]"
llm_long_prefill,sym_blocking,0,h2d,"[[1767894,2012054,144,98,3145728,null],[2022262,2023733,144,100,12288,null],[2104693,2186838,144,105,1048576,null],[2193909,2194869,144,107,4096,null],[2225942,2548853,144,112,4194304,null],[2554357,2556053,144,114,16384,null],[2653877,2976085,144,119,4194304,null],[2980149,2980629,144,121,4096,null],[7006291,7248499,144,463,3145728,null],[7252659,7254130,144,465,12288,null],[7335602,7417458,144,470,1048576,null],[7423794,7424786,144,472,4096,null],[7455826,7778194,144,477,4194304,null],[7782066,7783634,144,479,16384,null],[7883442,8205650,144,484,4194304,null],[8209714,8210194,144,486,4096,null],[12196527,12438511,144,828,3145728,null],[12442255,12443727,144,830,12288,null],[12524207,12606127,144,835,1048576,null],[12612399,12613359,144,837,4096,null],[12638095,12960559,144,842,4194304,null],[12963471,12965039,144,844,16384,null],[13062831,13384879,144,849,4194304,null],[13390094,13390607,144,851,4096,null],[17322668,17564620,144,1193,3145728,null],[17568428,17569900,144,1195,12288,null],[17651372,17733164,144,1200,1048576,null],[17739660,17740620,144,1202,4096,null],[17765260,18087628,144,1207,4194304,null],[18090668,18092204,144,1209,16384,null],[18185100,18507211,144,1214,4194304,null],[18511115,18511627,144,1216,4096,null]]"
llm_long_prefill,sym_blocking,0,model_gemm,"[[3454677,3907668,7,170,null,""volta_sgemm_128x128_tn""],[3955508,4173812,7,240,null,""volta_sgemm_64x64_tn""],[5228852,5445108,7,306,null,""volta_sgemm_64x64_nn""],[5463796,5633971,7,335,null,""volta_sgemm_128x64_tn""],[5670036,6274067,7,388,null,""volta_sgemm_128x128_tn""],[6340307,6978674,7,413,null,""volta_sgemm_128x64_tn""],[8632658,9086321,7,535,null,""volta_sgemm_128x128_tn""],[9134097,9352785,7,605,null,""volta_sgemm_64x64_tn""],[10406800,10630672,7,671,null,""volta_sgemm_64x64_nn""],[10649680,10819696,7,700,null,""volta_sgemm_128x64_tn""],[10856400,11462288,7,753,null,""volta_sgemm_128x128_tn""],[11529552,12169519,7,778,null,""volta_sgemm_128x64_tn""],[13773262,14227310,7,900,null,""volta_sgemm_128x128_tn""],[14275726,14494446,7,970,null,""volta_sgemm_64x64_tn""],[15545485,15759565,7,1036,null,""volta_sgemm_64x64_nn""],[15778061,15947981,7,1065,null,""volta_sgemm_128x64_tn""],[15983821,16590157,7,1118,null,""volta_sgemm_128x128_tn""],[16656269,17295148,7,1143,null,""volta_sgemm_128x64_tn""],[18826891,19281707,7,1265,null,""volta_sgemm_128x128_tn""],[19329995,19548171,7,1335,null,""volta_sgemm_64x64_tn""],[20603786,20817034,7,1401,null,""volta_sgemm_64x64_nn""],[20835786,21005386,7,1430,null,""volta_sgemm_128x64_tn""],[21041674,21645962,7,1483,null,""volta_sgemm_128x128_tn""],[21712329,22351209,7,1508,null,""volta_sgemm_128x64_tn""],[22386121,22688873,7,1561,null,""volta_sgemm_128x128_tn""]]"
llm_long_prefill,sym_serial,0,model_kernel_union,"[[107975,119623,null,null,null,null],[166215,186439,null,null,null,null],[2414566,2432326,null,null,null,null],[2432966,2886982,null,null,null,null],[2887622,2906277,null,null,null,null],[2906821,2925029,null,null,null,null],[2925606,2927462,null,null,null,null],[2928261,2934629,null,null,null,null],[2935205,3153989,null,null,null,null],[3154661,3409349,null,null,null,null],[3409861,3415077,null,null,null,null],[3668901,3926085,null,null,null,null],[3926661,4202276,null,null,null,null],[4202885,4417124,null,null,null,null],[4417733,4433700,null,null,null,null],[4435685,4605413,null,null,null,null],[4606020,4627908,null,null,null,null],[4628421,4640516,null,null,null,null],[4641093,5246308,null,null,null,null],[5246916,5310980,null,null,null,null],[5313284,5952004,null,null,null,null],[5952772,5974116,null,null,null,null],[8177922,8195554,null,null,null,null],[8196162,8649154,null,null,null,null],[8649794,8667842,null,null,null,null],[8668610,8686722,null,null,null,null],[8687234,8689090,null,null,null,null],[8689666,8696194,null,null,null,null],[8696738,8916290,null,null,null,null],[8916962,9170722,null,null,null,null],[9171266,9176450,null,null,null,null],[9429889,9685441,null,null,null,null],[9685953,9963969,null,null,null,null],[9964865,10190849,null,null,null,null],[10191681,10207521,null,null,null,null],[10209537,10379553,null,null,null,null],[10380193,10402273,null,null,null,null],[10402817,10414785,null,null,null,null],[10415361,11019937,null,null,null,null],[11020480,11083520,null,null,null,null],[11085568,11724096,null,null,null,null],[11724672,11745888,null,null,null,null],[13896894,13914783,null,null,null,null],[13915390,14369087,null,null,null,null],[14369662,14388510,null,null,null,null],[14389022,14407455,null,null,null,null],[14408030,14409886,null,null,null,null],[14410430,14416990,null,null,null,null],[14417534,14635230,null,null,null,null],[14635838,14892734,null,null,null,null],[14893310,14898718,null,null,null,null],[15152446,15408126,null,null,null,null],[15408670,15687518,null,null,null,null],[15688477,15902973,null,null,null,null],[15903613,15919581,null,null,null,null],[15921597,16091261,null,null,null,null],[16091837,16113917,null,null,null,null],[16114493,16126685,null,null,null,null],[16127197,16731869,null,null,null,null],[16732605,16795517,null,null,null,null],[16797565,17436316,null,null,null,null],[17436893,17458012,null,null,null,null],[19586939,19604827,null,null,null,null],[19605371,20059515,null,null,null,null],[20060219,20078779,null,null,null,null],[20079291,20097627,null,null,null,null],[20098139,20099995,null,null,null,null],[20100539,20106971,null,null,null,null],[20107515,20325275,null,null,null,null],[20325819,20582843,null,null,null,null],[20583483,20588955,null,null,null,null],[20842490,21097882,null,null,null,null],[21098490,21382106,null,null,null,null],[21383034,21599738,null,null,null,null],[21600314,21616666,null,null,null,null],[21618746,21789146,null,null,null,null],[21789690,21811482,null,null,null,null],[21812090,21824538,null,null,null,null],[21825146,22432346,null,null,null,null],[22433081,22496537,null,null,null,null],[22498489,23138265,null,null,null,null],[23138841,23159865,null,null,null,null],[23260345,23272345,null,null,null,null],[23314809,23615929,null,null,null,null],[23617017,23622393,null,null,null,null]]"
llm_long_prefill,sym_serial,0,h2d,"[[1094054,1336711,145,1677,3145728,null],[1337766,1340326,145,1679,12288,null],[1417030,1501286,145,1684,1048576,null],[1502918,1504870,145,1686,4096,null],[1534790,1871110,145,1691,4194304,null],[1872646,1875558,145,1693,16384,null],[1972038,2317062,145,1698,4194304,null],[2318598,2320550,145,1700,4096,null],[6857443,7100099,145,2077,3145728,null],[7101155,7103715,145,2079,12288,null],[7180099,7264323,145,2084,1048576,null],[7265923,7267907,145,2086,4096,null],[7298883,7635074,145,2091,4194304,null],[7636642,7639522,145,2093,16384,null],[7735106,8080514,145,2098,4194304,null],[8082050,8084002,145,2100,4096,null],[12564799,12807423,145,2549,3145728,null],[12808479,12811039,145,2551,12288,null],[12894015,12978303,145,2556,1048576,null],[12979935,12981919,145,2558,4096,null],[13010751,13348223,145,2563,4194304,null],[13349823,13352703,145,2565,16384,null],[13454143,13799743,145,2570,4194304,null],[13801279,13803231,145,2572,4096,null],[18259516,18502172,145,3021,3145728,null],[18503228,18505756,145,3023,12288,null],[18586428,18670652,145,3028,1048576,null],[18672188,18674172,145,3030,4096,null],[18705212,19042908,145,3035,4194304,null],[19044443,19047356,145,3037,16384,null],[19143484,19489787,145,3042,4194304,null],[19491355,19493275,145,3044,4096,null]]"
llm_long_prefill,sym_serial,0,model_gemm,"[[2432966,2886982,7,1762,null,""volta_sgemm_128x128_tn""],[2935205,3153989,7,1832,null,""volta_sgemm_64x64_tn""],[4202885,4417124,7,1898,null,""volta_sgemm_64x64_nn""],[4435685,4605413,7,1927,null,""volta_sgemm_128x64_tn""],[4641093,5246308,7,1980,null,""volta_sgemm_128x128_tn""],[5313284,5952004,7,2005,null,""volta_sgemm_128x64_tn""],[8196162,8649154,7,2190,null,""volta_sgemm_128x128_tn""],[8696738,8916290,7,2270,null,""volta_sgemm_64x64_tn""],[9964865,10190849,7,2346,null,""volta_sgemm_64x64_nn""],[10209537,10379553,7,2379,null,""volta_sgemm_128x64_tn""],[10415361,11019937,7,2442,null,""volta_sgemm_128x128_tn""],[11085568,11724096,7,2471,null,""volta_sgemm_128x64_tn""],[13915390,14369087,7,2662,null,""volta_sgemm_128x128_tn""],[14417534,14635230,7,2742,null,""volta_sgemm_64x64_tn""],[15688477,15902973,7,2818,null,""volta_sgemm_64x64_nn""],[15921597,16091261,7,2851,null,""volta_sgemm_128x64_tn""],[16127197,16731869,7,2914,null,""volta_sgemm_128x128_tn""],[16797565,17436316,7,2943,null,""volta_sgemm_128x64_tn""],[19605371,20059515,7,3134,null,""volta_sgemm_128x128_tn""],[20107515,20325275,7,3214,null,""volta_sgemm_64x64_tn""],[21383034,21599738,7,3290,null,""volta_sgemm_64x64_nn""],[21618746,21789146,7,3323,null,""volta_sgemm_128x64_tn""],[21825146,22432346,7,3386,null,""volta_sgemm_128x128_tn""],[22498489,23138265,7,3415,null,""volta_sgemm_128x64_tn""],[23314809,23615929,7,3492,null,""volta_sgemm_128x128_tn""]]"
llm_long_prefill,sym_prefetch,0,model_kernel_union,"[[247946,259978,null,null,null,null],[329962,350314,null,null,null,null],[2681640,2699400,null,null,null,null],[2700008,3155176,null,null,null,null],[3155784,3174088,null,null,null,null],[3174696,3193064,null,null,null,null],[3193576,3195496,null,null,null,null],[3196200,3202760,null,null,null,null],[3203304,3421320,null,null,null,null],[3421896,3676424,null,null,null,null],[3677608,3682792,null,null,null,null],[4016007,4276679,null,null,null,null],[4298951,4586535,null,null,null,null],[4587527,4915303,null,null,null,null],[4916071,4933575,null,null,null,null],[4941991,5112263,null,null,null,null],[5112871,5135623,null,null,null,null],[5136167,5149671,null,null,null,null],[5150247,5779462,null,null,null,null],[5795622,5859910,null,null,null,null],[5862630,6502502,null,null,null,null],[6503110,6524166,null,null,null,null],[6525542,6538374,null,null,null,null],[6538918,6993094,null,null,null,null],[6993702,7012518,null,null,null,null],[7013702,7032229,null,null,null,null],[7032773,7034629,null,null,null,null],[7036646,7042886,null,null,null,null],[7044582,7274789,null,null,null,null],[7338822,7598053,null,null,null,null],[7618149,7623621,null,null,null,null],[7884133,8142597,null,null,null,null],[8234085,8522725,null,null,null,null],[8523749,8859589,null,null,null,null],[8860196,8876100,null,null,null,null],[8879332,9049796,null,null,null,null],[9050468,9072613,null,null,null,null],[9073604,9085796,null,null,null,null],[9086596,9693156,null,null,null,null],[9693700,9757732,null,null,null,null],[9759780,10399044,null,null,null,null],[10399651,10420772,null,null,null,null],[10422180,10434500,null,null,null,null],[10435044,10885379,null,null,null,null],[10886243,10904739,null,null,null,null],[10905379,10923907,null,null,null,null],[10925411,10927331,null,null,null,null],[10928995,10935203,null,null,null,null],[10935779,11165987,null,null,null,null],[11231523,11489955,null,null,null,null],[11511011,11516259,null,null,null,null],[11777955,12036227,null,null,null,null],[12127362,12414498,null,null,null,null],[12415170,12736194,null,null,null,null],[12736706,12754018,null,null,null,null],[12756482,12926146,null,null,null,null],[12926754,12948802,null,null,null,null],[12949346,12961826,null,null,null,null],[12962338,13566305,null,null,null,null],[13566945,13630114,null,null,null,null],[13632129,14271137,null,null,null,null],[14271649,14292609,null,null,null,null],[14294177,14306785,null,null,null,null],[14307361,14760449,null,null,null,null],[14761121,14779265,null,null,null,null],[14779809,14797793,null,null,null,null],[14798305,14800193,null,null,null,null],[14800769,14807105,null,null,null,null],[14807585,15026497,null,null,null,null],[15027041,15283841,null,null,null,null],[15284481,15289728,null,null,null,null],[15543136,15798848,null,null,null,null],[15799360,16080800,null,null,null,null],[16081472,16320160,null,null,null,null],[16320768,16336736,null,null,null,null],[16338848,16508832,null,null,null,null],[16509472,16531168,null,null,null,null],[16532064,16544448,null,null,null,null],[16544928,17149887,null,null,null,null],[17150559,17214623,null,null,null,null],[17216831,17855871,null,null,null,null],[17856479,17877823,null,null,null,null],[17984479,17996607,null,null,null,null],[18042271,18343967,null,null,null,null],[18345471,18350911,null,null,null,null]]"
llm_long_prefill,sym_prefetch,0,h2d,"[[1399625,1642345,146,3634,3145728,null],[1643401,1645993,146,3636,12288,null],[1727081,1808969,146,3641,1048576,null],[1810025,1811945,146,3643,4096,null],[1840745,2163784,146,3648,4194304,null],[2164841,2167721,146,3650,16384,null],[2263017,2586024,146,3655,4194304,null],[2587081,2589032,146,3657,4096,null],[3638792,3885416,146,4029,3145728,null],[3889128,3894728,146,4031,12288,null],[4023495,4106824,146,4036,1048576,null],[4108680,4111527,146,4038,4096,null],[4302824,4634983,146,4043,4194304,null],[4636871,4641031,146,4045,16384,null],[4904359,5227271,146,4050,4194304,null],[5228551,5230503,146,4052,4096,null],[6983590,7226534,146,4457,3145728,null],[7228677,7231846,146,4459,12288,null],[7344613,7431301,146,4464,1048576,null],[7435397,7439813,146,4466,4096,null],[7624901,7953605,146,4471,4194304,null],[7955845,7959813,146,4473,16384,null],[8243557,8568229,146,4478,4194304,null],[8569797,8572069,146,4480,4096,null],[10876067,11118819,146,4937,3145728,null],[11121027,11123683,146,4939,12288,null],[11236899,11324803,146,4944,1048576,null],[11329123,11333987,146,4946,4096,null],[11516099,11839939,146,4951,4194304,null],[11841827,11845315,146,4953,16384,null],[12142786,12467138,146,4958,4194304,null],[12469346,12472034,146,4960,4096,null]]"
llm_long_prefill,sym_prefetch,0,model_gemm,"[[2700008,3155176,7,3719,null,""volta_sgemm_128x128_tn""],[3203304,3421320,7,3789,null,""volta_sgemm_64x64_tn""],[4587527,4915303,7,3855,null,""volta_sgemm_64x64_nn""],[4941991,5112263,7,3884,null,""volta_sgemm_128x64_tn""],[5150247,5779462,7,3937,null,""volta_sgemm_128x128_tn""],[5862630,6502502,7,3962,null,""volta_sgemm_128x64_tn""],[6538918,6993094,7,4114,null,""volta_sgemm_128x128_tn""],[7044582,7274789,7,4184,null,""volta_sgemm_64x64_tn""],[8523749,8859589,7,4250,null,""volta_sgemm_64x64_nn""],[8879332,9049796,7,4279,null,""volta_sgemm_128x64_tn""],[9086596,9693156,7,4332,null,""volta_sgemm_128x128_tn""],[9759780,10399044,7,4357,null,""volta_sgemm_128x64_tn""],[10435044,10885379,7,4550,null,""volta_sgemm_128x128_tn""],[10935779,11165987,7,4630,null,""volta_sgemm_64x64_tn""],[12415170,12736194,7,4706,null,""volta_sgemm_64x64_nn""],[12756482,12926146,7,4739,null,""volta_sgemm_128x64_tn""],[12962338,13566305,7,4802,null,""volta_sgemm_128x128_tn""],[13632129,14271137,7,4831,null,""volta_sgemm_128x64_tn""],[14307361,14760449,7,5030,null,""volta_sgemm_128x128_tn""],[14807585,15026497,7,5110,null,""volta_sgemm_64x64_tn""],[16081472,16320160,7,5186,null,""volta_sgemm_64x64_nn""],[16338848,16508832,7,5219,null,""volta_sgemm_128x64_tn""],[16544928,17149887,7,5282,null,""volta_sgemm_128x128_tn""],[17216831,17855871,7,5311,null,""volta_sgemm_128x64_tn""],[18042271,18343967,7,5417,null,""volta_sgemm_128x128_tn""]]"
llm_long_prefill,torch_serial,0,model_kernel_union,"[[237337,249177,null,null,null,null],[319321,339417,null,null,null,null],[2171927,2189239,null,null,null,null],[2189879,2644151,null,null,null,null],[2644823,2663479,null,null,null,null],[2664407,2682871,null,null,null,null],[2683511,2685335,null,null,null,null],[2686103,2692535,null,null,null,null],[2693175,2911543,null,null,null,null],[2912151,3169399,null,null,null,null],[3170039,3175287,null,null,null,null],[3429335,3686487,null,null,null,null],[3687094,3963894,null,null,null,null],[3964822,4186486,null,null,null,null],[4187030,4203190,null,null,null,null],[4205142,4375030,null,null,null,null],[4375574,4397558,null,null,null,null],[4398454,4410678,null,null,null,null],[4411222,5015254,null,null,null,null],[5015830,5078838,null,null,null,null],[5080790,5720181,null,null,null,null],[5721045,5742261,null,null,null,null],[7507668,7524500,null,null,null,null],[7525044,7980852,null,null,null,null],[7981524,8000052,null,null,null,null],[8000564,8019060,null,null,null,null],[8019572,8021460,null,null,null,null],[8022228,8028564,null,null,null,null],[8029172,8247348,null,null,null,null],[8248052,8503796,null,null,null,null],[8504276,8509524,null,null,null,null],[8764052,9019827,null,null,null,null],[9020403,9303923,null,null,null,null],[9304563,9552979,null,null,null,null],[9553619,9569299,null,null,null,null],[9571507,9741267,null,null,null,null],[9741907,9763891,null,null,null,null],[9764499,9777267,null,null,null,null],[9777875,10377138,null,null,null,null],[10377682,10440594,null,null,null,null],[10442643,11082162,null,null,null,null],[11082706,11104242,null,null,null,null],[12876049,12893105,null,null,null,null],[12893681,13347825,null,null,null,null],[13348689,13366801,null,null,null,null],[13367441,13385457,null,null,null,null],[13386064,13387920,null,null,null,null],[13388497,13394864,null,null,null,null],[13395441,13613392,null,null,null,null],[13614032,13869936,null,null,null,null],[13870512,13875760,null,null,null,null],[14129328,14384976,null,null,null,null],[14385552,14665424,null,null,null,null],[14666096,14886896,null,null,null,null],[14887440,14903280,null,null,null,null],[14905328,15075471,null,null,null,null],[15076047,15097904,null,null,null,null],[15098448,15110959,null,null,null,null],[15111568,15716463,null,null,null,null],[15717039,15780015,null,null,null,null],[15782095,16421071,null,null,null,null],[16421647,16442703,null,null,null,null],[18203854,18221006,null,null,null,null],[18221646,18675149,null,null,null,null],[18675789,18694061,null,null,null,null],[18694669,18713133,null,null,null,null],[18713677,18715565,null,null,null,null],[18716141,18722637,null,null,null,null],[18723213,18942701,null,null,null,null],[18943341,19197421,null,null,null,null],[19198029,19203245,null,null,null,null],[19457453,19713133,null,null,null,null],[19713741,19997005,null,null,null,null],[19997581,20242476,null,null,null,null],[20243020,20258732,null,null,null,null],[20260748,20429484,null,null,null,null],[20430028,20452044,null,null,null,null],[20452684,20465132,null,null,null,null],[20465612,21068076,null,null,null,null],[21068620,21132524,null,null,null,null],[21134572,21773067,null,null,null,null],[21773643,21794860,null,null,null,null],[21855883,21867947,null,null,null,null],[21906923,22209259,null,null,null,null],[22210379,22215819,null,null,null,null]]"
llm_long_prefill,torch_serial,0,h2d,"[[498233,740760,24,5536,3145728,null],[741816,745080,24,5552,12288,null],[928312,1010200,24,5609,1048576,null],[1011256,1012984,24,5625,4096,null],[1069656,1394008,24,5682,4194304,null],[1395544,1398456,24,5698,16384,null],[1612760,1952311,24,5755,4194304,null],[1954008,1955928,24,5771,4096,null],[5830133,6072789,24,6173,3145728,null],[6073845,6076373,24,6189,12288,null],[6253109,6335061,24,6246,1048576,null],[6336117,6338069,24,6262,4096,null],[6397493,6722709,24,6319,4194304,null],[6724277,6727189,24,6335,16384,null],[6945748,7288628,24,6392,4194304,null],[7290196,7292116,24,6408,4096,null],[11190450,11433010,24,6888,3145728,null],[11434066,11436594,24,6904,12288,null],[11621330,11703313,24,6961,1048576,null],[11704370,11706353,24,6977,4096,null],[11767346,12093617,24,7034,4194304,null],[12095185,12098033,24,7050,16384,null],[12313553,12657041,24,7107,4194304,null],[12658897,12660817,24,7123,4096,null],[16527215,16769838,24,7603,3145728,null],[16771726,16774606,24,7619,12288,null],[16959022,17041006,24,7676,1048576,null],[17042062,17044014,24,7692,4096,null],[17096238,17422766,24,7749,4194304,null],[17424750,17427662,24,7765,16384,null],[17641422,17985390,24,7822,4194304,null],[17987054,17988974,24,7838,4096,null]]"
llm_long_prefill,torch_serial,0,model_gemm,"[[2189879,2644151,7,5887,null,""volta_sgemm_128x128_tn""],[2693175,2911543,7,5957,null,""volta_sgemm_64x64_tn""],[3964822,4186486,7,6023,null,""volta_sgemm_64x64_nn""],[4205142,4375030,7,6052,null,""volta_sgemm_128x64_tn""],[4411222,5015254,7,6105,null,""volta_sgemm_128x128_tn""],[5080790,5720181,7,6130,null,""volta_sgemm_128x64_tn""],[7525044,7980852,7,6560,null,""volta_sgemm_128x128_tn""],[8029172,8247348,7,6640,null,""volta_sgemm_64x64_tn""],[9304563,9552979,7,6716,null,""volta_sgemm_64x64_nn""],[9571507,9741267,7,6749,null,""volta_sgemm_128x64_tn""],[9777875,10377138,7,6812,null,""volta_sgemm_128x128_tn""],[10442643,11082162,7,6841,null,""volta_sgemm_128x64_tn""],[12893681,13347825,7,7275,null,""volta_sgemm_128x128_tn""],[13395441,13613392,7,7355,null,""volta_sgemm_64x64_tn""],[14666096,14886896,7,7431,null,""volta_sgemm_64x64_nn""],[14905328,15075471,7,7464,null,""volta_sgemm_128x64_tn""],[15111568,15716463,7,7527,null,""volta_sgemm_128x128_tn""],[15782095,16421071,7,7556,null,""volta_sgemm_128x64_tn""],[18221646,18675149,7,7990,null,""volta_sgemm_128x128_tn""],[18723213,18942701,7,8070,null,""volta_sgemm_64x64_tn""],[19997581,20242476,7,8146,null,""volta_sgemm_64x64_nn""],[20260748,20429484,7,8179,null,""volta_sgemm_128x64_tn""],[20465612,21068076,7,8242,null,""volta_sgemm_128x128_tn""],[21134572,21773067,7,8271,null,""volta_sgemm_128x64_tn""],[21906923,22209259,7,8348,null,""volta_sgemm_128x128_tn""]]"
llm_long_prefill,torch_prefetch,0,model_kernel_union,"[[221295,232974,null,null,null,null],[301678,322223,null,null,null,null],[2121198,2138574,null,null,null,null],[2139181,2603949,null,null,null,null],[2604525,2623501,null,null,null,null],[2624109,2642637,null,null,null,null],[2643501,2645389,null,null,null,null],[2647405,2654029,null,null,null,null],[2654637,2888333,null,null,null,null],[2907693,3170957,null,null,null,null],[3211981,3218189,null,null,null,null],[3583853,3841804,null,null,null,null],[3855980,4148812,null,null,null,null],[4160460,4449132,null,null,null,null],[4449708,4464748,null,null,null,null],[4474092,4670348,null,null,null,null],[4727148,4752876,null,null,null,null],[4851820,4870668,null,null,null,null],[4872396,5511243,null,null,null,null],[5546027,5614059,null,null,null,null],[5712363,6372267,null,null,null,null],[6372843,6393899,null,null,null,null],[6395339,6407915,null,null,null,null],[6408491,6879819,null,null,null,null],[6923819,6942827,null,null,null,null],[7042378,7061322,null,null,null,null],[7061866,7063882,null,null,null,null],[7065611,7072202,null,null,null,null],[7073387,7306762,null,null,null,null],[7307498,7569610,null,null,null,null],[7578378,7584234,null,null,null,null],[7866922,8126090,null,null,null,null],[8168202,8458505,null,null,null,null],[8510729,8959561,null,null,null,null],[8960169,8975401,null,null,null,null],[8983337,9174697,null,null,null,null],[9186729,9213641,null,null,null,null],[9274473,9300905,null,null,null,null],[9397737,10013897,null,null,null,null],[10014504,10077640,null,null,null,null],[10079689,10730024,null,null,null,null],[10730632,10751464,null,null,null,null],[10752808,10765480,null,null,null,null],[10766152,11236296,null,null,null,null],[11283368,11302728,null,null,null,null],[11383912,11402600,null,null,null,null],[11404104,11405960,null,null,null,null],[11406504,11413128,null,null,null,null],[11414376,11647143,null,null,null,null],[11648232,11908168,null,null,null,null],[11917608,11923303,null,null,null,null],[12206279,12465223,null,null,null,null],[12507047,12792167,null,null,null,null],[12846439,13251687,null,null,null,null],[13252455,13267527,null,null,null,null],[13276071,13449127,null,null,null,null],[13449798,13472518,null,null,null,null],[13473094,13485958,null,null,null,null],[13486502,14110406,null,null,null,null],[14171366,14236678,null,null,null,null],[14334822,14995429,null,null,null,null],[14996070,15017190,null,null,null,null],[15018502,15030949,null,null,null,null],[15031589,15487525,null,null,null,null],[15488197,15506661,null,null,null,null],[15507685,15526277,null,null,null,null],[15526853,15528741,null,null,null,null],[15529253,15535813,null,null,null,null],[15536389,15755717,null,null,null,null],[15756389,16011461,null,null,null,null],[16012005,16017253,null,null,null,null],[16271621,16526981,null,null,null,null],[16527557,16806596,null,null,null,null],[16807653,17053828,null,null,null,null],[17054436,17070276,null,null,null,null],[17072388,17243460,null,null,null,null],[17244260,17266084,null,null,null,null],[17266852,17279364,null,null,null,null],[17279972,17886948,null,null,null,null],[17887844,17950660,null,null,null,null],[17953124,18597123,null,null,null,null],[18597731,18619395,null,null,null,null],[18705251,18717027,null,null,null,null],[18757027,19061955,null,null,null,null],[19063011,19068547,null,null,null,null]]"
llm_long_prefill,torch_prefetch,0,h2d,"[[476911,719406,28,8467,3145728,null],[720430,723022,28,8483,12288,null],[903182,985070,28,8540,1048576,null],[986158,988238,28,8556,4096,null],[1044750,1367470,28,8613,4194304,null],[1368526,1371438,28,8629,16384,null],[1578414,1901102,28,8686,4194304,null],[1902158,1904142,28,8702,4096,null],[2499213,2742093,28,9103,3145728,null],[2743149,2746477,28,9119,12288,null],[3336717,3424077,28,9176,1048576,null],[3428493,3434765,28,9192,4096,null],[4167692,4491084,28,9249,4194304,null],[4492172,4495628,28,9265,16384,null],[4860940,5184396,28,9322,4194304,null],[5185484,5187404,28,9338,4096,null],[6510699,6753163,28,9771,3145728,null],[6754251,6757547,28,9789,12288,null],[7052299,7134762,28,9854,1048576,null],[7135979,7138122,28,9872,4096,null],[7614858,7946154,28,9937,4194304,null],[7948074,7951530,28,9955,16384,null],[8799657,9122409,28,10020,4194304,null],[9123465,9125417,28,10038,4096,null],[10875016,11117608,28,10529,3145728,null],[11118696,11121256,28,10547,12288,null],[11389672,11472264,28,10612,1048576,null],[11474440,11476488,28,10630,4096,null],[11953127,12283303,28,10695,4194304,null],[12285543,12289479,28,10713,16384,null],[13159431,13482246,28,10778,4194304,null],[13484294,13486790,28,10796,4096,null]]"
llm_long_prefill,torch_prefetch,0,model_gemm,"[[2139181,2603949,7,8818,null,""volta_sgemm_128x128_tn""],[2654637,2888333,7,8888,null,""volta_sgemm_64x64_tn""],[4160460,4449132,7,8954,null,""volta_sgemm_64x64_nn""],[4474092,4670348,7,8983,null,""volta_sgemm_128x64_tn""],[4872396,5511243,7,9036,null,""volta_sgemm_128x128_tn""],[5712363,6372267,7,9061,null,""volta_sgemm_128x64_tn""],[6408491,6879819,7,9454,null,""volta_sgemm_128x128_tn""],[7073387,7306762,7,9524,null,""volta_sgemm_64x64_tn""],[8510729,8959561,7,9590,null,""volta_sgemm_64x64_nn""],[8983337,9174697,7,9619,null,""volta_sgemm_128x64_tn""],[9397737,10013897,7,9672,null,""volta_sgemm_128x128_tn""],[10079689,10730024,7,9697,null,""volta_sgemm_128x64_tn""],[10766152,11236296,7,10168,null,""volta_sgemm_128x128_tn""],[11414376,11647143,7,10248,null,""volta_sgemm_64x64_tn""],[12846439,13251687,7,10324,null,""volta_sgemm_64x64_nn""],[13276071,13449127,7,10357,null,""volta_sgemm_128x64_tn""],[13486502,14110406,7,10420,null,""volta_sgemm_128x128_tn""],[14334822,14995429,7,10449,null,""volta_sgemm_128x64_tn""],[15031589,15487525,7,10926,null,""volta_sgemm_128x128_tn""],[15536389,15755717,7,11006,null,""volta_sgemm_64x64_tn""],[16807653,17053828,7,11082,null,""volta_sgemm_64x64_nn""],[17072388,17243460,7,11115,null,""volta_sgemm_128x64_tn""],[17279972,17886948,7,11178,null,""volta_sgemm_128x128_tn""],[17953124,18597123,7,11207,null,""volta_sgemm_128x64_tn""],[18757027,19061955,7,11320,null,""volta_sgemm_128x128_tn""]]"
llm_long_prefill,inductor_serial,0,model_kernel_union,"[[238309,250277,null,null,null,null],[318949,338917,null,null,null,null],[1846020,1863876,null,null,null,null],[1864452,2324515,null,null,null,null],[2325091,2343395,null,null,null,null],[2343972,2362211,null,null,null,null],[2362723,2364611,null,null,null,null],[2365443,2371843,null,null,null,null],[2372387,2591203,null,null,null,null],[2591843,2847011,null,null,null,null],[2847651,2853059,null,null,null,null],[3106787,3363587,null,null,null,null],[3364195,3642370,null,null,null,null],[3643298,3862850,null,null,null,null],[3863459,3879426,null,null,null,null],[3881794,4053186,null,null,null,null],[4053922,4075714,null,null,null,null],[4076258,4088387,null,null,null,null],[4088930,4698434,null,null,null,null],[4699490,4762914,null,null,null,null],[4764962,5408673,null,null,null,null],[5409314,5430881,null,null,null,null],[6703553,6721665,null,null,null,null],[6722209,7180609,null,null,null,null],[7181153,7199745,null,null,null,null],[7200385,7218944,null,null,null,null],[7219872,7221760,null,null,null,null],[7222560,7228865,null,null,null,null],[7229505,7449600,null,null,null,null],[7450208,7705536,null,null,null,null],[7706144,7711648,null,null,null,null],[7964640,8220032,null,null,null,null],[8220672,8500639,null,null,null,null],[8501312,8750848,null,null,null,null],[8751519,8767296,null,null,null,null],[8769504,8940447,null,null,null,null],[8941087,8963391,null,null,null,null],[8964032,8976512,null,null,null,null],[8977119,9587967,null,null,null,null],[9588543,9651455,null,null,null,null],[9653439,10298014,null,null,null,null],[10298719,10319646,null,null,null,null],[11570526,11588030,null,null,null,null],[11588606,12047869,null,null,null,null],[12048478,12066941,null,null,null,null],[12067485,12085533,null,null,null,null],[12086141,12087997,null,null,null,null],[12088541,12095070,null,null,null,null],[12095677,12315709,null,null,null,null],[12316253,12572701,null,null,null,null],[12573341,12578781,null,null,null,null],[12832093,13087325,null,null,null,null],[13087901,13365565,null,null,null,null],[13366429,13585885,null,null,null,null],[13586557,13602396,null,null,null,null],[13604381,13775132,null,null,null,null],[13776028,13797948,null,null,null,null],[13798492,13810844,null,null,null,null],[13811389,14420252,null,null,null,null],[14420956,14484316,null,null,null,null],[14486364,15129980,null,null,null,null],[15130652,15152188,null,null,null,null],[16405851,16423227,null,null,null,null],[16423835,16882298,null,null,null,null],[16882907,16901242,null,null,null,null],[16901722,16920122,null,null,null,null],[16920730,16922586,null,null,null,null],[16923162,16929595,null,null,null,null],[16930074,17148826,null,null,null,null],[17149466,17404282,null,null,null,null],[17404826,17410074,null,null,null,null],[17663962,17919354,null,null,null,null],[17919962,18199834,null,null,null,null],[18200793,18445593,null,null,null,null],[18446169,18462329,null,null,null,null],[18464377,18635481,null,null,null,null],[18636249,18657689,null,null,null,null],[18658201,18670969,null,null,null,null],[18671513,19279641,null,null,null,null],[19280473,19343449,null,null,null,null],[19345497,19989177,null,null,null,null],[19989721,20010744,null,null,null,null],[20071128,20084056,null,null,null,null],[20122712,20427256,null,null,null,null],[20427832,20433496,null,null,null,null]]"
llm_long_prefill,inductor_serial,0,h2d,"[[479653,721732,32,11439,3145728,null],[722789,725348,32,11455,12288,null],[850244,932068,32,11479,1048576,null],[933156,934820,32,11495,4096,null],[1074468,1396996,32,11519,4194304,null],[1398084,1400964,32,11535,16384,null],[1458532,1784900,32,11559,4194304,null],[1786980,1789188,32,11575,4096,null],[5517025,5759329,32,11944,3145728,null],[5760385,5762945,32,11960,12288,null],[5801921,5883841,32,11984,1048576,null],[5884897,5886817,32,12000,4096,null],[5929633,6252161,32,12024,4194304,null],[6253217,6256097,32,12040,16384,null],[6319041,6645665,32,12064,4194304,null],[6647233,6649185,32,12080,4096,null],[10404350,10646654,32,12497,3145728,null],[10647710,10650238,32,12513,12288,null],[10695870,10777758,32,12537,1048576,null],[10778814,10780766,32,12553,4096,null],[10809150,11131614,32,12577,4194304,null],[11132670,11135582,32,12593,16384,null],[11186110,11512830,32,12617,4194304,null],[11514398,11516350,32,12633,4096,null],[15237083,15479323,32,13050,3145728,null],[15480379,15482939,32,13066,12288,null],[15525819,15607707,32,13090,1048576,null],[15608763,15610715,32,13106,4096,null],[15637627,15960091,32,13130,4194304,null],[15961467,15964411,32,13146,16384,null],[16020827,16347931,32,13170,4194304,null],[16349499,16351451,32,13186,4096,null]]"
llm_long_prefill,inductor_serial,0,model_gemm,"[[1864452,2324515,7,11658,null,""volta_sgemm_128x128_tn""],[2372387,2591203,7,11728,null,""volta_sgemm_64x64_tn""],[3643298,3862850,7,11794,null,""volta_sgemm_64x64_nn""],[3881794,4053186,7,11823,null,""volta_sgemm_128x64_tn""],[4088930,4698434,7,11876,null,""volta_sgemm_128x128_tn""],[4764962,5408673,7,11901,null,""volta_sgemm_128x64_tn""],[6722209,7180609,7,12199,null,""volta_sgemm_128x128_tn""],[7229505,7449600,7,12281,null,""volta_sgemm_64x64_tn""],[8501312,8750848,7,12347,null,""volta_sgemm_64x64_nn""],[8769504,8940447,7,12376,null,""volta_sgemm_128x64_tn""],[8977119,9587967,7,12429,null,""volta_sgemm_128x128_tn""],[9653439,10298014,7,12454,null,""volta_sgemm_128x64_tn""],[11588606,12047869,7,12752,null,""volta_sgemm_128x128_tn""],[12095677,12315709,7,12834,null,""volta_sgemm_64x64_tn""],[13366429,13585885,7,12900,null,""volta_sgemm_64x64_nn""],[13604381,13775132,7,12929,null,""volta_sgemm_128x64_tn""],[13811389,14420252,7,12982,null,""volta_sgemm_128x128_tn""],[14486364,15129980,7,13007,null,""volta_sgemm_128x64_tn""],[16423835,16882298,7,13305,null,""volta_sgemm_128x128_tn""],[16930074,17148826,7,13387,null,""volta_sgemm_64x64_tn""],[18200793,18445593,7,13453,null,""volta_sgemm_64x64_nn""],[18464377,18635481,7,13482,null,""volta_sgemm_128x64_tn""],[18671513,19279641,7,13535,null,""volta_sgemm_128x128_tn""],[19345497,19989177,7,13560,null,""volta_sgemm_128x64_tn""],[20122712,20427256,7,13633,null,""volta_sgemm_128x128_tn""]]"
llm_long_prefill,inductor_prefetch,0,model_kernel_union,"[[235353,247065,null,null,null,null],[316473,337113,null,null,null,null],[1807000,1824760,null,null,null,null],[1825336,2296375,null,null,null,null],[2296952,2315607,null,null,null,null],[2316184,2334424,null,null,null,null],[2334968,2336824,null,null,null,null],[2337592,2344120,null,null,null,null],[2344631,2568183,null,null,null,null],[2568823,2825687,null,null,null,null],[2826167,2831639,null,null,null,null],[3115767,3389399,null,null,null,null],[3390647,3682487,null,null,null,null],[3683447,3963607,null,null,null,null],[3964246,3980375,null,null,null,null],[3988759,4163350,null,null,null,null],[4163991,4186582,null,null,null,null],[4187383,4199958,null,null,null,null],[4244758,4872758,null,null,null,null],[4873398,4937110,null,null,null,null],[4939222,5594389,null,null,null,null],[5594998,5615894,null,null,null,null],[5617301,5629685,null,null,null,null],[5630294,6124981,null,null,null,null],[6125557,6144501,null,null,null,null],[6145877,6164949,null,null,null,null],[6165493,6167445,null,null,null,null],[6169205,6175829,null,null,null,null],[6176949,6413493,null,null,null,null],[6414165,6679477,null,null,null,null],[6680053,6685429,null,null,null,null],[6978869,7258037,null,null,null,null],[7258581,7550420,null,null,null,null],[7584468,7955860,null,null,null,null],[7956692,7971348,null,null,null,null],[7974388,8148532,null,null,null,null],[8149428,8171284,null,null,null,null],[8171828,8184212,null,null,null,null],[8185236,8807572,null,null,null,null],[8808372,8871540,null,null,null,null],[8873523,9529139,null,null,null,null],[9529715,9550995,null,null,null,null],[9552627,9565139,null,null,null,null],[9565651,10061235,null,null,null,null],[10061811,10080595,null,null,null,null],[10081171,10099635,null,null,null,null],[10101235,10103187,null,null,null,null],[10105043,10111731,null,null,null,null],[10112243,10348531,null,null,null,null],[10349043,10614227,null,null,null,null],[10614771,10620019,null,null,null,null],[10915506,11197394,null,null,null,null],[11198578,11490898,null,null,null,null],[11526290,11885554,null,null,null,null],[11886450,11900754,null,null,null,null],[11903826,12078226,null,null,null,null],[12078866,12101074,null,null,null,null],[12101682,12114610,null,null,null,null],[12115282,12736721,null,null,null,null],[12737521,12800497,null,null,null,null],[12802993,13458737,null,null,null,null],[13459345,13480721,null,null,null,null],[13482097,13494385,null,null,null,null],[13494961,13964529,null,null,null,null],[13965105,13983601,null,null,null,null],[13984624,14003216,null,null,null,null],[14004048,14005936,null,null,null,null],[14006513,14013136,null,null,null,null],[14013680,14236848,null,null,null,null],[14237584,14493168,null,null,null,null],[14493680,14499024,null,null,null,null],[14752560,15007696,null,null,null,null],[15008240,15288208,null,null,null,null],[15289168,15533551,null,null,null,null],[15534159,15550224,null,null,null,null],[15552240,15726415,null,null,null,null],[15726991,15749007,null,null,null,null],[15749615,15762095,null,null,null,null],[15762735,16380527,null,null,null,null],[16381391,16444911,null,null,null,null],[16447055,17101711,null,null,null,null],[17102223,17123503,null,null,null,null],[17211055,17222862,null,null,null,null],[17263855,17574158,null,null,null,null],[17575278,17580814,null,null,null,null]]"
llm_long_prefill,inductor_prefetch,0,h2d,"[[490105,732217,36,13752,3145728,null],[733305,735865,36,13768,12288,null],[832601,914137,36,13792,1048576,null],[915192,916921,36,13808,4096,null],[1043256,1365688,36,13832,4194304,null],[1366744,1370040,36,13848,16384,null],[1431288,1753528,36,13872,4194304,null],[1754584,1756536,36,13888,4096,null],[2787735,3032055,36,14256,3145728,null],[3036951,3041495,36,14272,12288,null],[3140343,3222711,36,14296,1048576,null],[3224087,3226615,36,14312,4096,null],[3422007,3746743,36,14336,4194304,null],[3748247,3751447,36,14352,16384,null],[3858167,4181527,36,14376,4194304,null],[4185431,4187414,36,14392,4096,null],[5736181,5978389,36,14792,3145728,null],[5979478,5982070,36,14810,12288,null],[6127349,6209557,36,14838,1048576,null],[6211669,6213653,36,14856,4096,null],[6419285,6746261,36,14884,4194304,null],[6750613,6757173,36,14902,16384,null],[7004277,7328021,36,14930,4194304,null],[7334804,7339285,36,14948,4096,null],[9674931,9917107,36,15402,3145728,null],[9918163,9920723,36,15420,12288,null],[10053363,10135347,36,15448,1048576,null],[10136883,10139571,36,15466,4096,null],[10349299,10676051,36,15494,4194304,null],[10679794,10685587,36,15512,16384,null],[10936274,11260498,36,15540,4194304,null],[11264754,11268722,36,15558,4096,null]]"
llm_long_prefill,inductor_prefetch,0,model_gemm,"[[1825336,2296375,7,13971,null,""volta_sgemm_128x128_tn""],[2344631,2568183,7,14041,null,""volta_sgemm_64x64_tn""],[3683447,3963607,7,14107,null,""volta_sgemm_64x64_nn""],[3988759,4163350,7,14136,null,""volta_sgemm_128x64_tn""],[4244758,4872758,7,14189,null,""volta_sgemm_128x128_tn""],[4939222,5594389,7,14214,null,""volta_sgemm_128x64_tn""],[5630294,6124981,7,14475,null,""volta_sgemm_128x128_tn""],[6176949,6413493,7,14545,null,""volta_sgemm_64x64_tn""],[7584468,7955860,7,14611,null,""volta_sgemm_64x64_nn""],[7974388,8148532,7,14640,null,""volta_sgemm_128x64_tn""],[8185236,8807572,7,14693,null,""volta_sgemm_128x128_tn""],[8873523,9529139,7,14718,null,""volta_sgemm_128x64_tn""],[9565651,10061235,7,15041,null,""volta_sgemm_128x128_tn""],[10112243,10348531,7,15121,null,""volta_sgemm_64x64_tn""],[11526290,11885554,7,15197,null,""volta_sgemm_64x64_nn""],[11903826,12078226,7,15230,null,""volta_sgemm_128x64_tn""],[12115282,12736721,7,15293,null,""volta_sgemm_128x128_tn""],[12802993,13458737,7,15322,null,""volta_sgemm_128x64_tn""],[13494961,13964529,7,15651,null,""volta_sgemm_128x128_tn""],[14013680,14236848,7,15731,null,""volta_sgemm_64x64_tn""],[15289168,15533551,7,15807,null,""volta_sgemm_64x64_nn""],[15552240,15726415,7,15840,null,""volta_sgemm_128x64_tn""],[15762735,16380527,7,15903,null,""volta_sgemm_128x128_tn""],[16447055,17101711,7,15932,null,""volta_sgemm_128x64_tn""],[17263855,17574158,7,16045,null,""volta_sgemm_128x128_tn""]]"
moe_large,sym_blocking,0,model_kernel_union,"[[149945,221849,null,null,null,null],[259129,317592,null,null,null,null],[318201,344600,null,null,null,null],[345144,359705,null,null,null,null],[384824,386104,null,null,null,null],[459192,463960,null,null,null,null],[469752,471097,null,null,null,null],[482937,488665,null,null,null,null],[495096,500472,null,null,null,null],[506360,511800,null,null,null,null],[517368,522777,null,null,null,null],[527736,533208,null,null,null,null],[539192,544632,null,null,null,null],[550137,555576,null,null,null,null],[560313,565688,null,null,null,null],[621049,621944,null,null,null,null],[632312,634520,null,null,null,null],[788600,815256,null,null,null,null],[834808,836664,null,null,null,null],[883896,885752,null,null,null,null],[894072,895480,null,null,null,null],[948248,949144,null,null,null,null],[959128,961272,null,null,null,null],[970296,973400,null,null,null,null],[1038488,1039832,null,null,null,null],[1076152,1077720,null,null,null,null],[1083672,1084920,null,null,null,null],[1126648,1127544,null,null,null,null],[1135224,1137400,null,null,null,null],[1145848,1148568,null,null,null,null],[1193272,1194616,null,null,null,null],[1230648,1232248,null,null,null,null],[1237944,1239224,null,null,null,null],[1280056,1280952,null,null,null,null],[1289496,1291672,null,null,null,null],[1298552,1301208,null,null,null,null],[1344952,1346296,null,null,null,null],[1381944,1383544,null,null,null,null],[1390008,1391320,null,null,null,null],[1433080,1434008,null,null,null,null],[1441656,1443832,null,null,null,null],[1451000,1453656,null,null,null,null],[1500024,1501336,null,null,null,null],[1536952,1538552,null,null,null,null],[1544312,1545624,null,null,null,null],[1591544,1592440,null,null,null,null],[1608312,1610488,null,null,null,null],[1619064,1621784,null,null,null,null],[1669208,1670552,null,null,null,null],[1706776,1708312,null,null,null,null],[1714008,1715288,null,null,null,null],[1755960,1756888,null,null,null,null],[1764728,1766936,null,null,null,null],[1773560,1776248,null,null,null,null],[1821208,1822520,null,null,null,null],[1865656,1867224,null,null,null,null],[1877432,1878712,null,null,null,null],[1922680,1923544,null,null,null,null],[1931480,1933624,null,null,null,null],[1940728,1943416,null,null,null,null],[1990424,1991736,null,null,null,null],[2029208,2030776,null,null,null,null],[2036792,2038072,null,null,null,null],[2078552,2079448,null,null,null,null],[2086904,2089048,null,null,null,null],[2096664,2099352,null,null,null,null],[3468087,3485463,null,null,null,null],[3606967,3907991,null,null,null,null],[3908791,3938327,null,null,null,null],[3940343,4264759,null,null,null,null],[4265911,4273623,null,null,null,null],[4274231,4289783,null,null,null,null],[4290423,4317463,null,null,null,null],[4869367,4887287,null,null,null,null],[4941911,5268182,null,null,null,null],[5268951,5302647,null,null,null,null],[5304790,5642806,null,null,null,null],[5643959,5651766,null,null,null,null],[5652343,5669175,null,null,null,null],[5669751,5698487,null,null,null,null],[6264182,6281398,null,null,null,null],[6335286,6635606,null,null,null,null],[6636214,6666006,null,null,null,null],[6668214,6990838,null,null,null,null],[6991958,6999830,null,null,null,null],[7000310,7015734,null,null,null,null],[7016246,7042870,null,null,null,null],[7582198,7600310,null,null,null,null],[7646838,7948342,null,null,null,null],[7948982,7980053,null,null,null,null],[7982134,8307317,null,null,null,null],[8308470,8316277,null,null,null,null],[8316886,8332726,null,null,null,null],[8333301,8361429,null,null,null,null],[8913781,8931958,null,null,null,null],[8985077,9311381,null,null,null,null],[9312181,9346517,null,null,null,null],[9348661,9686901,null,null,null,null],[9688021,9695925,null,null,null,null],[9696565,9713493,null,null,null,null],[9714101,9743253,null,null,null,null],[10290965,10309301,null,null,null,null],[10348373,10649301,null,null,null,null],[10649845,10680949,null,null,null,null],[10682997,11005332,null,null,null,null],[11006548,11014388,null,null,null,null],[11014901,11031189,null,null,null,null],[11031860,11060085,null,null,null,null],[11617780,11634900,null,null,null,null],[11691700,11992372,null,null,null,null],[11993012,12022452,null,null,null,null],[12024532,12348852,null,null,null,null],[12350132,12358036,null,null,null,null],[12358836,12374324,null,null,null,null],[12374964,12402516,null,null,null,null],[12937012,12955124,null,null,null,null],[12991476,13318676,null,null,null,null],[13319540,13353044,null,null,null,null],[13355124,13693204,null,null,null,null],[13694324,13702196,null,null,null,null],[13702772,13719603,null,null,null,null],[13720244,13748596,null,null,null,null],[13749140,13842516,null,null,null,null],[13843027,13914516,null,null,null,null],[13917011,13977428,null,null,null,null],[13978003,14003507,null,null,null,null],[14004147,14018900,null,null,null,null],[14019476,14020756,null,null,null,null],[14025844,14030611,null,null,null,null],[14031251,14032563,null,null,null,null],[14035123,14040820,null,null,null,null],[14044019,14049428,null,null,null,null],[14051540,14056916,null,null,null,null],[14059059,14064500,null,null,null,null],[14066675,14072051,null,null,null,null],[14074227,14079635,null,null,null,null],[14081780,14087187,null,null,null,null],[14089364,14094740,null,null,null,null],[14095347,14096243,null,null,null,null],[14096883,14099060,null,null,null,null],[14220211,14246579,null,null,null,null],[14264115,14266036,null,null,null,null],[14311539,14313364,null,null,null,null],[14320948,14322420,null,null,null,null],[14367891,14368787,null,null,null,null],[14377843,14379955,null,null,null,null],[14388979,14392115,null,null,null,null],[14448659,14449971,null,null,null,null],[14487219,14488787,null,null,null,null],[14495028,14496307,null,null,null,null],[14538099,14538995,null,null,null,null],[14547027,14549235,null,null,null,null],[14556659,14559347,null,null,null,null],[14611603,14612915,null,null,null,null],[14651027,14652627,null,null,null,null],[14658771,14660019,null,null,null,null],[14701555,14702451,null,null,null,null],[14710483,14712659,null,null,null,null],[14719731,14722451,null,null,null,null],[14767955,14769267,null,null,null,null],[14810995,14812563,null,null,null,null],[14818547,14819827,null,null,null,null],[14861363,14862291,null,null,null,null],[14870547,14872691,null,null,null,null],[14880115,14882771,null,null,null,null],[14927539,14928851,null,null,null,null],[14965651,14967219,null,null,null,null],[14973203,14974451,null,null,null,null],[15015859,15016755,null,null,null,null],[15024691,15026899,null,null,null,null],[15034035,15036691,null,null,null,null],[15080947,15082259,null,null,null,null],[15118515,15120115,null,null,null,null],[15126131,15127411,null,null,null,null],[15168787,15169683,null,null,null,null],[15177363,15179539,null,null,null,null],[15187187,15189907,null,null,null,null],[15234099,15235347,null,null,null,null],[15272179,15273779,null,null,null,null],[15279891,15281171,null,null,null,null],[15322675,15323571,null,null,null,null],[15331251,15333459,null,null,null,null],[15344435,15347155,null,null,null,null],[15392435,15393683,null,null,null,null],[15430771,15432403,null,null,null,null],[15438195,15439507,null,null,null,null],[15480595,15481491,null,null,null,null],[15489715,15491923,null,null,null,null],[15499123,15501843,null,null,null,null],[16612242,16633715,null,null,null,null],[16698163,17102610,null,null,null,null],[17103474,17140978,null,null,null,null],[17142962,17538162,null,null,null,null],[17538770,17546738,null,null,null,null],[17547378,17567858,null,null,null,null],[17568562,17601778,null,null,null,null],[18144818,18158898,null,null,null,null],[18216178,18530642,null,null,null,null],[18531474,18555058,null,null,null,null],[18557138,18872210,null,null,null,null],[18873362,18880850,null,null,null,null],[18881458,18892946,null,null,null,null],[18893554,18913778,null,null,null,null],[19465490,19485713,null,null,null,null],[19535889,19938993,null,null,null,null],[19939825,19974001,null,null,null,null],[19976305,20366481,null,null,null,null],[20367601,20375601,null,null,null,null],[20376113,20395441,null,null,null,null],[20395953,20427281,null,null,null,null],[20962353,20979057,null,null,null,null],[21034929,21358289,null,null,null,null],[21359185,21388305,null,null,null,null],[21390385,21711377,null,null,null,null],[21712593,21720209,null,null,null,null],[21720785,21734993,null,null,null,null],[21735537,21762001,null,null,null,null],[22316305,22335024,null,null,null,null],[22388016,22790416,null,null,null,null],[22791248,22822032,null,null,null,null],[22824080,23211152,null,null,null,null],[23212272,23220016,null,null,null,null],[23220656,23238160,null,null,null,null],[23238704,23268560,null,null,null,null],[23811440,23826768,null,null,null,null],[23884016,24183280,null,null,null,null],[24183856,24212656,null,null,null,null],[24214640,24532304,null,null,null,null],[24533424,24540944,null,null,null,null],[24541488,24553968,null,null,null,null],[24554544,24578224,null,null,null,null],[25127600,25145935,null,null,null,null],[25196207,25523567,null,null,null,null],[25524464,25559759,null,null,null,null],[25561711,25900687,null,null,null,null],[25901903,25909967,null,null,null,null],[25910607,25928111,null,null,null,null],[25928783,25959151,null,null,null,null],[26488943,26505711,null,null,null,null],[26559023,26858063,null,null,null,null],[26858703,26887887,null,null,null,null],[26889903,27213839,null,null,null,null],[27215023,27222735,null,null,null,null],[27223375,27238159,null,null,null,null],[27238831,27265807,null,null,null,null],[27266415,27359887,null,null,null,null]]"
moe_large,sym_blocking,0,h2d,"[[2896920,3059895,144,1110,2097152,null],[3063735,3064887,144,1112,8192,null],[3112279,3274199,144,1117,2097152,null],[3278519,3278999,144,1119,4096,null],[4324855,4487703,144,1237,2097152,null],[4493655,4494807,144,1239,8192,null],[4544599,4706615,144,1244,2097152,null],[4711095,4711575,144,1246,4096,null],[5705206,5866902,144,1364,2097152,null],[5872279,5873430,144,1366,8192,null],[5921878,6083670,144,1371,2097152,null],[6088343,6088854,144,1373,4096,null],[7045750,7207862,144,1491,2097152,null],[7213110,7214262,144,1493,8192,null],[7262294,7423990,144,1498,2097152,null],[7428790,7429270,144,1500,4096,null],[8363093,8525110,144,1616,2097152,null],[8535350,8536501,144,1618,8192,null],[8585301,8746997,144,1623,2097152,null],[8751797,8752277,144,1625,4096,null],[9744149,9906805,144,1743,2097152,null],[9916309,9917461,144,1745,8192,null],[9967413,10129589,144,1750,2097152,null],[10138709,10139189,144,1752,4096,null],[11061333,11223060,144,1868,2097152,null],[11226004,11227124,144,1870,8192,null],[11274581,11436340,144,1875,2097152,null],[11446324,11446837,144,1877,4096,null],[12405876,12567540,144,1995,2097152,null],[12570484,12571636,144,1997,8192,null],[12618804,12780820,144,2002,2097152,null],[12785332,12785780,144,2004,4096,null],[16042291,16205139,144,3186,2097152,null],[16215091,16216243,144,3188,8192,null],[16264275,16426034,144,3193,2097152,null],[16430771,16431218,144,3195,4096,null],[17607794,17769522,144,3313,2097152,null],[17772658,17773810,144,3315,8192,null],[17821010,17983122,144,3320,2097152,null],[17987250,17987730,144,3322,4096,null],[18918962,19080914,144,3440,2097152,null],[19086642,19087794,144,3442,8192,null],[19136594,19298354,144,3447,2097152,null],[19303090,19303569,144,3449,4096,null],[20428945,20590705,144,3567,2097152,null],[20593841,20594961,144,3569,8192,null],[20642129,20803889,144,3574,2097152,null],[20808337,20808849,144,3576,4096,null],[21763409,21925265,144,3694,2097152,null],[21935153,21936337,144,3696,8192,null],[21985361,22147057,144,3701,2097152,null],[22151888,22152368,144,3703,4096,null],[23274992,23436720,144,3821,2097152,null],[23442064,23443216,144,3823,8192,null],[23490640,23652336,144,3828,2097152,null],[23657136,23657616,144,3830,4096,null],[24584303,24746032,144,3948,2097152,null],[24748912,24750063,144,3950,8192,null],[24798319,24960048,144,3955,2097152,null],[24964751,24965264,144,3957,4096,null],[25960559,26122351,144,4075,2097152,null],[26125327,26126447,144,4077,8192,null],[26173775,26335695,144,4082,2097152,null],[26340015,26340495,144,4084,4096,null]]"
moe_large,sym_blocking,0,model_gemm,"[[259129,317592,7,71,null,""volta_sgemm_32x128_nn""],[3606967,3907991,7,1155,null,""volta_sgemm_128x128_tn""],[3940343,4264759,7,1181,null,""volta_sgemm_128x64_tn""],[4941911,5268182,7,1282,null,""volta_sgemm_128x64_tn""],[5304790,5642806,7,1308,null,""volta_sgemm_128x64_tn""],[6335286,6635606,7,1409,null,""volta_sgemm_128x128_tn""],[6668214,6990838,7,1435,null,""volta_sgemm_128x64_tn""],[7646838,7948342,7,1535,null,""volta_sgemm_128x128_tn""],[7982134,8307317,7,1560,null,""volta_sgemm_128x64_tn""],[8985077,9311381,7,1661,null,""volta_sgemm_128x64_tn""],[9348661,9686901,7,1687,null,""volta_sgemm_128x64_tn""],[10348373,10649301,7,1787,null,""volta_sgemm_128x128_tn""],[10682997,11005332,7,1812,null,""volta_sgemm_128x64_tn""],[11691700,11992372,7,1913,null,""volta_sgemm_128x128_tn""],[12024532,12348852,7,1939,null,""volta_sgemm_128x64_tn""],[12991476,13318676,7,2039,null,""volta_sgemm_128x64_tn""],[13355124,13693204,7,2064,null,""volta_sgemm_128x64_tn""],[13917011,13977428,7,2147,null,""volta_sgemm_32x128_nn""],[16698163,17102610,7,3231,null,""volta_sgemm_128x64_tn""],[17142962,17538162,7,3257,null,""volta_sgemm_128x128_tn""],[18216178,18530642,7,3358,null,""volta_sgemm_128x64_tn""],[18557138,18872210,7,3384,null,""volta_sgemm_128x64_tn""],[19535889,19938993,7,3485,null,""volta_sgemm_128x64_tn""],[19976305,20366481,7,3511,null,""volta_sgemm_128x64_tn""],[21034929,21358289,7,3612,null,""volta_sgemm_128x64_tn""],[21390385,21711377,7,3638,null,""volta_sgemm_128x64_tn""],[22388016,22790416,7,3739,null,""volta_sgemm_128x64_tn""],[22824080,23211152,7,3765,null,""volta_sgemm_128x64_tn""],[23884016,24183280,7,3866,null,""volta_sgemm_128x128_tn""],[24214640,24532304,7,3892,null,""volta_sgemm_128x64_tn""],[25196207,25523567,7,3993,null,""volta_sgemm_128x64_tn""],[25561711,25900687,7,4019,null,""volta_sgemm_128x64_tn""],[26559023,26858063,7,4120,null,""volta_sgemm_128x128_tn""],[26889903,27213839,7,4146,null,""volta_sgemm_128x64_tn""]]"
moe_large,sym_serial,0,model_kernel_union,"[[108326,173510,null,null,null,null],[175558,234278,null,null,null,null],[234790,261574,null,null,null,null],[262118,276934,null,null,null,null],[283846,285158,null,null,null,null],[352294,357158,null,null,null,null],[362150,363494,null,null,null,null],[374886,380742,null,null,null,null],[387430,392902,null,null,null,null],[397958,403462,null,null,null,null],[408774,414214,null,null,null,null],[419078,424582,null,null,null,null],[430182,435686,null,null,null,null],[447910,453382,null,null,null,null],[459110,464582,null,null,null,null],[513478,514374,null,null,null,null],[523430,525638,null,null,null,null],[655366,682118,null,null,null,null],[697958,699846,null,null,null,null],[744678,746502,null,null,null,null],[754150,755558,null,null,null,null],[801126,802054,null,null,null,null],[810950,813062,null,null,null,null],[821670,824902,null,null,null,null],[883942,885286,null,null,null,null],[926662,928230,null,null,null,null],[934438,935750,null,null,null,null],[976294,977222,null,null,null,null],[985254,987494,null,null,null,null],[994598,997350,null,null,null,null],[1042438,1043782,null,null,null,null],[1080613,1082181,null,null,null,null],[1088294,1089606,null,null,null,null],[1130086,1130982,null,null,null,null],[1138790,1140966,null,null,null,null],[1148005,1150726,null,null,null,null],[1194885,1196230,null,null,null,null],[1231718,1233318,null,null,null,null],[1239909,1241222,null,null,null,null],[1281382,1282310,null,null,null,null],[1289829,1292070,null,null,null,null],[1299429,1302150,null,null,null,null],[1347206,1348550,null,null,null,null],[1384902,1386501,null,null,null,null],[1392261,1393541,null,null,null,null],[1440869,1441766,null,null,null,null],[1450246,1452421,null,null,null,null],[1463654,1466405,null,null,null,null],[1513381,1514790,null,null,null,null],[1551845,1553446,null,null,null,null],[1559557,1560869,null,null,null,null],[1602405,1603301,null,null,null,null],[1611173,1613350,null,null,null,null],[1620485,1623173,null,null,null,null],[1667013,1668293,null,null,null,null],[1705062,1706693,null,null,null,null],[1712485,1713797,null,null,null,null],[1755430,1756325,null,null,null,null],[1764197,1766405,null,null,null,null],[1773413,1776133,null,null,null,null],[1819493,1820806,null,null,null,null],[1856901,1858469,null,null,null,null],[1864741,1866021,null,null,null,null],[1907045,1907941,null,null,null,null],[1915941,1918181,null,null,null,null],[1925029,1927749,null,null,null,null],[2965189,2982501,null,null,null,null],[2983077,3288837,null,null,null,null],[3289605,3319621,null,null,null,null],[3321637,3651493,null,null,null,null],[3652613,3660421,null,null,null,null],[3661029,3676389,null,null,null,null],[3676901,3704037,null,null,null,null],[4634468,4652708,null,null,null,null],[4653252,4984708,null,null,null,null],[4985540,5019332,null,null,null,null],[5021316,5363044,null,null,null,null],[5364132,5371908,null,null,null,null],[5372452,5389796,null,null,null,null],[5390436,5419044,null,null,null,null],[6343012,6360100,null,null,null,null],[6360612,6665828,null,null,null,null],[6666436,6695300,null,null,null,null],[6697252,7024739,null,null,null,null],[7025892,7033795,null,null,null,null],[7034467,7049572,null,null,null,null],[7050243,7076963,null,null,null,null],[8008259,8026659,null,null,null,null],[8027235,8332227,null,null,null,null],[8332899,8364035,null,null,null,null],[8366115,8695363,null,null,null,null],[8696547,8704323,null,null,null,null],[8704963,8720867,null,null,null,null],[8721539,8749923,null,null,null,null],[9663843,9682562,null,null,null,null],[9683362,10014402,null,null,null,null],[10015298,10049059,null,null,null,null],[10051074,10394178,null,null,null,null],[10395298,10403426,null,null,null,null],[10404066,10421346,null,null,null,null],[10421986,10450690,null,null,null,null],[11377666,11396162,null,null,null,null],[11396706,11702370,null,null,null,null],[11702946,11734210,null,null,null,null],[11736610,12065954,null,null,null,null],[12067202,12074882,null,null,null,null],[12075490,12091426,null,null,null,null],[12092002,12120738,null,null,null,null],[13050529,13067809,null,null,null,null],[13068353,13374433,null,null,null,null],[13375073,13405473,null,null,null,null],[13407585,13736961,null,null,null,null],[13738081,13746049,null,null,null,null],[13746657,13762305,null,null,null,null],[13762977,13789761,null,null,null,null],[14712417,14730817,null,null,null,null],[14731425,15061985,null,null,null,null],[15062752,15096097,null,null,null,null],[15098336,15440864,null,null,null,null],[15442017,15449889,null,null,null,null],[15450464,15467553,null,null,null,null],[15468128,15496896,null,null,null,null],[15570208,15663617,null,null,null,null],[15664128,15736608,null,null,null,null],[15738656,15803008,null,null,null,null],[15803552,15829344,null,null,null,null],[15829888,15844768,null,null,null,null],[15845280,15846560,null,null,null,null],[15864864,15869696,null,null,null,null],[15874208,15875520,null,null,null,null],[15886816,15892640,null,null,null,null],[15898240,15903616,null,null,null,null],[15909184,15914624,null,null,null,null],[15919712,15925152,null,null,null,null],[15930304,15935744,null,null,null,null],[15940768,15946208,null,null,null,null],[15952256,15957696,null,null,null,null],[15962528,15967936,null,null,null,null],[16028352,16029248,null,null,null,null],[16037472,16039680,null,null,null,null],[16163840,16190208,null,null,null,null],[16203424,16205344,null,null,null,null],[16247424,16249248,null,null,null,null],[16255840,16257280,null,null,null,null],[16302304,16303200,null,null,null,null],[16312000,16314272,null,null,null,null],[16322592,16325760,null,null,null,null],[16377728,16379072,null,null,null,null],[16415840,16417472,null,null,null,null],[16423584,16424864,null,null,null,null],[16475424,16476384,null,null,null,null],[16484576,16486784,null,null,null,null],[16494560,16497280,null,null,null,null],[16543200,16544512,null,null,null,null],[16581728,16583328,null,null,null,null],[16589408,16590688,null,null,null,null],[16631584,16632512,null,null,null,null],[16640544,16642752,null,null,null,null],[16649760,16652544,null,null,null,null],[16697184,16698528,null,null,null,null],[16734688,16736288,null,null,null,null],[16742304,16743616,null,null,null,null],[16789248,16790144,null,null,null,null],[16798240,16800448,null,null,null,null],[16807776,16810528,null,null,null,null],[16854752,16856000,null,null,null,null],[16892640,16894208,null,null,null,null],[16900416,16901696,null,null,null,null],[16947104,16948000,null,null,null,null],[16955936,16958080,null,null,null,null],[16965312,16968000,null,null,null,null],[17013280,17014592,null,null,null,null],[17051136,17052736,null,null,null,null],[17058720,17060032,null,null,null,null],[17101664,17102560,null,null,null,null],[17110688,17112896,null,null,null,null],[17120160,17122880,null,null,null,null],[17166816,17168096,null,null,null,null],[17204896,17206496,null,null,null,null],[17212448,17213728,null,null,null,null],[17256160,17257056,null,null,null,null],[17264832,17267104,null,null,null,null],[17273952,17276736,null,null,null,null],[17321504,17322816,null,null,null,null],[17359200,17360800,null,null,null,null],[17366880,17368192,null,null,null,null],[17413888,17414784,null,null,null,null],[17423264,17425408,null,null,null,null],[17439072,17441792,null,null,null,null],[18409951,18431263,null,null,null,null],[18431903,18842783,null,null,null,null],[18843551,18880959,null,null,null,null],[18882943,19283615,null,null,null,null],[19284767,19292191,null,null,null,null],[19292831,19312895,null,null,null,null],[19313567,19347327,null,null,null,null],[20278431,20292479,null,null,null,null],[20293311,20609822,null,null,null,null],[20610654,20634367,null,null,null,null],[20636415,20951551,null,null,null,null],[20952671,20960159,null,null,null,null],[20960766,20971390,null,null,null,null],[20971934,20991806,null,null,null,null],[21910366,21930974,null,null,null,null],[21931486,22336670,null,null,null,null],[22337566,22371390,null,null,null,null],[22373470,22762590,null,null,null,null],[22763806,22771550,null,null,null,null],[22772126,22791518,null,null,null,null],[22792062,22823806,null,null,null,null],[23749725,23766493,null,null,null,null],[23767005,24090141,null,null,null,null],[24090973,24119997,null,null,null,null],[24122013,24445405,null,null,null,null],[24446557,24454237,null,null,null,null],[24454877,24469469,null,null,null,null],[24470013,24496125,null,null,null,null],[25408253,25427581,null,null,null,null],[25428349,25832445,null,null,null,null],[25833309,25864925,null,null,null,null],[25867037,26255164,null,null,null,null],[26256349,26264060,null,null,null,null],[26264733,26282141,null,null,null,null],[26282716,26312668,null,null,null,null],[27246940,27262908,null,null,null,null],[27263484,27563324,null,null,null,null],[27563932,27591900,null,null,null,null],[27593884,27912572,null,null,null,null],[27913724,27921244,null,null,null,null],[27921884,27934588,null,null,null,null],[27935132,27958844,null,null,null,null],[28867132,28886396,null,null,null,null],[28887004,29214780,null,null,null,null],[29215580,29250235,null,null,null,null],[29252316,29591931,null,null,null,null],[29593051,29600731,null,null,null,null],[29601243,29618331,null,null,null,null],[29618971,29649307,null,null,null,null],[30572123,30589595,null,null,null,null],[30590235,30891451,null,null,null,null],[30892059,30920795,null,null,null,null],[30922779,31247483,null,null,null,null],[31248667,31256475,null,null,null,null],[31257115,31272315,null,null,null,null],[31272955,31299803,null,null,null,null],[31368539,31461946,null,null,null,null]]"
moe_large,sym_serial,0,h2d,"[[2522149,2684453,145,5290,2097152,null],[2685509,2687781,145,5292,8192,null],[2745637,2912069,145,5297,2097152,null],[2913637,2915653,145,5299,4096,null],[4194916,4356964,145,5444,2097152,null],[4358020,4360292,145,5446,8192,null],[4414756,4581476,145,5451,2097152,null],[4583012,4585028,145,5453,4096,null],[5904292,6066564,145,5598,2097152,null],[6067620,6069892,145,5600,8192,null],[6123812,6289956,145,5605,2097152,null],[6291524,6293508,145,5607,4096,null],[7572035,7734595,145,5788,2097152,null],[7735651,7737923,145,5790,8192,null],[7788835,7955395,145,5795,2097152,null],[7956931,7958915,145,5797,4096,null],[9223299,9385571,145,5942,2097152,null],[9386627,9388930,145,5944,8192,null],[9444643,9610755,145,5949,2097152,null],[9612323,9614402,145,5951,4096,null],[10937954,11100226,145,6132,2097152,null],[11101794,11104034,145,6134,8192,null],[11157794,11324578,145,6139,2097152,null],[11326242,11328226,145,6141,4096,null],[12610913,12773218,145,6286,2097152,null],[12774273,12776513,145,6288,8192,null],[12831010,12997217,145,6293,2097152,null],[12999041,13000993,145,6295,4096,null],[14276065,14438305,145,6476,2097152,null],[14439361,14441633,145,6478,8192,null],[14492961,14659649,145,6483,2097152,null],[14661217,14663265,145,6485,4096,null],[17970719,18132959,145,7708,2097152,null],[18134016,18136287,145,7710,8192,null],[18190623,18356607,145,7715,2097152,null],[18358143,18360160,145,7717,4096,null],[19842911,20005247,145,7886,2097152,null],[20006303,20008575,145,7888,8192,null],[20059039,20225695,145,7893,2097152,null],[20227519,20229503,145,7895,4096,null],[21470046,21632318,145,8040,2097152,null],[21633374,21635646,145,8042,8192,null],[21691678,21857790,145,8047,2097152,null],[21859326,21861566,145,8049,4096,null],[23310686,23472606,145,8230,2097152,null],[23473662,23475966,145,8232,8192,null],[23530782,23697245,145,8237,2097152,null],[23698781,23700765,145,8239,4096,null],[24969693,25131965,145,8384,2097152,null],[25133021,25135261,145,8386,8192,null],[25189661,25355613,145,8391,2097152,null],[25357149,25359133,145,8393,4096,null],[26806716,26968732,145,8574,2097152,null],[26970268,26972572,145,8576,8192,null],[27027740,27194364,145,8581,2097152,null],[27195868,27197884,145,8583,4096,null],[28426556,28588796,145,8728,2097152,null],[28589852,28592156,145,8730,8192,null],[28648732,28814940,145,8735,2097152,null],[28816476,28818460,145,8737,4096,null],[30132539,30294779,145,8918,2097152,null],[30295835,30298107,145,8920,8192,null],[30352667,30519771,145,8925,2097152,null],[30521307,30523323,145,8927,4096,null]]"
moe_large,sym_serial,0,model_gemm,"[[175558,234278,7,4247,null,""volta_sgemm_32x128_nn""],[2983077,3288837,7,5341,null,""volta_sgemm_128x128_tn""],[3321637,3651493,7,5366,null,""volta_sgemm_128x64_tn""],[4653252,4984708,7,5495,null,""volta_sgemm_128x64_tn""],[5021316,5363044,7,5520,null,""volta_sgemm_128x64_tn""],[6360612,6665828,7,5673,null,""volta_sgemm_128x128_tn""],[6697252,7024739,7,5702,null,""volta_sgemm_128x64_tn""],[8027235,8332227,7,5839,null,""volta_sgemm_128x128_tn""],[8366115,8695363,7,5864,null,""volta_sgemm_128x64_tn""],[9683362,10014402,7,6017,null,""volta_sgemm_128x64_tn""],[10051074,10394178,7,6046,null,""volta_sgemm_128x64_tn""],[11396706,11702370,7,6183,null,""volta_sgemm_128x128_tn""],[11736610,12065954,7,6208,null,""volta_sgemm_128x64_tn""],[13068353,13374433,7,6361,null,""volta_sgemm_128x128_tn""],[13407585,13736961,7,6390,null,""volta_sgemm_128x64_tn""],[14731425,15061985,7,6527,null,""volta_sgemm_128x64_tn""],[15098336,15440864,7,6552,null,""volta_sgemm_128x64_tn""],[15738656,15803008,7,6665,null,""volta_sgemm_32x128_nn""],[18431903,18842783,7,7773,null,""volta_sgemm_128x64_tn""],[18882943,19283615,7,7802,null,""volta_sgemm_128x128_tn""],[20293311,20609822,7,7937,null,""volta_sgemm_128x64_tn""],[20636415,20951551,7,7962,null,""volta_sgemm_128x64_tn""],[21931486,22336670,7,8115,null,""volta_sgemm_128x64_tn""],[22373470,22762590,7,8144,null,""volta_sgemm_128x64_tn""],[23767005,24090141,7,8281,null,""volta_sgemm_128x64_tn""],[24122013,24445405,7,8306,null,""volta_sgemm_128x64_tn""],[25428349,25832445,7,8459,null,""volta_sgemm_128x64_tn""],[25867037,26255164,7,8488,null,""volta_sgemm_128x64_tn""],[27263484,27563324,7,8625,null,""volta_sgemm_128x128_tn""],[27593884,27912572,7,8650,null,""volta_sgemm_128x64_tn""],[28887004,29214780,7,8803,null,""volta_sgemm_128x64_tn""],[29252316,29591931,7,8832,null,""volta_sgemm_128x64_tn""],[30590235,30891451,7,8969,null,""volta_sgemm_128x128_tn""],[30922779,31247483,7,8994,null,""volta_sgemm_128x64_tn""]]"
moe_large,sym_prefetch,0,model_kernel_union,"[[257444,323812,null,null,null,null],[373956,434564,null,null,null,null],[435140,461572,null,null,null,null],[465732,480420,null,null,null,null],[508420,509700,null,null,null,null],[592196,596964,null,null,null,null],[602756,604068,null,null,null,null],[617604,623364,null,null,null,null],[630724,636132,null,null,null,null],[641860,647364,null,null,null,null],[652740,658180,null,null,null,null],[664196,669700,null,null,null,null],[675044,680452,null,null,null,null],[685828,691300,null,null,null,null],[696900,702372,null,null,null,null],[751812,752740,null,null,null,null],[762212,764388,null,null,null,null],[936868,963203,null,null,null,null],[986340,988259,null,null,null,null],[1035204,1037028,null,null,null,null],[1045220,1046628,null,null,null,null],[1094148,1095043,null,null,null,null],[1104643,1106820,null,null,null,null],[1116100,1119171,null,null,null,null],[1184163,1185476,null,null,null,null],[1221764,1223332,null,null,null,null],[1229316,1230596,null,null,null,null],[1280963,1281891,null,null,null,null],[1289668,1291908,null,null,null,null],[1299331,1302115,null,null,null,null],[1348451,1349796,null,null,null,null],[1386372,1387940,null,null,null,null],[1393923,1395235,null,null,null,null],[1435907,1436803,null,null,null,null],[1444612,1446787,null,null,null,null],[1453892,1456580,null,null,null,null],[1500548,1501860,null,null,null,null],[1545220,1546819,null,null,null,null],[1553348,1554595,null,null,null,null],[1595811,1596708,null,null,null,null],[1604995,1607203,null,null,null,null],[1614276,1616995,null,null,null,null],[1663811,1665155,null,null,null,null],[1702020,1703588,null,null,null,null],[1709379,1710692,null,null,null,null],[1751619,1752547,null,null,null,null],[1760260,1762468,null,null,null,null],[1769091,1771779,null,null,null,null],[1816387,1817763,null,null,null,null],[1853699,1855267,null,null,null,null],[1861283,1862531,null,null,null,null],[1907715,1908611,null,null,null,null],[1916515,1918691,null,null,null,null],[1925763,1928451,null,null,null,null],[1973827,1975075,null,null,null,null],[2011395,2012963,null,null,null,null],[2019267,2020547,null,null,null,null],[2060547,2061443,null,null,null,null],[2068867,2071075,null,null,null,null],[2078019,2080707,null,null,null,null],[2124387,2125699,null,null,null,null],[2161411,2162979,null,null,null,null],[2169027,2170307,null,null,null,null],[2210371,2211235,null,null,null,null],[2219075,2221219,null,null,null,null],[2228611,2231299,null,null,null,null],[3401379,3418627,null,null,null,null],[3419267,3720867,null,null,null,null],[3721667,3751587,null,null,null,null],[3753667,4078882,null,null,null,null],[4080035,4087682,null,null,null,null],[4088259,4103907,null,null,null,null],[4104578,4132130,null,null,null,null],[4433667,4451938,null,null,null,null],[4452482,4780226,null,null,null,null],[4780994,4814690,null,null,null,null],[4816770,5156354,null,null,null,null],[5157506,5165442,null,null,null,null],[5166082,5183138,null,null,null,null],[5183746,5212834,null,null,null,null],[5474274,5491778,null,null,null,null],[5492386,5792738,null,null,null,null],[5793346,5822914,null,null,null,null],[5824898,6148642,null,null,null,null],[6149730,6157922,null,null,null,null],[6158562,6173794,null,null,null,null],[6175042,6202146,null,null,null,null],[6520802,6538818,null,null,null,null],[6539394,6841057,null,null,null,null],[6841601,6872417,null,null,null,null],[6874370,7200609,null,null,null,null],[7201793,7209729,null,null,null,null],[7210305,7226722,null,null,null,null],[7227329,7258146,null,null,null,null],[7517217,7535777,null,null,null,null],[7536321,7864289,null,null,null,null],[7865025,7898721,null,null,null,null],[7900737,8240641,null,null,null,null],[8241729,8249601,null,null,null,null],[8250273,8267489,null,null,null,null],[8269313,8299361,null,null,null,null],[8557505,8575841,null,null,null,null],[8576449,8876993,null,null,null,null],[8877633,8908833,null,null,null,null],[8910913,9236609,null,null,null,null],[9237825,9245728,null,null,null,null],[9246337,9262657,null,null,null,null],[9263296,9293665,null,null,null,null],[9555777,9573153,null,null,null,null],[9573697,9875169,null,null,null,null],[9875713,9906368,null,null,null,null],[9908449,10233120,null,null,null,null],[10234304,10242144,null,null,null,null],[10242784,10259040,null,null,null,null],[10260672,10288352,null,null,null,null],[10552192,10570656,null,null,null,null],[10571136,10896384,null,null,null,null],[10897216,10930144,null,null,null,null],[10932160,11270912,null,null,null,null],[11272096,11279840,null,null,null,null],[11280448,11297120,null,null,null,null],[11297664,11325856,null,null,null,null],[11393440,11486816,null,null,null,null],[11487424,11558944,null,null,null,null],[11561504,11620352,null,null,null,null],[11620928,11646400,null,null,null,null],[11647040,11661792,null,null,null,null],[11662400,11663648,null,null,null,null],[11703680,11708416,null,null,null,null],[11713024,11714400,null,null,null,null],[11726432,11732160,null,null,null,null],[11738176,11743520,null,null,null,null],[11749024,11754464,null,null,null,null],[11759872,11765280,null,null,null,null],[11770560,11776000,null,null,null,null],[11780800,11786208,null,null,null,null],[11791936,11797344,null,null,null,null],[11802624,11808032,null,null,null,null],[11853632,11854528,null,null,null,null],[11862624,11864832,null,null,null,null],[11990432,12016640,null,null,null,null],[12031328,12033184,null,null,null,null],[12075808,12077599,null,null,null,null],[12084608,12086048,null,null,null,null],[12138431,12139328,null,null,null,null],[12148160,12150336,null,null,null,null],[12158848,12162015,null,null,null,null],[12215744,12217120,null,null,null,null],[12253631,12255199,null,null,null,null],[12261376,12262687,null,null,null,null],[12303872,12304735,null,null,null,null],[12312448,12314624,null,null,null,null],[12321728,12324447,null,null,null,null],[12368960,12370303,null,null,null,null],[12406719,12408352,null,null,null,null],[12414528,12415775,null,null,null,null],[12456128,12457023,null,null,null,null],[12464832,12467040,null,null,null,null],[12474559,12477247,null,null,null,null],[12521856,12523199,null,null,null,null],[12569856,12571487,null,null,null,null],[12577727,12579039,null,null,null,null],[12620735,12621663,null,null,null,null],[12629568,12631807,null,null,null,null],[12638783,12641504,null,null,null,null],[12686911,12688192,null,null,null,null],[12724512,12726111,null,null,null,null],[12732288,12733568,null,null,null,null],[12779135,12780031,null,null,null,null],[12787840,12790015,null,null,null,null],[12797791,12800479,null,null,null,null],[12845567,12846816,null,null,null,null],[12882623,12884191,null,null,null,null],[12890143,12891423,null,null,null,null],[12932319,12933215,null,null,null,null],[12940991,12943167,null,null,null,null],[12950559,12953215,null,null,null,null],[12997567,12998815,null,null,null,null],[13035391,13036992,null,null,null,null],[13043391,13044703,null,null,null,null],[13085759,13086655,null,null,null,null],[13094399,13096543,null,null,null,null],[13103679,13106399,null,null,null,null],[13150271,13151583,null,null,null,null],[13188095,13189727,null,null,null,null],[13195615,13196895,null,null,null,null],[13238271,13239167,null,null,null,null],[13246911,13249151,null,null,null,null],[13256447,13259167,null,null,null,null],[14255359,14276927,null,null,null,null],[14277439,14683071,null,null,null,null],[14683903,14722335,null,null,null,null],[14724415,15134239,null,null,null,null],[15157438,15165407,null,null,null,null],[15166079,15187742,null,null,null,null],[15189247,15223614,null,null,null,null],[15375295,15388990,null,null,null,null],[15389630,15706335,null,null,null,null],[15707102,15730526,null,null,null,null],[15732670,16067198,null,null,null,null],[16068350,16076158,null,null,null,null],[16076798,16090014,null,null,null,null],[16090558,16110814,null,null,null,null],[16248158,16268254,null,null,null,null],[16268734,16672094,null,null,null,null],[16672894,16706398,null,null,null,null],[16708478,17127774,null,null,null,null],[17128894,17136830,null,null,null,null],[17137374,17157150,null,null,null,null],[17158718,17190398,null,null,null,null],[17331646,17348350,null,null,null,null],[17348926,17672670,null,null,null,null],[17673502,17702494,null,null,null,null],[17704574,18052637,null,null,null,null],[18053565,18061534,null,null,null,null],[18062078,18078462,null,null,null,null],[18079038,18106110,null,null,null,null],[18253981,18273630,null,null,null,null],[18274174,18674909,null,null,null,null],[18675741,18706909,null,null,null,null],[18708957,19118685,null,null,null,null],[19119901,19127677,null,null,null,null],[19128253,19146813,null,null,null,null],[19147453,19177981,null,null,null,null],[19316157,19331805,null,null,null,null],[19332381,19631901,null,null,null,null],[19632445,19660445,null,null,null,null],[19662493,19981853,null,null,null,null],[19982973,19993437,null,null,null,null],[20029213,20045405,null,null,null,null],[20046013,20070749,null,null,null,null],[20252093,20270397,null,null,null,null],[20270973,20597949,null,null,null,null],[20598717,20633629,null,null,null,null],[20635645,20977533,null,null,null,null],[20978684,20986460,null,null,null,null],[20987004,21004445,null,null,null,null],[21050428,21081596,null,null,null,null],[21273980,21290397,null,null,null,null],[21290972,21592028,null,null,null,null],[21592796,21622396,null,null,null,null],[21624380,21947868,null,null,null,null],[21949116,21956700,null,null,null,null],[21957308,21972412,null,null,null,null],[21973084,21999484,null,null,null,null],[22068604,22161692,null,null,null,null]]"
moe_large,sym_prefetch,0,h2d,"[[2969219,3131427,146,10180,2097152,null],[3132483,3134947,146,10182,8192,null],[3187523,3349859,146,10187,2097152,null],[3350915,3352867,146,10189,4096,null],[4003011,4165123,146,10329,2097152,null],[4166178,4168482,146,10331,8192,null],[4220739,4382978,146,10336,2097152,null],[4384035,4385986,146,10338,4096,null],[5041794,5203970,146,10483,2097152,null],[5205026,5208482,146,10485,8192,null],[5261122,5423330,146,10490,2097152,null],[5424706,5426690,146,10492,4096,null],[6083938,6245986,146,10675,2097152,null],[6247042,6249314,146,10677,8192,null],[6307650,6469826,146,10682,2097152,null],[6470882,6472866,146,10684,4096,null],[7076417,7239169,146,10831,2097152,null],[7240225,7243266,146,10833,8192,null],[7304002,7466209,146,10838,2097152,null],[7467266,7469217,146,10840,4096,null],[8115457,8277505,146,11023,2097152,null],[8279009,8281249,146,11025,8192,null],[8344385,8506945,146,11030,2097152,null],[8508001,8509953,146,11032,4096,null],[9095457,9257537,146,11181,2097152,null],[9260193,9263233,146,11183,8192,null],[9341761,9503969,146,11188,2097152,null],[9505537,9507489,146,11190,4096,null],[10120480,10282656,146,11373,2097152,null],[10283712,10286048,146,11375,8192,null],[10339136,10501536,146,11380,2097152,null],[10502592,10504544,146,11382,4096,null],[13819199,13981151,146,12614,2097152,null],[13982207,13984479,146,12616,8192,null],[14041919,14204063,146,12621,2097152,null],[14205119,14207135,146,12623,4096,null],[14801663,14963711,146,12787,2097152,null],[14964766,14967262,146,12789,8192,null],[15161758,15323871,146,12794,2097152,null],[15324926,15326911,146,12796,4096,null],[15777182,15939294,146,12941,2097152,null],[15941214,15943582,146,12943,8192,null],[16034206,16196478,146,12948,2097152,null],[16197534,16199518,146,12950,4096,null],[16804158,16966782,146,13133,2097152,null],[16967934,16970302,146,13135,8192,null],[17117598,17279870,146,13140,2097152,null],[17280926,17282878,146,13142,4096,null],[17800605,17963262,146,13301,2097152,null],[17965214,17967518,146,13303,8192,null],[18040221,18202493,146,13308,2097152,null],[18203550,18205566,146,13310,4096,null],[18827581,18989789,146,13493,2097152,null],[18991709,18994077,146,13495,8192,null],[19102109,19264605,146,13500,2097152,null],[19265821,19267773,146,13502,4096,null],[19813693,19975869,146,13659,2097152,null],[19977821,19980061,146,13661,8192,null],[20038045,20200829,146,13666,2097152,null],[20201885,20203933,146,13668,4096,null],[20834045,20996284,146,13851,2097152,null],[20997341,21000861,146,13853,8192,null],[21059388,21223036,146,13858,2097152,null],[21224092,21226045,146,13860,4096,null]]"
moe_large,sym_prefetch,0,model_gemm,"[[373956,434564,7,9137,null,""volta_sgemm_32x128_nn""],[3419267,3720867,7,10231,null,""volta_sgemm_128x128_tn""],[3753667,4078882,7,10256,null,""volta_sgemm_128x64_tn""],[4452482,4780226,7,10380,null,""volta_sgemm_128x64_tn""],[4816770,5156354,7,10405,null,""volta_sgemm_128x64_tn""],[5492386,5792738,7,10548,null,""volta_sgemm_128x128_tn""],[5824898,6148642,7,10577,null,""volta_sgemm_128x64_tn""],[6539394,6841057,7,10728,null,""volta_sgemm_128x128_tn""],[6874370,7200609,7,10753,null,""volta_sgemm_128x64_tn""],[7536321,7864289,7,10896,null,""volta_sgemm_128x64_tn""],[7900737,8240641,7,10925,null,""volta_sgemm_128x64_tn""],[8576449,8876993,7,11078,null,""volta_sgemm_128x128_tn""],[8910913,9236609,7,11103,null,""volta_sgemm_128x64_tn""],[9573697,9875169,7,11246,null,""volta_sgemm_128x128_tn""],[9908449,10233120,7,11275,null,""volta_sgemm_128x64_tn""],[10571136,10896384,7,11428,null,""volta_sgemm_128x64_tn""],[10932160,11270912,7,11453,null,""volta_sgemm_128x64_tn""],[11561504,11620352,7,11571,null,""volta_sgemm_32x128_nn""],[14277439,14683071,7,12679,null,""volta_sgemm_128x64_tn""],[14724415,15134239,7,12708,null,""volta_sgemm_128x128_tn""],[15389630,15706335,7,12838,null,""volta_sgemm_128x64_tn""],[15732670,16067198,7,12863,null,""volta_sgemm_128x64_tn""],[16268734,16672094,7,13006,null,""volta_sgemm_128x64_tn""],[16708478,17127774,7,13035,null,""volta_sgemm_128x64_tn""],[17348926,17672670,7,13188,null,""volta_sgemm_128x64_tn""],[17704574,18052637,7,13217,null,""volta_sgemm_128x64_tn""],[18274174,18674909,7,13366,null,""volta_sgemm_128x64_tn""],[18708957,19118685,7,13395,null,""volta_sgemm_128x64_tn""],[19332381,19631901,7,13548,null,""volta_sgemm_128x128_tn""],[19662493,19981853,7,13577,null,""volta_sgemm_128x64_tn""],[20270973,20597949,7,13724,null,""volta_sgemm_128x64_tn""],[20635645,20977533,7,13753,null,""volta_sgemm_128x64_tn""],[21290972,21592028,7,13906,null,""volta_sgemm_128x128_tn""],[21624380,21947868,7,13935,null,""volta_sgemm_128x64_tn""]]"
moe_large,torch_serial,0,model_kernel_union,"[[251244,318764,null,null,null,null],[367916,428684,null,null,null,null],[429292,456044,null,null,null,null],[456684,471596,null,null,null,null],[498028,499340,null,null,null,null],[572972,577804,null,null,null,null],[582604,583948,null,null,null,null],[597068,602860,null,null,null,null],[613612,619052,null,null,null,null],[624236,629708,null,null,null,null],[635244,640716,null,null,null,null],[646380,651916,null,null,null,null],[657580,663052,null,null,null,null],[667884,673356,null,null,null,null],[678700,684172,null,null,null,null],[734508,735404,null,null,null,null],[744748,746956,null,null,null,null],[933964,960812,null,null,null,null],[984011,985868,null,null,null,null],[1031660,1033484,null,null,null,null],[1041132,1042572,null,null,null,null],[1090603,1091531,null,null,null,null],[1100587,1102764,null,null,null,null],[1112140,1115276,null,null,null,null],[1180908,1182252,null,null,null,null],[1218923,1220491,null,null,null,null],[1226603,1227916,null,null,null,null],[1269420,1270348,null,null,null,null],[1278091,1280332,null,null,null,null],[1287435,1290188,null,null,null,null],[1336235,1337580,null,null,null,null],[1374251,1375819,null,null,null,null],[1381612,1382923,null,null,null,null],[1433323,1434219,null,null,null,null],[1442379,1444587,null,null,null,null],[1451564,1454283,null,null,null,null],[1499372,1500684,null,null,null,null],[1537548,1539116,null,null,null,null],[1545132,1546412,null,null,null,null],[1600363,1601324,null,null,null,null],[1609451,1611627,null,null,null,null],[1618859,1621547,null,null,null,null],[1668715,1670091,null,null,null,null],[1706348,1707948,null,null,null,null],[1713676,1714956,null,null,null,null],[1756587,1757484,null,null,null,null],[1765260,1767403,null,null,null,null],[1775083,1777867,null,null,null,null],[1832235,1833611,null,null,null,null],[1870636,1872203,null,null,null,null],[1878731,1880011,null,null,null,null],[1920844,1921772,null,null,null,null],[1929451,1931660,null,null,null,null],[1939083,1941771,null,null,null,null],[1986187,1987500,null,null,null,null],[2028011,2029643,null,null,null,null],[2035627,2036875,null,null,null,null],[2080075,2080971,null,null,null,null],[2088875,2091083,null,null,null,null],[2098155,2100875,null,null,null,null],[2145963,2147339,null,null,null,null],[2183275,2184875,null,null,null,null],[2191083,2192395,null,null,null,null],[2233067,2233995,null,null,null,null],[2242091,2244299,null,null,null,null],[2251307,2254027,null,null,null,null],[2944491,2961771,null,null,null,null],[2962315,3267915,null,null,null,null],[3268715,3298155,null,null,null,null],[3300139,3629739,null,null,null,null],[3630955,3638923,null,null,null,null],[3639531,3654795,null,null,null,null],[3655371,3682347,null,null,null,null],[4310954,4329483,null,null,null,null],[4330027,4661322,null,null,null,null],[4661994,4696139,null,null,null,null],[4698218,5040330,null,null,null,null],[5041546,5049258,null,null,null,null],[5049898,5066890,null,null,null,null],[5067562,5096074,null,null,null,null],[5732906,5750538,null,null,null,null],[5751082,6057802,null,null,null,null],[6058442,6088170,null,null,null,null],[6090250,6419690,null,null,null,null],[6420842,6428682,null,null,null,null],[6429322,6444362,null,null,null,null],[6444970,6471818,null,null,null,null],[7102826,7121418,null,null,null,null],[7122473,7428585,null,null,null,null],[7429129,7460297,null,null,null,null],[7462249,7791241,null,null,null,null],[7792425,7800073,null,null,null,null],[7800681,7816937,null,null,null,null],[7817513,7845385,null,null,null,null],[8478825,8497097,null,null,null,null],[8497673,8828713,null,null,null,null],[8829353,8863369,null,null,null,null],[8865449,9208937,null,null,null,null],[9210217,9218121,null,null,null,null],[9218729,9235913,null,null,null,null],[9236553,9265257,null,null,null,null],[9895848,9913960,null,null,null,null],[9914473,10220488,null,null,null,null],[10221064,10252168,null,null,null,null],[10254184,10583176,null,null,null,null],[10584424,10592168,null,null,null,null],[10592808,10608744,null,null,null,null],[10609320,10637832,null,null,null,null],[11276552,11294248,null,null,null,null],[11294824,11599880,null,null,null,null],[11600552,11630952,null,null,null,null],[11633000,11962376,null,null,null,null],[11963592,11971400,null,null,null,null],[11971944,11987464,null,null,null,null],[11988072,12016040,null,null,null,null],[12649192,12666951,null,null,null,null],[12667431,12993063,null,null,null,null],[12993736,13026887,null,null,null,null],[13029127,13367751,null,null,null,null],[13368967,13376839,null,null,null,null],[13377447,13394023,null,null,null,null],[13394599,13422983,null,null,null,null],[13478055,13571239,null,null,null,null],[13571783,13642823,null,null,null,null],[13644839,13703271,null,null,null,null],[13703847,13729223,null,null,null,null],[13729767,13744327,null,null,null,null],[13744903,13746183,null,null,null,null],[13750183,13754983,null,null,null,null],[13755591,13756903,null,null,null,null],[13759015,13764807,null,null,null,null],[13767783,13773127,null,null,null,null],[13775399,13780775,null,null,null,null],[13783655,13789031,null,null,null,null],[13802535,13807975,null,null,null,null],[13813415,13818759,null,null,null,null],[13823847,13829287,null,null,null,null],[13834279,13839687,null,null,null,null],[13882375,13883271,null,null,null,null],[13891111,13893287,null,null,null,null],[13996711,14023143,null,null,null,null],[14032615,14034599,null,null,null,null],[14072679,14074471,null,null,null,null],[14080775,14082183,null,null,null,null],[14123911,14124807,null,null,null,null],[14132967,14135207,null,null,null,null],[14142375,14145575,null,null,null,null],[14193063,14194407,null,null,null,null],[14235815,14237383,null,null,null,null],[14243495,14244775,null,null,null,null],[14286247,14287111,null,null,null,null],[14295015,14297287,null,null,null,null],[14304231,14306919,null,null,null,null],[14351783,14353159,null,null,null,null],[14389479,14391047,null,null,null,null],[14396775,14398055,null,null,null,null],[14438535,14439399,null,null,null,null],[14447143,14449383,null,null,null,null],[14456551,14459271,null,null,null,null],[14503591,14504903,null,null,null,null],[14540967,14542567,null,null,null,null],[14548391,14549639,null,null,null,null],[14590119,14591047,null,null,null,null],[14598791,14600999,null,null,null,null],[14608135,14610823,null,null,null,null],[14655367,14656615,null,null,null,null],[14705703,14707271,null,null,null,null],[14713767,14715047,null,null,null,null],[14757031,14757927,null,null,null,null],[14765607,14767815,null,null,null,null],[14779047,14781703,null,null,null,null],[14837959,14839207,null,null,null,null],[14876839,14878439,null,null,null,null],[14884359,14885639,null,null,null,null],[14927495,14928391,null,null,null,null],[14936167,14938343,null,null,null,null],[14945735,14948423,null,null,null,null],[14992295,14993543,null,null,null,null],[15029991,15031559,null,null,null,null],[15037479,15038791,null,null,null,null],[15080071,15080966,null,null,null,null],[15089063,15091238,null,null,null,null],[15098471,15101191,null,null,null,null],[15145895,15147207,null,null,null,null],[15182887,15184518,null,null,null,null],[15190503,15191783,null,null,null,null],[15232999,15233927,null,null,null,null],[15241574,15243782,null,null,null,null],[15250951,15253639,null,null,null,null],[15920262,15941222,null,null,null,null],[15942182,16347590,null,null,null,null],[16348422,16386310,null,null,null,null],[16388390,16784486,null,null,null,null],[16785670,16793030,null,null,null,null],[16793702,16813862,null,null,null,null],[16814502,16848262,null,null,null,null],[17478790,17492550,null,null,null,null],[17493190,17808582,null,null,null,null],[17809254,17832454,null,null,null,null],[17834438,18149445,null,null,null,null],[18150629,18158054,null,null,null,null],[18158661,18170149,null,null,null,null],[18170789,18190694,null,null,null,null],[18823653,18843589,null,null,null,null],[18844357,19248133,null,null,null,null],[19248741,19282405,null,null,null,null],[19284453,19673989,null,null,null,null],[19675173,19682821,null,null,null,null],[19683365,19702501,null,null,null,null],[19703141,19734501,null,null,null,null],[20380196,20396932,null,null,null,null],[20397477,20721988,null,null,null,null],[20722597,20752229,null,null,null,null],[20754309,21076933,null,null,null,null],[21078116,21085764,null,null,null,null],[21086308,21100836,null,null,null,null],[21101476,21128196,null,null,null,null],[21761956,21780676,null,null,null,null],[21781220,22182980,null,null,null,null],[22183588,22214692,null,null,null,null],[22216900,22604420,null,null,null,null],[22605540,22613284,null,null,null,null],[22613860,22631076,null,null,null,null],[22631652,22661796,null,null,null,null],[23289252,23305092,null,null,null,null],[23305700,23606371,null,null,null,null],[23607011,23634788,null,null,null,null],[23636771,23955684,null,null,null,null],[23956899,23964419,null,null,null,null],[23965091,23977763,null,null,null,null],[23978403,24002691,null,null,null,null],[24636835,24655267,null,null,null,null],[24655843,24983011,null,null,null,null],[24983587,25018627,null,null,null,null],[25020579,25360323,null,null,null,null],[25361443,25369123,null,null,null,null],[25369763,25387043,null,null,null,null],[25387683,25418179,null,null,null,null],[26054754,26071394,null,null,null,null],[26072035,26373634,null,null,null,null],[26374243,26403619,null,null,null,null],[26405794,26730722,null,null,null,null],[26731874,26739458,null,null,null,null],[26740066,26755138,null,null,null,null],[26755714,26782306,null,null,null,null],[26836770,26929986,null,null,null,null]]"
moe_large,torch_serial,0,h2d,"[[2393419,2555755,24,15117,2097152,null],[2556811,2558827,24,15133,8192,null],[2669515,2831595,24,15190,2097152,null],[2832651,2834571,24,15206,4096,null],[3761995,3924075,24,15390,2097152,null],[3925131,3927435,24,15406,8192,null],[4034763,4197130,24,15463,2097152,null],[4198698,4200619,24,15479,4096,null],[5173450,5335530,24,15671,2097152,null],[5336586,5338858,24,15687,8192,null],[5457258,5619466,24,15744,2097152,null],[5621002,5622954,24,15760,4096,null],[6548714,6710794,24,15984,2097152,null],[6711850,6714090,24,16000,8192,null],[6826185,6988458,24,16057,2097152,null],[6990314,6992233,24,16073,4096,null],[7923817,8086121,24,16265,2097152,null],[8087177,8089449,24,16281,8192,null],[8204233,8366249,24,16338,2097152,null],[8367785,8369737,24,16354,4096,null],[9343049,9505481,24,16578,2097152,null],[9506536,9508809,24,16594,8192,null],[9619401,9782377,24,16651,2097152,null],[9783945,9785928,24,16667,4096,null],[10714952,10877320,24,16859,2097152,null],[10878376,10880648,24,16875,8192,null],[11000168,11162152,24,16932,2097152,null],[11163720,11165672,24,16948,4096,null],[12093256,12255432,24,17172,2097152,null],[12256488,12258760,24,17188,8192,null],[12371912,12534759,24,17245,2097152,null],[12536327,12538312,24,17261,4096,null],[15369126,15531462,24,18539,2097152,null],[15532518,15534790,24,18555,8192,null],[15645638,15807974,24,18612,2097152,null],[15809510,15811494,24,18628,4096,null],[16927366,17089734,24,18832,2097152,null],[17091270,17093606,24,18848,8192,null],[17203206,17366246,24,18905,2097152,null],[17367782,17369798,24,18921,4096,null],[18268325,18430661,24,19113,2097152,null],[18432485,18434757,24,19129,8192,null],[18549093,18711077,24,19186,2097152,null],[18712613,18714565,24,19202,4096,null],[19819237,19981701,24,19426,2097152,null],[19982757,19985029,24,19442,8192,null],[20103525,20266405,24,19499,2097152,null],[20267941,20269893,24,19515,4096,null],[21206948,21369252,24,19707,2097152,null],[21370820,21373092,24,19723,8192,null],[21486949,21649060,24,19780,2097152,null],[21650596,21652548,24,19796,4096,null],[22738180,22900548,24,20020,2097152,null],[22901604,22903908,24,20036,8192,null],[23013316,23175748,24,20093,2097152,null],[23177572,23179524,24,20109,4096,null],[24079108,24241443,24,20301,2097152,null],[24243075,24245347,24,20317,8192,null],[24361315,24523395,24,20374,2097152,null],[24524931,24526883,24,20390,4096,null],[25494371,25656739,24,20614,2097152,null],[25659203,25661475,24,20630,8192,null],[25777507,25940259,24,20687,2097152,null],[25942051,25944003,24,20703,4096,null]]"
moe_large,torch_serial,0,model_gemm,"[[367916,428684,7,14083,null,""volta_sgemm_32x128_nn""],[2962315,3267915,7,15302,null,""volta_sgemm_128x128_tn""],[3300139,3629739,7,15327,null,""volta_sgemm_128x64_tn""],[4330027,4661322,7,15583,null,""volta_sgemm_128x64_tn""],[4698218,5040330,7,15608,null,""volta_sgemm_128x64_tn""],[5751082,6057802,7,15888,null,""volta_sgemm_128x128_tn""],[6090250,6419690,7,15917,null,""volta_sgemm_128x64_tn""],[7122473,7428585,7,16177,null,""volta_sgemm_128x128_tn""],[7462249,7791241,7,16202,null,""volta_sgemm_128x64_tn""],[8497673,8828713,7,16482,null,""volta_sgemm_128x64_tn""],[8865449,9208937,7,16511,null,""volta_sgemm_128x64_tn""],[9914473,10220488,7,16771,null,""volta_sgemm_128x128_tn""],[10254184,10583176,7,16796,null,""volta_sgemm_128x64_tn""],[11294824,11599880,7,17076,null,""volta_sgemm_128x128_tn""],[11633000,11962376,7,17105,null,""volta_sgemm_128x64_tn""],[12667431,12993063,7,17365,null,""volta_sgemm_128x64_tn""],[13029127,13367751,7,17390,null,""volta_sgemm_128x64_tn""],[13644839,13703271,7,17505,null,""volta_sgemm_32x128_nn""],[15942182,16347590,7,18738,null,""volta_sgemm_128x64_tn""],[16388390,16784486,7,18767,null,""volta_sgemm_128x128_tn""],[17493190,17808582,7,19025,null,""volta_sgemm_128x64_tn""],[17834438,18149445,7,19050,null,""volta_sgemm_128x64_tn""],[18844357,19248133,7,19330,null,""volta_sgemm_128x64_tn""],[19284453,19673989,7,19359,null,""volta_sgemm_128x64_tn""],[20397477,20721988,7,19619,null,""volta_sgemm_128x64_tn""],[20754309,21076933,7,19644,null,""volta_sgemm_128x64_tn""],[21781220,22182980,7,19924,null,""volta_sgemm_128x64_tn""],[22216900,22604420,7,19953,null,""volta_sgemm_128x64_tn""],[23305700,23606371,7,20213,null,""volta_sgemm_128x128_tn""],[23636771,23955684,7,20238,null,""volta_sgemm_128x64_tn""],[24655843,24983011,7,20518,null,""volta_sgemm_128x64_tn""],[25020579,25360323,7,20547,null,""volta_sgemm_128x64_tn""],[26072035,26373634,7,20807,null,""volta_sgemm_128x128_tn""],[26405794,26730722,7,20832,null,""volta_sgemm_128x64_tn""]]"
moe_large,torch_prefetch,0,model_kernel_union,"[[245587,311731,null,null,null,null],[363411,422835,null,null,null,null],[430451,456915,null,null,null,null],[462483,477107,null,null,null,null],[504467,505747,null,null,null,null],[588179,592947,null,null,null,null],[598291,599635,null,null,null,null],[612755,618547,null,null,null,null],[627763,633139,null,null,null,null],[638515,644019,null,null,null,null],[650003,655443,null,null,null,null],[661587,667027,null,null,null,null],[672723,678131,null,null,null,null],[683475,688947,null,null,null,null],[694515,699923,null,null,null,null],[752883,753779,null,null,null,null],[763091,765299,null,null,null,null],[936915,964435,null,null,null,null],[985939,987859,null,null,null,null],[1035059,1036851,null,null,null,null],[1044883,1046323,null,null,null,null],[1094291,1095219,null,null,null,null],[1104339,1106419,null,null,null,null],[1114931,1118003,null,null,null,null],[1184403,1185747,null,null,null,null],[1221907,1223475,null,null,null,null],[1229651,1230963,null,null,null,null],[1272915,1273843,null,null,null,null],[1281587,1283763,null,null,null,null],[1291155,1293907,null,null,null,null],[1340563,1341971,null,null,null,null],[1377811,1379443,null,null,null,null],[1385587,1386867,null,null,null,null],[1439635,1440499,null,null,null,null],[1448691,1450867,null,null,null,null],[1461811,1464467,null,null,null,null],[1511123,1512435,null,null,null,null],[1549235,1550803,null,null,null,null],[1557075,1558323,null,null,null,null],[1598931,1599827,null,null,null,null],[1607635,1609811,null,null,null,null],[1616915,1619603,null,null,null,null],[1665235,1666515,null,null,null,null],[1702035,1703635,null,null,null,null],[1709459,1710771,null,null,null,null],[1752051,1752947,null,null,null,null],[1760691,1762867,null,null,null,null],[1769875,1772659,null,null,null,null],[1816403,1817779,null,null,null,null],[1853843,1855411,null,null,null,null],[1861331,1862611,null,null,null,null],[1903411,1904307,null,null,null,null],[1911987,1914131,null,null,null,null],[1921107,1923763,null,null,null,null],[1969043,1970323,null,null,null,null],[2006579,2008147,null,null,null,null],[2014227,2015539,null,null,null,null],[2056403,2057331,null,null,null,null],[2065107,2067282,null,null,null,null],[2078611,2081299,null,null,null,null],[2125522,2126835,null,null,null,null],[2163219,2164787,null,null,null,null],[2170899,2172147,null,null,null,null],[2213747,2214611,null,null,null,null],[2222514,2224691,null,null,null,null],[2231635,2234323,null,null,null,null],[2937746,2954866,null,null,null,null],[2955410,3256882,null,null,null,null],[3257554,3288658,null,null,null,null],[3296338,3673874,null,null,null,null],[3674514,3682866,null,null,null,null],[3683410,3700786,null,null,null,null],[3701330,3728626,null,null,null,null],[3947154,3965458,null,null,null,null],[3966034,4340370,null,null,null,null],[4361362,4395474,null,null,null,null],[4403634,4786578,null,null,null,null],[4815506,4823441,null,null,null,null],[4824050,4842098,null,null,null,null],[4842706,4871826,null,null,null,null],[4873170,4890482,null,null,null,null],[4891025,5202802,null,null,null,null],[5206514,5242834,null,null,null,null],[5269521,5625777,null,null,null,null],[5627058,5635025,null,null,null,null],[5635601,5650354,null,null,null,null],[5651057,5677553,null,null,null,null],[5797841,5816113,null,null,null,null],[5816753,6125617,null,null,null,null],[6155921,6190513,null,null,null,null],[6235857,6626257,null,null,null,null],[6626929,6634961,null,null,null,null],[6635697,6652721,null,null,null,null],[6653329,6681169,null,null,null,null],[6682513,6701393,null,null,null,null],[6702001,7055505,null,null,null,null],[7099057,7133585,null,null,null,null],[7141393,7522545,null,null,null,null],[7553808,7562257,null,null,null,null],[7562801,7580977,null,null,null,null],[7581713,7610161,null,null,null,null],[7611569,7630256,null,null,null,null],[7630865,7942257,null,null,null,null],[7943057,7975376,null,null,null,null],[8005328,8373072,null,null,null,null],[8374224,8381553,null,null,null,null],[8382160,8397361,null,null,null,null],[8398001,8426832,null,null,null,null],[8555216,8572016,null,null,null,null],[8572624,8881584,null,null,null,null],[8912624,8947952,null,null,null,null],[8989840,9387440,null,null,null,null],[9388048,9396080,null,null,null,null],[9396976,9413520,null,null,null,null],[9414160,9441072,null,null,null,null],[9442384,9460624,null,null,null,null],[9461232,9787952,null,null,null,null],[9788688,9822320,null,null,null,null],[9824336,10162704,null,null,null,null],[10163920,10171696,null,null,null,null],[10172272,10188752,null,null,null,null],[10189328,10217264,null,null,null,null],[10279919,10373072,null,null,null,null],[10374160,10446576,null,null,null,null],[10448656,10506544,null,null,null,null],[10507151,10532688,null,null,null,null],[10533231,10547823,null,null,null,null],[10548624,10549871,null,null,null,null],[10554000,10558768,null,null,null,null],[10559280,10560624,null,null,null,null],[10562639,10568432,null,null,null,null],[10572431,10577808,null,null,null,null],[10583280,10588656,null,null,null,null],[10594000,10599376,null,null,null,null],[10604752,10610192,null,null,null,null],[10614992,10620399,null,null,null,null],[10625744,10631152,null,null,null,null],[10636047,10641487,null,null,null,null],[10681680,10682576,null,null,null,null],[10690383,10692591,null,null,null,null],[10796687,10823439,null,null,null,null],[10833327,10835216,null,null,null,null],[10873040,10874895,null,null,null,null],[10880784,10882192,null,null,null,null],[10923856,10924751,null,null,null,null],[10932623,10934799,null,null,null,null],[10942352,10945520,null,null,null,null],[10993615,10994960,null,null,null,null],[11031919,11033487,null,null,null,null],[11039279,11040527,null,null,null,null],[11086991,11087919,null,null,null,null],[11095695,11097903,null,null,null,null],[11105391,11108079,null,null,null,null],[11152207,11153520,null,null,null,null],[11190447,11192015,null,null,null,null],[11197935,11199184,null,null,null,null],[11239695,11240591,null,null,null,null],[11248207,11250447,null,null,null,null],[11257616,11260335,null,null,null,null],[11303376,11304719,null,null,null,null],[11340623,11342191,null,null,null,null],[11348047,11349359,null,null,null,null],[11389647,11390575,null,null,null,null],[11398287,11400527,null,null,null,null],[11415631,11418351,null,null,null,null],[11463247,11464527,null,null,null,null],[11501007,11502575,null,null,null,null],[11508815,11510095,null,null,null,null],[11550991,11551919,null,null,null,null],[11559567,11561807,null,null,null,null],[11569039,11571727,null,null,null,null],[11615919,11617231,null,null,null,null],[11653103,11654671,null,null,null,null],[11660303,11661583,null,null,null,null],[11706639,11707535,null,null,null,null],[11715151,11717359,null,null,null,null],[11724431,11727119,null,null,null,null],[11770991,11772239,null,null,null,null],[11808783,11810351,null,null,null,null],[11816207,11817455,null,null,null,null],[11858511,11859439,null,null,null,null],[11867279,11869487,null,null,null,null],[11876495,11879183,null,null,null,null],[11922639,11923919,null,null,null,null],[11960751,11962319,null,null,null,null],[11968463,11969775,null,null,null,null],[12010511,12011375,null,null,null,null],[12019407,12021615,null,null,null,null],[12039311,12041999,null,null,null,null],[12719311,12740559,null,null,null,null],[12741167,13153486,null,null,null,null],[13158287,13202127,null,null,null,null],[13230222,13663663,null,null,null,null],[13664846,13672334,null,null,null,null],[13672878,13693519,null,null,null,null],[13695054,13729230,null,null,null,null],[13933102,13946734,null,null,null,null],[13947342,14313198,null,null,null,null],[14313806,14338926,null,null,null,null],[14346798,14706798,null,null,null,null],[14707406,14715182,null,null,null,null],[14715854,14728142,null,null,null,null],[14728718,14748366,null,null,null,null],[14749710,14769614,null,null,null,null],[14770158,15226542,null,null,null,null],[15227086,15263534,null,null,null,null],[15271246,15720910,null,null,null,null],[15721486,15729614,null,null,null,null],[15730446,15749358,null,null,null,null],[15750030,15781454,null,null,null,null],[15782798,15799758,null,null,null,null],[15800270,16185869,null,null,null,null],[16186510,16217229,null,null,null,null],[16224973,16595662,null,null,null,null],[16596237,16604333,null,null,null,null],[16605006,16621005,null,null,null,null],[16621581,16648589,null,null,null,null],[16649934,16668813,null,null,null,null],[16669325,17118253,null,null,null,null],[17118861,17152909,null,null,null,null],[17161229,17604493,null,null,null,null],[17605741,17613453,null,null,null,null],[17614029,17632045,null,null,null,null],[17632717,17662317,null,null,null,null],[17663757,17679853,null,null,null,null],[17680397,17983821,null,null,null,null],[18014509,18043565,null,null,null,null],[18088045,18479757,null,null,null,null],[18480813,18488365,null,null,null,null],[18489037,18503405,null,null,null,null],[18504045,18527853,null,null,null,null],[18529229,18547661,null,null,null,null],[18548269,18901933,null,null,null,null],[18946092,18981324,null,null,null,null],[18989165,19368588,null,null,null,null],[19403564,19411629,null,null,null,null],[19412172,19430188,null,null,null,null],[19430732,19461645,null,null,null,null],[19463116,19479532,null,null,null,null],[19480172,19781068,null,null,null,null],[19781932,19811244,null,null,null,null],[19813228,20137164,null,null,null,null],[20138380,20146124,null,null,null,null],[20146700,20161836,null,null,null,null],[20162508,20188652,null,null,null,null],[20244396,20337708,null,null,null,null]]"
moe_large,torch_prefetch,0,h2d,"[[2384435,2546771,28,22011,2097152,null],[2547795,2549811,28,22027,8192,null],[2661938,2824211,28,22084,2097152,null],[2825522,2827474,28,22100,4096,null],[3241138,3403378,28,22283,2097152,null],[3404946,3407186,28,22299,8192,null],[3671602,3833970,28,22356,2097152,null],[3834994,3836946,28,22372,4096,null],[4014610,4176882,28,22565,2097152,null],[4177938,4180370,28,22581,8192,null],[4385458,4548562,28,22638,2097152,null],[4549618,4551602,28,22654,4096,null],[4978610,5140817,28,22883,2097152,null],[5142834,5145138,28,22901,8192,null],[5521969,5684881,28,22966,2097152,null],[5685937,5687890,28,22984,4096,null],[5870609,6033009,28,23197,2097152,null],[6034065,6036529,28,23213,8192,null],[6241841,6404081,28,23270,2097152,null],[6405937,6408049,28,23286,4096,null],[6784401,6946833,28,23515,2097152,null],[6948561,6951025,28,23533,8192,null],[7118481,7285297,28,23598,2097152,null],[7286353,7288401,28,23616,4096,null],[7700528,7862641,28,23829,2097152,null],[7864209,7866449,28,23845,8192,null],[8279600,8441968,28,23902,2097152,null],[8443025,8444976,28,23918,4096,null],[8630672,8792816,28,24147,2097152,null],[8793872,8796240,28,24165,8192,null],[8999600,9162096,28,24230,2097152,null],[9163184,9165616,28,24248,4096,null],[12167311,12329807,28,25548,2097152,null],[12330863,12333135,28,25564,8192,null],[12446255,12608239,28,25621,2097152,null],[12609295,12611247,28,25637,4096,null],[12964623,13127375,28,25840,2097152,null],[13129358,13131631,28,25856,8192,null],[13656655,13818670,28,25913,2097152,null],[13819727,13821678,28,25929,4096,null],[14001550,14163790,28,26122,2097152,null],[14165614,14168046,28,26138,8192,null],[14302766,14465294,28,26195,2097152,null],[14466830,14468814,28,26211,4096,null],[14851246,15013454,28,26440,2097152,null],[15015918,15018222,28,26458,8192,null],[15198766,15360942,28,26523,2097152,null],[15361998,15363950,28,26541,4096,null],[15871406,16033774,28,26754,2097152,null],[16034829,16037838,28,26770,8192,null],[16191310,16355278,28,26827,2097152,null],[16356333,16358477,28,26843,4096,null],[16752301,16914605,28,27072,2097152,null],[16915661,16917933,28,27090,8192,null],[17096653,17259245,28,27155,2097152,null],[17261293,17263597,28,27173,4096,null],[17753837,17916045,28,27386,2097152,null],[17917101,17919341,28,27402,8192,null],[18097709,18259949,28,27459,2097152,null],[18261837,18263789,28,27475,4096,null],[18630605,18792781,28,27704,2097152,null],[18794668,18797356,28,27722,8192,null],[18967117,19133228,28,27787,2097152,null],[19134285,19136268,28,27805,4096,null]]"
moe_large,torch_prefetch,0,model_gemm,"[[363411,422835,7,20977,null,""volta_sgemm_32x128_nn""],[2955410,3256882,7,22196,null,""volta_sgemm_128x128_tn""],[3296338,3673874,7,22221,null,""volta_sgemm_128x64_tn""],[3966034,4340370,7,22468,null,""volta_sgemm_128x64_tn""],[4403634,4786578,7,22493,null,""volta_sgemm_128x64_tn""],[4891025,5202802,7,22764,null,""volta_sgemm_128x128_tn""],[5269521,5625777,7,22793,null,""volta_sgemm_128x64_tn""],[5816753,6125617,7,23090,null,""volta_sgemm_128x128_tn""],[6235857,6626257,7,23119,null,""volta_sgemm_128x64_tn""],[6702001,7055505,7,23396,null,""volta_sgemm_128x64_tn""],[7141393,7522545,7,23425,null,""volta_sgemm_128x64_tn""],[7630865,7942257,7,23722,null,""volta_sgemm_128x128_tn""],[8005328,8373072,7,23751,null,""volta_sgemm_128x64_tn""],[8572624,8881584,7,24028,null,""volta_sgemm_128x128_tn""],[8989840,9387440,7,24057,null,""volta_sgemm_128x64_tn""],[9461232,9787952,7,24354,null,""volta_sgemm_128x64_tn""],[9824336,10162704,7,24383,null,""volta_sgemm_128x64_tn""],[10448656,10506544,7,24514,null,""volta_sgemm_32x128_nn""],[12741167,13153486,7,25747,null,""volta_sgemm_128x64_tn""],[13230222,13663663,7,25776,null,""volta_sgemm_128x128_tn""],[13947342,14313198,7,26025,null,""volta_sgemm_128x64_tn""],[14346798,14706798,7,26050,null,""volta_sgemm_128x64_tn""],[14770158,15226542,7,26321,null,""volta_sgemm_128x64_tn""],[15271246,15720910,7,26350,null,""volta_sgemm_128x64_tn""],[15800270,16185869,7,26647,null,""volta_sgemm_128x64_tn""],[16224973,16595662,7,26676,null,""volta_sgemm_128x64_tn""],[16669325,17118253,7,26953,null,""volta_sgemm_128x64_tn""],[17161229,17604493,7,26982,null,""volta_sgemm_128x64_tn""],[17680397,17983821,7,27279,null,""volta_sgemm_128x128_tn""],[18088045,18479757,7,27308,null,""volta_sgemm_128x64_tn""],[18548269,18901933,7,27585,null,""volta_sgemm_128x64_tn""],[18989165,19368588,7,27614,null,""volta_sgemm_128x64_tn""],[19480172,19781068,7,27911,null,""volta_sgemm_128x128_tn""],[19813228,20137164,7,27940,null,""volta_sgemm_128x64_tn""]]"
moe_large,inductor_serial,0,model_kernel_union,"[[251352,319096,null,null,null,null],[367960,427064,null,null,null,null],[427704,455096,null,null,null,null],[456472,471864,null,null,null,null],[496056,497400,null,null,null,null],[571352,576312,null,null,null,null],[581048,582424,null,null,null,null],[594584,600536,null,null,null,null],[609048,614680,null,null,null,null],[620408,626040,null,null,null,null],[632184,637784,null,null,null,null],[657336,662968,null,null,null,null],[669464,675064,null,null,null,null],[680536,686200,null,null,null,null],[691736,697336,null,null,null,null],[758456,759352,null,null,null,null],[769048,771384,null,null,null,null],[945528,971864,null,null,null,null],[992920,994936,null,null,null,null],[1040856,1042680,null,null,null,null],[1050520,1051992,null,null,null,null],[1098584,1099544,null,null,null,null],[1108472,1110712,null,null,null,null],[1120056,1123288,null,null,null,null],[1189688,1191032,null,null,null,null],[1227416,1229016,null,null,null,null],[1235352,1236664,null,null,null,null],[1278711,1279608,null,null,null,null],[1287127,1289432,null,null,null,null],[1296536,1299352,null,null,null,null],[1343703,1345112,null,null,null,null],[1381143,1382776,null,null,null,null],[1388696,1390008,null,null,null,null],[1430040,1431000,null,null,null,null],[1439160,1441400,null,null,null,null],[1448216,1451000,null,null,null,null],[1495768,1497144,null,null,null,null],[1533687,1535320,null,null,null,null],[1541400,1542712,null,null,null,null],[1587640,1588568,null,null,null,null],[1596567,1598840,null,null,null,null],[1606040,1608792,null,null,null,null],[1664920,1666232,null,null,null,null],[1703384,1704983,null,null,null,null],[1710872,1712215,null,null,null,null],[1752983,1753911,null,null,null,null],[1762008,1764216,null,null,null,null],[1771351,1774135,null,null,null,null],[1818903,1820312,null,null,null,null],[1857175,1858839,null,null,null,null],[1864792,1866104,null,null,null,null],[1907416,1908375,null,null,null,null],[1915991,1918328,null,null,null,null],[1925143,1927928,null,null,null,null],[1972183,1973528,null,null,null,null],[2010327,2011960,null,null,null,null],[2018231,2019544,null,null,null,null],[2061143,2062072,null,null,null,null],[2069848,2072119,null,null,null,null],[2079063,2081847,null,null,null,null],[2125975,2127287,null,null,null,null],[2163575,2165207,null,null,null,null],[2171287,2172599,null,null,null,null],[2217367,2218263,null,null,null,null],[2226391,2228631,null,null,null,null],[2236311,2239095,null,null,null,null],[3065559,3082359,null,null,null,null],[3127383,3440023,null,null,null,null],[3440695,3470199,null,null,null,null],[3472279,3809783,null,null,null,null],[3811031,3819031,null,null,null,null],[3819639,3835223,null,null,null,null],[3835863,3862743,null,null,null,null],[4450902,4468983,null,null,null,null],[4503639,4842390,null,null,null,null],[4843222,4876886,null,null,null,null],[4878934,5228566,null,null,null,null],[5229814,5237750,null,null,null,null],[5238358,5255286,null,null,null,null],[5255926,5284438,null,null,null,null],[5905398,5922198,null,null,null,null],[5958454,6271030,null,null,null,null],[6271638,6301590,null,null,null,null],[6303638,6639446,null,null,null,null],[6640694,6648630,null,null,null,null],[6649174,6664310,null,null,null,null],[6664918,6692022,null,null,null,null],[7264214,7281749,null,null,null,null],[7318101,7631798,null,null,null,null],[7632405,7663157,null,null,null,null],[7665397,8002965,null,null,null,null],[8004181,8012021,null,null,null,null],[8012629,8028533,null,null,null,null],[8029141,8057589,null,null,null,null],[8666133,8683957,null,null,null,null],[8720533,9058901,null,null,null,null],[9059733,9094133,null,null,null,null],[9096469,9447413,null,null,null,null],[9448629,9456533,null,null,null,null],[9457045,9474037,null,null,null,null],[9474645,9503797,null,null,null,null],[10080628,10098613,null,null,null,null],[10132468,10444788,null,null,null,null],[10445461,10475988,null,null,null,null],[10478005,10814868,null,null,null,null],[10816020,10823956,null,null,null,null],[10824596,10840628,null,null,null,null],[10841236,10870100,null,null,null,null],[11465300,11482164,null,null,null,null],[11518100,11831156,null,null,null,null],[11831860,11861748,null,null,null,null],[11864212,12201076,null,null,null,null],[12202292,12210356,null,null,null,null],[12211060,12226804,null,null,null,null],[12227412,12254900,null,null,null,null],[12825172,12842803,null,null,null,null],[12878099,13214707,null,null,null,null],[13215507,13248179,null,null,null,null],[13250195,13592851,null,null,null,null],[13593939,13601875,null,null,null,null],[13602387,13619091,null,null,null,null],[13619667,13648275,null,null,null,null],[13702579,13795635,null,null,null,null],[13796243,13866931,null,null,null,null],[13868883,13926387,null,null,null,null],[13926931,13952755,null,null,null,null],[13953331,13968083,null,null,null,null],[13968595,13969843,null,null,null,null],[13974003,13978771,null,null,null,null],[13979283,13980659,null,null,null,null],[13984883,13990643,null,null,null,null],[13996883,14002323,null,null,null,null],[14007507,14013011,null,null,null,null],[14018771,14024243,null,null,null,null],[14029139,14034579,null,null,null,null],[14039763,14045235,null,null,null,null],[14050579,14056019,null,null,null,null],[14060531,14065971,null,null,null,null],[14107923,14108819,null,null,null,null],[14116691,14118963,null,null,null,null],[14226227,14252915,null,null,null,null],[14262995,14264915,null,null,null,null],[14303155,14305107,null,null,null,null],[14312051,14313459,null,null,null,null],[14355763,14356659,null,null,null,null],[14364883,14367027,null,null,null,null],[14375283,14378419,null,null,null,null],[14427091,14428467,null,null,null,null],[14465331,14466931,null,null,null,null],[14473107,14474419,null,null,null,null],[14515283,14516211,null,null,null,null],[14524051,14526259,null,null,null,null],[14534099,14536851,null,null,null,null],[14580339,14581683,null,null,null,null],[14618707,14620339,null,null,null,null],[14626259,14627539,null,null,null,null],[14682835,14683731,null,null,null,null],[14692307,14694483,null,null,null,null],[14701683,14704435,null,null,null,null],[14750099,14751443,null,null,null,null],[14788179,14789779,null,null,null,null],[14795507,14796787,null,null,null,null],[14837843,14838771,null,null,null,null],[14846483,14848723,null,null,null,null],[14855827,14858515,null,null,null,null],[14902291,14903667,null,null,null,null],[14939667,14941267,null,null,null,null],[14947283,14948595,null,null,null,null],[14988883,14989811,null,null,null,null],[14997587,14999827,null,null,null,null],[15006739,15009459,null,null,null,null],[15053267,15054611,null,null,null,null],[15090643,15092275,null,null,null,null],[15097939,15099251,null,null,null,null],[15139474,15140371,null,null,null,null],[15148307,15150483,null,null,null,null],[15157395,15160082,null,null,null,null],[15203923,15205202,null,null,null,null],[15241299,15242867,null,null,null,null],[15248627,15249907,null,null,null,null],[15294514,15295411,null,null,null,null],[15303219,15305426,null,null,null,null],[15312211,15314963,null,null,null,null],[15358290,15359667,null,null,null,null],[15395987,15397555,null,null,null,null],[15403539,15404819,null,null,null,null],[15445106,15446003,null,null,null,null],[15453651,15455859,null,null,null,null],[15462931,15465651,null,null,null,null],[16111762,16133010,null,null,null,null],[16166706,16577330,null,null,null,null],[16578130,16616498,null,null,null,null],[16618514,17018898,null,null,null,null],[17020050,17027570,null,null,null,null],[17028274,17048562,null,null,null,null],[17049170,17082002,null,null,null,null],[17659346,17672338,null,null,null,null],[17714194,18034930,null,null,null,null],[18035794,18059250,null,null,null,null],[18061330,18380721,null,null,null,null],[18381905,18389458,null,null,null,null],[18390033,18401425,null,null,null,null],[18402002,18422098,null,null,null,null],[19028561,19047921,null,null,null,null],[19083281,19491409,null,null,null,null],[19492305,19525745,null,null,null,null],[19527697,19922289,null,null,null,null],[19923409,19931217,null,null,null,null],[19931857,19951185,null,null,null,null],[19951761,19983473,null,null,null,null],[20551825,20567409,null,null,null,null],[20604433,20932593,null,null,null,null],[20933521,20962193,null,null,null,null],[20964433,21290385,null,null,null,null],[21291600,21299376,null,null,null,null],[21300048,21314480,null,null,null,null],[21315057,21341008,null,null,null,null],[21943440,21962096,null,null,null,null],[21997456,22402192,null,null,null,null],[22403056,22434160,null,null,null,null],[22436528,22829296,null,null,null,null],[22830480,22838256,null,null,null,null],[22838864,22856112,null,null,null,null],[22856688,22886448,null,null,null,null],[23449808,23464816,null,null,null,null],[23501808,23806160,null,null,null,null],[23806704,23835376,null,null,null,null],[23837584,24160079,null,null,null,null],[24161327,24168815,null,null,null,null],[24169392,24181903,null,null,null,null],[24182447,24206447,null,null,null,null],[24808207,24825711,null,null,null,null],[24861807,25193199,null,null,null,null],[25193999,25227663,null,null,null,null],[25229679,25572879,null,null,null,null],[25573999,25581743,null,null,null,null],[25582287,25599471,null,null,null,null],[25600047,25629903,null,null,null,null],[26208623,26224911,null,null,null,null],[26263503,26568942,null,null,null,null],[26569519,26598735,null,null,null,null],[26600719,26928942,null,null,null,null],[26930062,26937774,null,null,null,null],[26938350,26953614,null,null,null,null],[26954254,26980686,null,null,null,null],[27032143,27125326,null,null,null,null]]"
moe_large,inductor_serial,0,h2d,"[[2376407,2538455,32,29135,2097152,null],[2539543,2541527,32,29151,8192,null],[2740983,2903063,32,29175,2097152,null],[2904119,2906103,32,29191,4096,null],[3943319,4105335,32,29342,2097152,null],[4106391,4108663,32,29358,8192,null],[4159543,4321654,32,29382,2097152,null],[4322711,4324694,32,29398,4096,null],[5361110,5523062,32,29557,2097152,null],[5524118,5526422,32,29573,8192,null],[5571958,5733814,32,29597,2097152,null],[5734870,5736854,32,29613,4096,null],[6773110,6934998,32,29796,2097152,null],[6936054,6938326,32,29812,8192,null],[6982677,7144565,32,29836,2097152,null],[7145622,7147605,32,29852,4096,null],[8135925,8298069,32,30011,2097152,null],[8299125,8301397,32,30027,8192,null],[8343765,8505621,32,30051,2097152,null],[8506677,8508661,32,30067,4096,null],[9582197,9744085,32,30250,2097152,null],[9745173,9747477,32,30266,8192,null],[9798581,9960724,32,30290,2097152,null],[9961781,9963797,32,30306,4096,null],[10948116,11109908,32,30465,2097152,null],[11110996,11113780,32,30481,8192,null],[11154356,11316244,32,30505,2097152,null],[11318132,11320084,32,30521,4096,null],[12331732,12493588,32,30704,2097152,null],[12494676,12496948,32,30720,8192,null],[12536852,12698931,32,30744,2097152,null],[12700020,12701971,32,30760,4096,null],[15583379,15745202,32,32005,2097152,null],[15747154,15749426,32,32021,8192,null],[15811059,15972947,32,32045,2097152,null],[15974002,15975954,32,32061,4096,null],[17160818,17322642,32,32224,2097152,null],[17323698,17325970,32,32240,8192,null],[17366546,17528402,32,32264,2097152,null],[17529586,17531570,32,32280,4096,null],[18499953,18661777,32,32439,2097152,null],[18662833,18665073,32,32455,8192,null],[18716017,18878065,32,32479,2097152,null],[18879121,18881137,32,32495,4096,null],[20062833,20224657,32,32678,2097152,null],[20225713,20227985,32,32694,8192,null],[20270545,20432433,32,32718,2097152,null],[20433489,20435441,32,32734,4096,null],[21418801,21580560,32,32893,2097152,null],[21581648,21583888,32,32909,8192,null],[21622641,21784528,32,32933,2097152,null],[21785616,21787568,32,32949,4096,null],[22964720,23126544,32,33132,2097152,null],[23127600,23129840,32,33148,8192,null],[23170480,23332336,32,33172,2097152,null],[23333392,23335344,32,33188,4096,null],[24283631,24445423,32,33347,2097152,null],[24446479,24448751,32,33363,8192,null],[24487791,24649583,32,33387,2097152,null],[24650639,24652591,32,33403,4096,null],[25716431,25878255,32,33586,2097152,null],[25879343,25881583,32,33602,8192,null],[25926863,26088911,32,33626,2097152,null],[26089967,26091951,32,33642,4096,null]]"
moe_large,inductor_serial,0,model_gemm,"[[367960,427064,7,28101,null,""volta_sgemm_32x128_nn""],[3127383,3440023,7,29254,null,""volta_sgemm_128x128_tn""],[3472279,3809783,7,29279,null,""volta_sgemm_128x64_tn""],[4503639,4842390,7,29469,null,""volta_sgemm_128x64_tn""],[4878934,5228566,7,29494,null,""volta_sgemm_128x64_tn""],[5958454,6271030,7,29708,null,""volta_sgemm_128x128_tn""],[6303638,6639446,7,29733,null,""volta_sgemm_128x64_tn""],[7318101,7631798,7,29923,null,""volta_sgemm_128x128_tn""],[7665397,8002965,7,29948,null,""volta_sgemm_128x64_tn""],[8720533,9058901,7,30162,null,""volta_sgemm_128x64_tn""],[9096469,9447413,7,30187,null,""volta_sgemm_128x64_tn""],[10132468,10444788,7,30377,null,""volta_sgemm_128x128_tn""],[10478005,10814868,7,30402,null,""volta_sgemm_128x64_tn""],[11518100,11831156,7,30616,null,""volta_sgemm_128x128_tn""],[11864212,12201076,7,30641,null,""volta_sgemm_128x64_tn""],[12878099,13214707,7,30831,null,""volta_sgemm_128x64_tn""],[13250195,13592851,7,30856,null,""volta_sgemm_128x64_tn""],[13868883,13926387,7,30971,null,""volta_sgemm_32x128_nn""],[16166706,16577330,7,32136,null,""volta_sgemm_128x64_tn""],[16618514,17018898,7,32161,null,""volta_sgemm_128x128_tn""],[17714194,18034930,7,32351,null,""volta_sgemm_128x64_tn""],[18061330,18380721,7,32376,null,""volta_sgemm_128x64_tn""],[19083281,19491409,7,32590,null,""volta_sgemm_128x64_tn""],[19527697,19922289,7,32615,null,""volta_sgemm_128x64_tn""],[20604433,20932593,7,32805,null,""volta_sgemm_128x64_tn""],[20964433,21290385,7,32830,null,""volta_sgemm_128x64_tn""],[21997456,22402192,7,33044,null,""volta_sgemm_128x64_tn""],[22436528,22829296,7,33069,null,""volta_sgemm_128x64_tn""],[23501808,23806160,7,33259,null,""volta_sgemm_128x128_tn""],[23837584,24160079,7,33284,null,""volta_sgemm_128x64_tn""],[24861807,25193199,7,33498,null,""volta_sgemm_128x64_tn""],[25229679,25572879,7,33523,null,""volta_sgemm_128x64_tn""],[26263503,26568942,7,33713,null,""volta_sgemm_128x128_tn""],[26600719,26928942,7,33738,null,""volta_sgemm_128x64_tn""]]"
moe_large,inductor_prefetch,0,model_kernel_union,"[[263435,329995,null,null,null,null],[381323,440267,null,null,null,null],[440907,467339,null,null,null,null],[469963,484715,null,null,null,null],[510411,511691,null,null,null,null],[587499,592299,null,null,null,null],[597451,598763,null,null,null,null],[611467,617227,null,null,null,null],[625803,631179,null,null,null,null],[636843,642315,null,null,null,null],[648331,653739,null,null,null,null],[658827,664235,null,null,null,null],[670283,675691,null,null,null,null],[682059,687531,null,null,null,null],[693003,698443,null,null,null,null],[748107,749003,null,null,null,null],[758379,760555,null,null,null,null],[934667,961259,null,null,null,null],[984395,986283,null,null,null,null],[1031755,1033547,null,null,null,null],[1041291,1042699,null,null,null,null],[1108203,1109099,null,null,null,null],[1118539,1120683,null,null,null,null],[1129803,1132939,null,null,null,null],[1199499,1200811,null,null,null,null],[1237739,1239275,null,null,null,null],[1245419,1246699,null,null,null,null],[1287243,1288107,null,null,null,null],[1296075,1298283,null,null,null,null],[1305419,1308171,null,null,null,null],[1353483,1354859,null,null,null,null],[1391179,1392747,null,null,null,null],[1399115,1400395,null,null,null,null],[1441131,1442027,null,null,null,null],[1449611,1451819,null,null,null,null],[1458955,1461675,null,null,null,null],[1505323,1506635,null,null,null,null],[1543051,1544619,null,null,null,null],[1550731,1552043,null,null,null,null],[1593035,1593931,null,null,null,null],[1602187,1604395,null,null,null,null],[1611371,1614059,null,null,null,null],[1658891,1660235,null,null,null,null],[1696971,1698539,null,null,null,null],[1704651,1705931,null,null,null,null],[1750475,1751403,null,null,null,null],[1759627,1761803,null,null,null,null],[1768587,1771275,null,null,null,null],[1816907,1818283,null,null,null,null],[1854443,1856011,null,null,null,null],[1861899,1863211,null,null,null,null],[1904779,1905643,null,null,null,null],[1913675,1915819,null,null,null,null],[1922891,1925579,null,null,null,null],[1970251,1971499,null,null,null,null],[2007147,2008715,null,null,null,null],[2014539,2015819,null,null,null,null],[2056843,2057771,null,null,null,null],[2065483,2067627,null,null,null,null],[2074763,2077451,null,null,null,null],[2137163,2138411,null,null,null,null],[2175819,2177387,null,null,null,null],[2183499,2184779,null,null,null,null],[2225355,2226283,null,null,null,null],[2234315,2236459,null,null,null,null],[2243659,2246379,null,null,null,null],[3039882,3056618,null,null,null,null],[3111786,3414090,null,null,null,null],[3414730,3444394,null,null,null,null],[3446538,3776554,null,null,null,null],[3777738,3785578,null,null,null,null],[3786186,3801770,null,null,null,null],[3802634,3829994,null,null,null,null],[3930890,3948266,null,null,null,null],[3983306,4310090,null,null,null,null],[4311018,4345610,null,null,null,null],[4353418,4705194,null,null,null,null],[4706378,4714250,null,null,null,null],[4714890,4732170,null,null,null,null],[4732810,4761866,null,null,null,null],[4832394,4849514,null,null,null,null],[4854730,5156170,null,null,null,null],[5156777,5186410,null,null,null,null],[5188362,5518378,null,null,null,null],[5519433,5527338,null,null,null,null],[5528010,5543209,null,null,null,null],[5544201,5571113,null,null,null,null],[5697801,5714953,null,null,null,null],[5751241,6052841,null,null,null,null],[6053385,6084489,null,null,null,null],[6092777,6422313,null,null,null,null],[6423369,6431273,null,null,null,null],[6431881,6447977,null,null,null,null],[6448617,6477673,null,null,null,null],[6561161,6579049,null,null,null,null],[6615433,6943145,null,null,null,null],[6944009,6979913,null,null,null,null],[6987785,7341289,null,null,null,null],[7342473,7350313,null,null,null,null],[7350953,7368265,null,null,null,null],[7369865,7398729,null,null,null,null],[7471305,7489193,null,null,null,null],[7498953,7800872,null,null,null,null],[7801417,7833129,null,null,null,null],[7841545,8171048,null,null,null,null],[8174472,8182344,null,null,null,null],[8183017,8199401,null,null,null,null],[8200072,8229257,null,null,null,null],[8326088,8342728,null,null,null,null],[8379849,8681384,null,null,null,null],[8681992,8712552,null,null,null,null],[8720456,9049192,null,null,null,null],[9050440,9058408,null,null,null,null],[9059016,9075048,null,null,null,null],[9075912,9103400,null,null,null,null],[9207784,9225160,null,null,null,null],[9261128,9586152,null,null,null,null],[9586952,9619752,null,null,null,null],[9622024,9961160,null,null,null,null],[9961992,9969544,null,null,null,null],[9970120,9986312,null,null,null,null],[9986888,10015400,null,null,null,null],[10074728,10167816,null,null,null,null],[10168424,10240840,null,null,null,null],[10243016,10300904,null,null,null,null],[10301544,10327048,null,null,null,null],[10327560,10342184,null,null,null,null],[10342728,10344040,null,null,null,null],[10354248,10359015,null,null,null,null],[10362824,10364136,null,null,null,null],[10374600,10380360,null,null,null,null],[10386312,10391720,null,null,null,null],[10397191,10402632,null,null,null,null],[10407560,10412968,null,null,null,null],[10418600,10424040,null,null,null,null],[10428744,10434120,null,null,null,null],[10439304,10444744,null,null,null,null],[10450024,10455400,null,null,null,null],[10497896,10498791,null,null,null,null],[10506728,10508904,null,null,null,null],[10615784,10642183,null,null,null,null],[10652744,10654632,null,null,null,null],[10692872,10694664,null,null,null,null],[10700840,10702279,null,null,null,null],[10746183,10747111,null,null,null,null],[10755560,10757704,null,null,null,null],[10766280,10769383,null,null,null,null],[10817064,10818375,null,null,null,null],[10854472,10856103,null,null,null,null],[10861960,10863272,null,null,null,null],[10903016,10903911,null,null,null,null],[10911912,10914087,null,null,null,null],[10921416,10924104,null,null,null,null],[10967815,10969159,null,null,null,null],[11005640,11007239,null,null,null,null],[11013320,11014567,null,null,null,null],[11054472,11055400,null,null,null,null],[11063048,11065255,null,null,null,null],[11080647,11083367,null,null,null,null],[11138055,11139367,null,null,null,null],[11179655,11181287,null,null,null,null],[11187304,11188583,null,null,null,null],[11229415,11230311,null,null,null,null],[11238311,11240487,null,null,null,null],[11247783,11250471,null,null,null,null],[11293959,11295207,null,null,null,null],[11331271,11332839,null,null,null,null],[11338791,11340071,null,null,null,null],[11380935,11381831,null,null,null,null],[11389543,11391687,null,null,null,null],[11398791,11401447,null,null,null,null],[11445671,11446983,null,null,null,null],[11482887,11484455,null,null,null,null],[11490247,11491527,null,null,null,null],[11532423,11533351,null,null,null,null],[11541319,11543495,null,null,null,null],[11550535,11553255,null,null,null,null],[11596839,11598087,null,null,null,null],[11634119,11635751,null,null,null,null],[11641735,11643047,null,null,null,null],[11683591,11684519,null,null,null,null],[11692615,11694855,null,null,null,null],[11705799,11708487,null,null,null,null],[11752839,11754119,null,null,null,null],[11790407,11791975,null,null,null,null],[11797831,11799143,null,null,null,null],[11839783,11840679,null,null,null,null],[11848423,11850599,null,null,null,null],[11857735,11860455,null,null,null,null],[12508167,12528775,null,null,null,null],[12563239,12970567,null,null,null,null],[12971495,13009831,null,null,null,null],[13019783,13437927,null,null,null,null],[13439110,13446919,null,null,null,null],[13447559,13468134,null,null,null,null],[13469254,13503399,null,null,null,null],[13620422,13633990,null,null,null,null],[13634887,13971334,null,null,null,null],[13972198,13997510,null,null,null,null],[14006854,14322502,null,null,null,null],[14323718,14331206,null,null,null,null],[14331782,14342246,null,null,null,null],[14342854,14362374,null,null,null,null],[14362886,14382566,null,null,null,null],[14383142,14803526,null,null,null,null],[14804198,14841190,null,null,null,null],[14848902,15246566,null,null,null,null],[15247654,15255366,null,null,null,null],[15255910,15275270,null,null,null,null],[15275974,15307782,null,null,null,null],[15309126,15325702,null,null,null,null],[15326342,15652230,null,null,null,null],[15652902,15682246,null,null,null,null],[15694726,16047494,null,null,null,null],[16048614,16056229,null,null,null,null],[16056773,16070982,null,null,null,null],[16071558,16098726,null,null,null,null],[16099301,16118246,null,null,null,null],[16118790,16521893,null,null,null,null],[16522437,16554245,null,null,null,null],[16557125,16950021,null,null,null,null],[16951173,16959077,null,null,null,null],[16959717,16977253,null,null,null,null],[16977893,17008133,null,null,null,null],[17052037,17067621,null,null,null,null],[17068133,17368293,null,null,null,null],[17369541,17398693,null,null,null,null],[17407173,17729445,null,null,null,null],[17738501,17755045,null,null,null,null],[17755653,17770885,null,null,null,null],[17771461,17795045,null,null,null,null],[17795557,17814053,null,null,null,null],[17822789,18151557,null,null,null,null],[18152357,18188133,null,null,null,null],[18195909,18551717,null,null,null,null],[18552901,18560837,null,null,null,null],[18561413,18579205,null,null,null,null],[18579845,18610149,null,null,null,null],[18676421,18692805,null,null,null,null],[18718533,19018916,null,null,null,null],[19019525,19049125,null,null,null,null],[19051076,19373796,null,null,null,null],[19374981,19382596,null,null,null,null],[19383172,19398116,null,null,null,null],[19398661,19424868,null,null,null,null],[19479236,19572324,null,null,null,null]]"
moe_large,inductor_prefetch,0,h2d,"[[2395755,2557706,36,34917,2097152,null],[2558763,2560746,36,34933,8192,null],[2732106,2894122,36,34957,2097152,null],[2895178,2897162,36,34973,4096,null],[3449034,3610986,36,35123,2097152,null],[3612042,3614314,36,35139,8192,null],[3682346,3844522,36,35163,2097152,null],[3845578,3847530,36,35179,4096,null],[4303178,4465290,36,35339,2097152,null],[4466858,4469098,36,35355,8192,null],[4643274,4805514,36,35379,2097152,null],[4806794,4808746,36,35395,4096,null],[5194186,5356105,36,35583,2097152,null],[5357162,5359914,36,35601,8192,null],[5427657,5589545,36,35629,2097152,null],[5590601,5592553,36,35647,4096,null],[6056777,6222921,36,35811,2097152,null],[6224393,6226665,36,35827,8192,null],[6329801,6492009,36,35851,2097152,null],[6493065,6495017,36,35867,4096,null],[6934729,7096713,36,36051,2097152,null],[7097769,7100009,36,36069,8192,null],[7281097,7443241,36,36097,2097152,null],[7444297,7446249,36,36115,4096,null],[7803593,7966536,36,36279,2097152,null],[7968392,7970632,36,36295,8192,null],[8075720,8237608,36,36319,2097152,null],[8238665,8240617,36,36335,4096,null],[8698120,8862600,36,36519,2097152,null],[8864168,8866408,36,36537,8192,null],[8958408,9120616,36,36565,2097152,null],[9121672,9123656,36,36583,4096,null],[11985703,12147527,36,37834,2097152,null],[12148583,12150855,36,37850,8192,null],[12210759,12372583,36,37874,2097152,null],[12373639,12375591,36,37890,4096,null],[12862695,13024935,36,38052,2097152,null],[13026023,13028295,36,38068,8192,null],[13431847,13594951,36,38092,2097152,null],[13596006,13597958,36,38108,4096,null],[13712550,13874503,36,38268,2097152,null],[13876294,13878534,36,38284,8192,null],[13917414,14079334,36,38308,2097152,null],[14080390,14082470,36,38324,4096,null],[14607398,14769638,36,38516,2097152,null],[14770694,14773030,36,38534,8192,null],[14829030,14992934,36,38562,2097152,null],[14994950,14996934,36,38580,4096,null],[15495814,15657766,36,38754,2097152,null],[15661958,15669254,36,38770,8192,null],[15718854,15880838,36,38794,2097152,null],[15882534,15884549,36,38810,4096,null],[16389926,16551878,36,39000,2097152,null],[16554214,16556518,36,39018,8192,null],[16860197,17022373,36,39046,2097152,null],[17023429,17025381,36,39064,4096,null],[17271525,17433445,36,39236,2097152,null],[17435621,17437925,36,39252,8192,null],[17562053,17724261,36,39276,2097152,null],[17725317,17727269,36,39292,4096,null],[18163941,18327077,36,39480,2097152,null],[18328133,18330437,36,39498,8192,null],[18485637,18647781,36,39526,2097152,null],[18648837,18650821,36,39544,4096,null]]"
moe_large,inductor_prefetch,0,model_gemm,"[[381323,440267,7,33883,null,""volta_sgemm_32x128_nn""],[3111786,3414090,7,35036,null,""volta_sgemm_128x128_tn""],[3446538,3776554,7,35061,null,""volta_sgemm_128x64_tn""],[3983306,4310090,7,35242,null,""volta_sgemm_128x64_tn""],[4353418,4705194,7,35267,null,""volta_sgemm_128x64_tn""],[4854730,5156170,7,35472,null,""volta_sgemm_128x128_tn""],[5188362,5518378,7,35499,null,""volta_sgemm_128x64_tn""],[5751241,6052841,7,35714,null,""volta_sgemm_128x128_tn""],[6092777,6422313,7,35739,null,""volta_sgemm_128x64_tn""],[6615433,6943145,7,35942,null,""volta_sgemm_128x64_tn""],[6987785,7341289,7,35967,null,""volta_sgemm_128x64_tn""],[7498953,7800872,7,36182,null,""volta_sgemm_128x128_tn""],[7841545,8171048,7,36207,null,""volta_sgemm_128x64_tn""],[8379849,8681384,7,36410,null,""volta_sgemm_128x128_tn""],[8720456,9049192,7,36435,null,""volta_sgemm_128x64_tn""],[9261128,9586152,7,36650,null,""volta_sgemm_128x64_tn""],[9622024,9961160,7,36675,null,""volta_sgemm_128x64_tn""],[10243016,10300904,7,36800,null,""volta_sgemm_32x128_nn""],[12563239,12970567,7,37965,null,""volta_sgemm_128x64_tn""],[13019783,13437927,7,37990,null,""volta_sgemm_128x128_tn""],[13634887,13971334,7,38171,null,""volta_sgemm_128x64_tn""],[14006854,14322502,7,38196,null,""volta_sgemm_128x64_tn""],[14383142,14803526,7,38401,null,""volta_sgemm_128x64_tn""],[14848902,15246566,7,38430,null,""volta_sgemm_128x64_tn""],[15326342,15652230,7,38649,null,""volta_sgemm_128x64_tn""],[15694726,16047494,7,38678,null,""volta_sgemm_128x64_tn""],[16118790,16521893,7,38887,null,""volta_sgemm_128x64_tn""],[16557125,16950021,7,38916,null,""volta_sgemm_128x64_tn""],[17068133,17368293,7,39133,null,""volta_sgemm_128x128_tn""],[17407173,17729445,7,39162,null,""volta_sgemm_128x64_tn""],[17822789,18151557,7,39369,null,""volta_sgemm_128x64_tn""],[18195909,18551717,7,39396,null,""volta_sgemm_128x64_tn""],[18718533,19018916,7,39611,null,""volta_sgemm_128x128_tn""],[19051076,19373796,7,39636,null,""volta_sgemm_128x64_tn""]]"
