run,case,path,source_bytes,wire_bytes,result_bytes,first_completed_ms,p50_ms,p95_ms,host_retained_bytes,device_scratch_bytes,peak_native_scratch_bytes,host_pipeline,chunks,chunk_bytes,buffers,inductor_compile_and_prime_ms,samples_ms
round-0-candidate,small,whole,262156,131078,131078,4.190184,0.288416,0.30330124999999997,131078,0,131078,whole_disabled,1,131078,1,,"[0.287118,0.292218,0.292028,0.303179,0.276949,0.285305,0.288721,0.283702,0.292609,0.285435,0.291226,0.293701,0.287439,0.287089,0.286898,0.295695,0.2931,0.287629,0.2876,0.295384,0.289152,0.305624,0.288271,0.288992,0.29337,0.294592,0.29318,0.286377,0.286087,0.290304,0.285285,0.292299,0.28804,0.297048,0.291898,0.283803,0.307067,0.283312,0.283352,0.290215,0.286828,0.281337,0.290776,0.294462,0.285435,0.307047,0.288521,0.285656,0.281668,0.292108,0.294052,0.288932,0.283832,0.297929,0.289232,0.317186,0.290705,0.291557,0.295785,0.288822,0.289052,0.287359,0.284764,0.288341,0.290224,0.702943,0.297849,0.287309,0.286457,0.287359,0.281698,0.288411,0.293571,0.287098,0.28751,0.285135,0.283852,0.289903,0.285826,0.284934,0.284032,0.287209,0.284043,0.284293,0.278842,0.291237,0.289052,0.287509,0.287338,0.28242,0.283952,0.288421,0.297298,0.289012,0.290485,0.29273,0.291668,0.286898,0.280757,0.286528]"
round-0-candidate,small,ring1,262156,131078,131078,1.264245,0.280115,0.2942815,131078,0,131078,whole_single_chunk,1,131078,1,,"[0.278793,0.299051,0.288501,0.28268,0.267411,0.291346,0.283442,0.284113,0.299603,0.292088,0.280055,0.278241,0.282079,0.280566,0.279394,0.291016,0.28282,0.291146,0.277661,0.280686,0.280185,0.27779,0.294272,0.294462,0.279194,0.281287,0.279905,0.280075,0.27753,0.287329,0.280155,0.279735,0.279493,0.279294,0.277551,0.271649,0.2879,0.28777,0.280436,0.285034,0.286247,0.27781,0.274345,0.286728,0.283462,0.286297,0.27716,0.28265,0.275045,0.274204,0.28259,0.279785,0.277119,0.276418,0.276518,0.302488,0.288591,0.283532,0.280005,0.281598,0.284193,0.276579,0.277961,0.27759,0.284524,0.290415,0.275295,0.281608,0.278472,0.279254,0.282249,0.282419,0.278722,0.279595,0.284583,0.278141,0.276458,0.27231,0.280536,0.287158,0.278061,0.274825,0.278863,0.275396,0.281017,0.279574,0.285616,0.27761,0.283191,0.274835,0.276678,0.275786,0.311265,0.291818,0.275967,0.273262,0.2773,0.279664,0.285466,0.282399]"
round-0-candidate,small,ring2,262156,131078,131078,1.087277,0.283752,0.29645915,131078,0,131078,whole_single_chunk,1,131078,1,,"[0.281057,0.287439,0.281708,0.303189,0.305604,0.284033,0.276979,0.280086,0.281217,0.279875,0.279724,0.297659,0.285846,0.276709,0.280135,0.279574,0.281578,0.285576,0.280265,0.276929,0.276979,0.284865,0.283732,0.281407,0.282961,0.286848,0.285025,0.286017,0.27784,0.278863,0.288782,0.286878,0.278892,0.268663,0.284533,0.273562,0.290785,0.272781,0.703925,0.295534,0.269846,0.269615,0.28248,0.291848,0.283682,0.293261,0.268754,0.284314,0.280977,0.274784,0.268563,0.296377,0.282139,0.276518,0.292378,0.296396,0.285616,0.294673,0.29833,0.286087,0.284694,0.285516,0.283101,0.296045,0.283562,0.293521,0.287038,0.28795,0.283692,0.285596,0.281127,0.281467,0.292118,0.286227,0.284614,0.283772,0.281588,0.288972,0.279514,0.283311,0.287058,0.285937,0.280957,0.281207,0.279654,0.283432,0.293381,0.284824,0.28257,0.284443,0.281828,0.289353,0.269465,0.286277,0.286808,0.294553,0.290816,0.290926,0.28264,0.282109]"
round-0-candidate,small,ring4,262156,131078,131078,1.049826,0.2851445,0.50169175,131078,0,131078,whole_single_chunk,1,131078,1,,"[0.311154,0.291366,0.268342,0.50729,0.271449,0.270357,0.268874,0.286427,0.2775,0.269515,0.298219,0.270447,0.269776,0.271098,0.269385,0.326795,0.504423,0.276428,0.273432,0.271007,0.515886,0.268172,0.268322,0.274865,0.509243,0.273562,0.270577,0.267861,0.267852,0.270497,0.295835,0.270817,0.501548,0.287129,0.285125,0.284143,0.285766,0.299131,0.289352,0.297859,0.293791,0.29293,0.285585,0.286417,0.285836,0.293781,0.294963,0.289783,0.284854,0.285164,0.287138,0.296056,0.289593,0.291516,0.295675,0.285715,0.299552,0.292519,0.278452,0.304111,0.281929,0.289874,0.284794,0.275877,0.701831,0.292058,0.27741,0.295835,0.279935,0.275857,0.283702,0.278031,0.290375,0.300865,0.282429,0.279273,0.291036,0.28746,0.27219,0.294322,0.277179,0.278351,0.27691,0.275186,0.288602,0.289503,0.276188,0.302658,0.281588,0.282479,0.275275,0.275967,0.297589,0.27733,0.299172,0.271248,0.270857,0.270046,0.297609,0.302808]"
round-0-candidate,small,torch,262156,131078,131078,0.099601,0.077083,0.0868791,0,0,0,,,,,,"[0.122343,0.07873,0.077588,0.713894,0.075164,0.077258,0.077498,0.079202,0.077258,0.077959,0.085183,0.075544,0.076747,0.077758,0.077267,0.076637,0.715347,0.076326,0.074182,0.077498,0.080022,0.085272,0.077078,0.077588,0.080184,0.072809,0.077067,0.077007,0.077848,0.077889,0.078971,0.076156,0.074162,0.08386,0.078329,0.077317,0.077328,0.077548,0.079382,0.074262,0.077438,0.078049,0.07836,0.086816,0.076346,0.075915,0.074602,0.078169,0.077759,0.079171,0.076856,0.077318,0.076556,0.077287,1.311616,0.075905,0.077608,0.077178,0.076707,0.076877,0.072639,0.077559,0.077088,0.086185,0.076817,0.076657,0.08365,0.072048,0.077137,0.075414,0.076406,0.077468,0.076276,0.075875,0.07327,0.075023,0.077508,0.088078,0.077307,0.075584,0.077878,0.074101,0.076355,0.076115,0.076767,0.074573,0.076536,0.074682,0.071707,0.076606,0.076697,0.086135,0.074663,0.076026,0.077037,0.072558,0.076426,0.076817,0.075865,0.076516]"
round-0-candidate,small,torch_pinned,262156,131078,131078,0.138034,0.054139,0.06133714999999999,131078,0,0,,,,,,"[0.061037,0.053773,0.053863,0.32974,0.055045,0.055847,0.055757,0.057089,0.054985,0.054283,0.054204,0.055246,0.063722,0.056548,0.055246,0.053993,0.688535,0.054915,0.053853,0.055246,0.055015,0.054724,0.065024,0.054033,0.054134,0.053963,0.05734,0.056027,0.054444,0.054915,0.054123,0.055436,0.053923,0.05729,0.054043,0.055877,0.054314,0.054635,0.054584,0.054294,0.055917,0.056328,0.055867,0.054144,0.06286,0.054614,0.053151,0.055526,0.057049,0.053733,0.055035,0.054564,0.054404,0.054063,0.055957,0.053592,0.052901,0.052511,0.053271,0.05239,0.05199,0.054274,0.053442,0.053002,0.05237,0.053041,0.053011,0.053372,0.054574,0.061257,0.053622,0.05203,0.05253,0.051709,0.051959,0.053672,0.052811,0.05274,0.061067,0.05218,0.052951,0.053913,0.054604,0.052942,0.053252,0.05261,0.053482,0.05258,0.051889,0.055517,0.05253,0.053172,0.054735,0.05244,0.051829,0.052992,0.056578,0.053503,0.05234,0.05215]"
round-0-candidate,small,inductor,262156,131078,131078,0.302799,0.1727555,0.19129600000000002,0,0,0,,,,,3332.167126,"[0.228526,0.180525,0.180284,0.179162,0.177078,0.172951,0.176437,0.192788,0.176327,0.170846,0.171187,0.173581,0.172831,0.171448,0.183871,0.18311,0.177669,0.186366,0.169123,0.169113,0.170175,0.181737,0.170385,0.187378,0.169685,0.171598,0.171277,0.171067,0.173752,0.183892,0.168191,0.190984,0.17262,0.173341,0.172549,0.183842,0.168843,0.180595,0.166528,0.18852,0.174984,0.173421,0.187909,0.169815,0.170265,0.180695,0.171047,0.186727,0.171558,0.180374,0.169194,0.171377,0.170476,0.171297,0.171407,1.365869,0.204511,0.191286,0.172219,0.171036,0.17268,0.170726,0.173581,0.184342,0.173551,0.170917,0.171237,0.189823,0.171458,0.174022,0.178641,0.169123,0.169013,0.168983,0.169855,0.169143,0.169183,0.179654,0.171167,0.179052,0.16775,0.170947,0.168071,0.169684,0.177789,0.168833,0.191486,0.173772,0.171127,0.170425,0.170816,0.179183,0.170486,0.186386,0.176517,0.17248,0.185865,0.171087,0.177038,0.186877]"
round-0-candidate,cast,whole,67108876,33554438,33554438,43.411088,6.988178,7.228646299999999,38010880,0,38010880,whole_disabled,1,33554438,1,,"[7.095805,6.994121,6.986586,7.018357,6.947561,7.003899,6.989191,7.119139,7.008848,8.752439,6.987257,6.984422,6.98883,6.968031,7.116334,6.934907,7.040338,6.990594,7.028516,7.228477,6.960035,7.116424,7.000963,6.959373,7.011903,7.018045,6.971977,6.963992,7.120872,6.950095,6.950777,6.945877,6.965014,6.927392,6.963501,7.116483,7.005,7.029607,6.970073,6.995521,7.011472,6.981275,7.231863,7.018155,6.977076,7.038714,7.131671,6.998848,7.107876,7.093448,6.960324,6.963149,6.987526,6.961596,6.954994,6.945135,7.119338,6.992094,7.018965,6.960894,6.989569,6.950825,7.349477,7.132212,6.954563,6.94298,6.982826,6.927551,6.955104,6.938241,7.130588,6.985401,6.994177,7.008074,7.333105,6.976664,6.953961,7.132512,6.980201,7.282809,6.973017,7.00586,6.955514,7.000459,7.114247,6.965813,6.947398,6.967196,7.004727,6.98524,6.976283,7.118494,6.954662,6.981393,6.976163,6.998295,6.97471,6.978187,7.134836,6.961324]"
round-0-candidate,cast,ring1,67108876,33554438,33554438,9.442598,6.3283465,6.581498300000001,1310720,0,1310720,chunked,33,1048576,1,,"[6.471733,6.830518,6.298462,6.335833,6.404844,6.376982,6.31846,6.379907,6.515557,6.423951,6.306797,6.343788,6.423811,6.315755,6.334581,6.580009,6.337346,6.385136,6.314752,6.368736,6.385357,6.271029,6.650664,6.550472,6.396087,6.435141,6.321014,6.405165,6.333147,6.539601,6.414923,6.319711,6.392129,6.370127,6.407409,6.535042,6.609795,6.320542,6.342404,6.396397,6.403771,6.351582,6.295765,6.63343,6.233516,6.140028,6.159455,6.234578,6.155737,6.123536,6.31422,6.066267,6.135058,6.41378,6.306265,6.331803,6.377231,6.650562,6.490135,6.402619,6.33009,6.340399,6.423959,6.402378,6.564848,6.373192,6.326603,6.323387,6.49255,6.299812,6.445951,6.548767,6.21035,6.15781,6.208467,6.138213,6.138604,6.102625,6.31998,6.289983,6.175715,6.096994,6.316594,6.089049,6.088628,6.335249,6.131249,6.145947,6.176526,6.07934,6.143613,6.119076,6.326262,6.264924,6.139214,6.192946,6.133673,6.120358,6.150576,6.247711]"
round-0-candidate,cast,ring2,67108876,33554438,33554438,9.518994,4.4789295,4.7231803999999995,2621440,0,2621440,chunked,33,1048576,2,,"[4.783899,4.241533,4.49137,4.295355,4.683927,4.353126,4.346142,4.348867,4.26136,4.754362,4.548288,4.548448,4.523842,4.557175,4.433579,4.526196,4.881304,4.540914,4.43961,4.454148,4.537798,4.527268,4.600348,4.718483,4.537106,4.532037,4.60212,4.535363,4.488593,4.516787,4.741827,4.533169,4.281207,4.327666,4.284914,4.307909,4.275236,4.523881,4.505636,4.262902,4.316786,4.355539,4.322155,4.334689,4.462183,4.507389,4.482582,4.522788,4.532868,4.442616,4.287209,4.488934,4.393281,4.502169,4.559799,4.52925,4.509613,4.486098,4.70687,4.531505,4.490025,4.454407,4.497681,4.548688,4.467713,4.722199,4.483072,4.570429,4.512297,4.562624,4.501277,4.536874,4.775411,4.438817,4.446262,4.263002,4.285635,4.256909,4.242031,4.475277,4.369214,4.261629,4.360908,4.249035,4.273421,4.323677,4.485486,4.274062,4.303829,4.334588,4.256609,4.264444,4.29926,4.502979,4.432144,4.282779,4.275375,4.295003,4.31987,4.260777]"
round-0-candidate,cast,ring4,67108876,33554438,33554438,13.789442,4.7609935,4.9365442,5242880,0,5242880,chunked,33,1048576,4,,"[5.230522,4.849895,4.848141,5.014879,4.995413,4.887456,4.826519,4.870694,4.861777,4.709546,5.235672,4.748391,4.731628,4.771454,4.857328,4.776905,4.761725,4.898207,4.920419,4.76403,4.704316,4.794307,4.783827,4.810498,4.910249,4.791502,4.817152,4.838261,4.749472,4.795039,4.923845,4.895431,4.77998,4.798515,4.850485,4.749251,4.798345,4.760262,4.896503,4.822131,4.839974,4.838732,4.786802,4.814426,4.778868,4.653318,4.580599,4.522027,4.492661,4.481861,4.506597,4.572242,4.632508,4.87491,4.807051,4.801681,4.840675,4.768016,4.84849,4.934604,4.706599,4.790729,4.773767,4.787193,4.58179,4.510104,4.973408,4.517779,4.530974,4.496147,4.52901,4.530723,4.507248,4.779959,4.584205,4.498051,4.613992,4.53438,4.495155,4.569456,4.641465,4.50817,4.544279,4.474215,4.516015,4.558936,4.472482,4.674658,4.674266,4.526364,4.472682,4.484735,4.476499,4.476238,4.68107,4.527556,4.542816,4.501537,4.484564,4.549378]"
round-0-candidate,cast,torch,67108876,33554438,33554438,13.328812,13.8219515,14.20239155,0,0,0,,,,,,"[13.270821,13.310216,13.823406,13.782649,13.357807,13.927695,13.818677,13.555334,13.275339,13.439933,13.989042,13.83657,13.713345,13.637731,13.288263,14.00434,13.715509,13.408653,13.781124,13.677316,13.12975,13.855276,13.921082,13.938104,13.80534,13.14581,13.146401,13.657266,13.672636,14.349228,13.964524,14.165878,13.81126,13.199632,13.714365,13.922854,13.810179,14.111454,13.845545,13.738811,13.06261,13.401898,14.359437,13.907112,13.771724,13.283231,14.014097,13.598002,13.810087,14.042301,13.7909,13.905519,14.137262,13.168792,13.039244,13.036329,13.879088,13.400464,13.831938,13.727008,13.61826,13.847888,13.724532,14.032691,14.141789,13.804164,14.181145,13.831656,13.838419,13.15253,14.185211,13.875871,14.232061,13.9382,14.392998,13.0845,13.936717,13.902271,14.20083,13.930395,13.8234,13.836034,13.698702,13.587639,13.790827,14.036165,13.749208,14.016719,14.069559,13.685245,14.147438,14.019033,13.91338,14.08029,13.994746,14.103113,13.689563,13.820503,14.002731,14.477318]"
round-0-candidate,cast,torch_pinned,67108876,33554438,33554438,67.009829,6.5226885,6.61582675,33554438,0,0,,,,,,"[6.896023,6.516809,6.491861,6.483755,6.488033,6.610919,6.514855,6.504706,6.517901,6.489066,6.514594,6.50194,6.637919,6.497882,6.515797,6.523391,6.508712,6.509595,6.492571,6.639192,6.500186,6.49675,6.527318,6.562967,6.555371,6.544241,6.608063,6.516637,6.529883,6.499364,6.538429,6.502901,6.53882,6.605257,6.521707,6.530203,6.508862,6.660182,6.529922,6.527919,6.700839,6.603542,6.526616,6.54427,6.509423,6.530624,6.521926,6.614664,6.521276,6.504984,6.54995,6.489816,6.555962,6.532307,6.584957,6.531375,6.520794,6.510144,6.52375,6.502179,6.5499,6.581059,6.584536,6.575418,6.55001,6.510244,6.54989,6.509101,6.574126,6.481188,6.485707,6.540171,6.532987,6.545361,6.531334,6.610485,6.505113,6.498891,6.499784,6.553526,6.501596,6.542004,6.603311,6.495946,6.476218,6.52954,6.495144,6.530932,6.504983,6.591378,6.48792,6.521986,6.499322,6.511515,6.499101,6.532035,6.599593,6.486848,6.521615,6.502458]"
round-0-candidate,cast,inductor,67108876,33554438,33554438,13.470433,14.166402000000001,14.577127899999999,0,0,0,,,,,89.951684,"[13.648823,13.466524,14.301039,13.986317,13.964416,14.726702,14.28624,14.339622,13.664362,13.975536,14.221186,14.183192,14.114291,14.410728,13.544913,14.175468,14.360892,14.310876,14.309835,14.559761,14.384958,14.268475,14.134018,13.459961,14.069143,13.295606,14.166159,14.468016,14.157473,14.081366,14.253385,14.263415,14.091436,14.587975,14.472915,13.968049,13.958401,14.131612,14.203129,13.96834,13.945576,14.31915,14.188189,14.153243,13.509093,13.430102,14.155157,14.342344,14.270536,14.076486,14.082347,14.02084,13.382149,13.36149,13.579315,14.161117,14.100661,13.495456,14.125939,14.178409,14.316383,14.163521,15.081143,14.136869,14.039364,14.156507,14.672643,14.234065,14.785538,14.181735,14.127251,14.351149,14.157088,14.110859,14.353934,14.492117,14.429307,14.120167,14.179901,14.403718,14.087013,14.084839,14.248682,14.536161,14.218895,14.166645,14.270333,14.097794,14.097313,14.339234,14.167797,14.152688,13.965651,14.276985,14.186432,14.469222,14.306631,14.576557,14.33212,14.036505]"
round-0-candidate,transpose,whole,67108864,33554432,33554432,43.099817,7.0999205,7.2576146999999995,37748736,0,37748736,whole_disabled,1,33554432,1,,"[7.212513,7.183508,7.138903,7.16894,7.093686,7.081433,7.076052,7.185471,7.123954,7.493369,7.466088,7.054161,7.067756,7.073217,7.152809,7.381987,7.102332,7.12243,7.073297,7.079539,7.065482,7.206521,7.105899,7.081132,7.097313,7.079748,7.058047,7.064319,7.257218,7.125206,7.154972,7.087353,7.109034,7.067735,7.086933,7.166183,7.340857,7.13808,7.113382,7.096711,7.064269,7.091181,7.165392,7.137939,7.181292,7.135725,7.077574,7.102672,7.075019,7.208354,7.083245,7.087813,7.265152,7.060461,7.099896,7.080109,7.161164,7.094656,7.105647,7.071372,7.119253,7.093113,7.105297,7.183926,7.174618,7.086601,7.077783,7.074718,7.071111,7.059449,7.212481,7.092562,7.099225,7.099945,7.055721,7.064167,7.119273,7.20703,7.12877,7.105626,7.087271,7.072412,7.05535,7.059919,7.199986,7.137788,7.093553,7.080879,7.122028,7.056763,7.074877,7.179307,7.109534,7.07152,7.140582,7.077151,7.121296,7.067322,7.218542,7.15507]"
round-0-candidate,transpose,ring1,67108864,33554432,33554432,10.120668,7.200877500000001,7.368948,1310720,0,1310720,chunked,32,1048576,1,,"[7.067276,7.301132,7.165323,7.123173,7.071654,7.034914,7.432203,7.202645,7.417084,7.288017,7.164932,7.22639,7.249764,7.182616,7.114506,7.295311,7.219626,7.242841,7.209878,7.150344,7.130716,7.2742,7.224576,7.250425,7.133592,7.124895,7.150744,7.188937,7.210097,7.336348,7.116429,7.155934,7.087123,7.251466,7.219375,7.523155,7.283197,7.182936,7.150714,7.154751,7.161033,7.061173,7.115527,7.446088,7.14864,7.17497,7.151065,7.207282,7.166664,7.212402,7.383749,7.157837,7.247618,7.129413,7.257918,7.158118,7.107811,7.306721,7.228061,7.304346,7.301631,7.218603,7.281823,7.126947,7.368169,7.240925,7.362998,7.181531,7.235495,7.178917,7.214916,7.354612,7.152105,7.258458,7.2019,7.119142,7.237448,7.199195,7.341978,7.242978,7.210086,7.190609,7.132417,7.197341,7.135092,7.245403,7.191791,7.148518,7.166202,7.241025,7.140352,7.199855,7.226787,7.08206,7.11823,7.293564,7.198283,7.252617,7.087601,7.211497]"
round-0-candidate,transpose,ring2,67108864,33554432,33554432,10.89186,5.313061,5.4778751,2621440,0,2621440,chunked,32,1048576,2,,"[5.411364,5.31533,5.465838,5.45173,5.396435,5.402386,5.274332,5.310792,5.256689,5.477801,5.333485,5.317614,5.295241,5.265645,5.378591,5.428537,5.413969,5.176365,5.182035,5.241649,5.324457,5.26277,5.286304,5.460918,5.32087,5.254384,5.322734,5.479283,5.401214,5.287517,5.346419,5.405873,5.251788,5.198967,5.255916,5.279301,5.232501,5.307594,5.194007,5.384692,5.183577,5.307485,5.162127,5.320179,5.285813,5.319747,5.308826,5.339786,5.385944,5.407775,5.454103,5.500292,5.24264,5.192414,5.191132,5.348933,5.442482,5.303948,5.365314,5.206712,5.371096,5.288267,5.171544,5.344524,5.251798,5.50967,5.317162,5.298637,5.26892,5.322042,5.320688,5.317252,5.228903,5.244974,5.152848,5.366626,5.251998,5.329996,5.228953,5.501784,5.147238,5.173868,5.334264,5.182014,5.396974,5.185079,5.32679,5.331429,5.275091,5.215277,5.220758,5.125396,5.317192,5.399569,5.348301,5.275952,5.197543,5.370744,5.293286,5.61029]"
round-0-candidate,transpose,ring4,67108864,33554432,33554432,15.597256,6.0076355,6.15079265,5242880,0,5242880,chunked,32,1048576,4,,"[5.91184,5.868537,5.909114,5.722939,5.900287,6.009906,5.965632,6.099137,6.062116,6.218625,6.018333,6.149162,5.836455,6.234305,5.857065,7.582329,6.181775,5.905787,6.134073,6.047187,5.97497,5.984989,6.138351,6.099327,6.094167,6.024434,5.999115,6.107332,5.822417,5.871251,5.846013,5.894836,5.990729,6.007542,5.953288,5.948468,5.764748,5.893865,6.100919,5.83915,5.837176,5.888915,6.030745,5.846183,5.930273,6.03852,5.818039,5.991059,6.060862,5.966973,6.052937,6.114505,6.099947,6.060561,6.02305,6.012621,6.01232,6.10141,6.090379,5.962494,6.036886,5.953868,5.875639,5.962765,6.043138,5.905656,5.977042,6.068576,5.974216,6.014864,5.984106,5.943988,6.027548,6.087823,6.024682,6.073496,5.964618,5.794613,6.226558,6.056553,5.990858,6.094827,6.14421,6.038268,6.102882,5.994044,5.940392,6.007729,5.905434,5.990888,5.914973,5.900705,5.986008,5.862923,6.04973,6.108201,6.051042,6.045351,6.010144,6.021506]"
round-0-candidate,transpose,torch,67108864,33554432,33554432,22.542699,23.4521865,23.8506287,0,0,0,,,,,,"[23.494076,22.07243,22.530054,23.277241,23.220573,22.984412,23.252824,23.403782,22.099271,23.362143,21.903457,23.30866,22.972538,22.841087,23.386428,23.415855,23.68553,23.419751,23.146379,23.020399,22.85865,23.656484,23.77008,23.451942,23.538687,23.494733,23.15269,23.371468,23.750742,23.700506,24.007402,23.594533,23.473161,23.011049,23.260655,23.834472,23.953388,23.429488,23.495984,23.058058,23.37869,23.123353,23.36287,23.358201,23.720562,23.452431,23.571257,21.706897,22.472659,23.60443,23.623846,23.581626,23.696766,23.696976,23.035433,23.602276,24.314004,23.781377,23.72558,23.544444,23.691625,23.129001,23.068495,23.685233,23.63177,23.525818,23.504587,23.450514,23.069948,23.044989,23.710981,23.60574,23.591292,23.468378,23.273665,22.965517,23.087319,23.519615,23.293253,23.580811,23.685541,23.613764,23.245871,23.112857,23.604816,23.709015,23.766885,23.849454,23.732139,23.317828,23.069955,23.872948,23.775962,24.272511,23.626917,22.40219,21.698225,21.693325,21.912664,23.651303]"
round-0-candidate,transpose,torch_pinned,67108864,33554432,33554432,37.270004,6.691893,6.7943488499999996,33554432,0,0,,,,,,"[6.677562,6.67662,6.679315,6.673213,6.673344,6.743798,6.686689,6.689324,6.694063,6.72385,6.680357,6.643807,6.753807,6.712789,6.708851,6.783744,6.675898,6.667122,6.630511,6.789144,6.677672,6.691688,6.689744,6.688151,6.681067,6.631543,6.764206,6.738357,6.698541,6.681899,6.711866,6.737495,6.694724,6.771279,6.683391,6.689534,6.720432,6.706245,6.686838,6.648605,6.758374,6.662862,6.692098,6.710253,6.684854,6.673202,6.646771,6.802288,6.697037,6.658083,6.688441,6.67191,6.659646,6.654486,6.779034,6.811676,6.686567,6.716014,6.71447,6.683882,6.650488,6.77692,6.679032,6.663372,6.661549,6.708268,6.674223,6.646761,6.811655,6.725791,6.693961,6.689622,6.65661,6.702807,6.703719,6.740249,6.710933,6.697798,6.720752,6.753123,6.668712,6.670736,6.812467,6.793931,6.703158,6.766248,6.772099,6.699311,6.626882,6.754846,6.67291,6.88772,6.671737,6.693108,6.710141,6.64156,6.778602,6.678861,6.68393,6.77771]"
round-0-candidate,transpose,inductor,67108864,33554432,33554432,13.831754,14.386576,14.793796949999999,0,0,0,,,,,145.367195,"[14.401021,13.67789,14.387966,14.139983,14.245905,14.255061,14.401401,13.659464,14.064478,14.746841,13.776958,14.385009,13.69922,14.598497,14.250182,14.023769,14.25466,14.334943,14.33857,14.480902,14.581915,14.289306,14.254399,14.51682,14.333069,14.149789,14.424684,14.552779,14.378306,14.568919,14.630447,14.418081,14.400968,14.415596,14.505598,14.488065,14.494266,14.126314,14.305676,14.674099,14.223388,14.535114,14.233407,14.483285,14.472965,14.443168,14.138617,14.15633,14.122315,14.321105,14.645574,14.462775,14.385186,14.268284,15.095553,14.584337,14.154827,14.569789,14.521737,14.354096,14.620666,14.832119,14.940186,14.487942,14.296256,14.170355,14.244377,14.254907,14.725054,14.584977,14.389323,14.348405,14.554538,14.40378,14.121601,14.535331,14.7387,14.407849,14.309369,14.331081,14.202536,14.408559,14.663796,14.53457,14.429369,14.27339,14.187778,14.397979,14.280464,14.79178,14.972966,14.865441,14.260114,14.369604,14.127722,13.536623,14.049092,14.248051,14.154793,14.505803]"
round-0-candidate,split,whole,67108876,33554438,67108876,44.265779,7.2279665,7.5036955,38010880,38010880,76021760,whole_disabled,1,33554438,1,,"[7.356254,7.18673,7.238999,7.201247,7.220555,7.199043,7.200035,7.488756,7.183994,7.200095,7.21288,7.213501,7.546005,7.265079,7.393775,7.232066,7.22926,7.232296,7.265769,7.225974,7.214352,7.376281,7.222838,7.203681,7.205515,7.220683,7.227797,7.221064,7.463867,7.257773,7.248155,7.228909,7.190425,7.21914,7.267041,7.371892,7.203891,7.195004,7.194913,7.292149,7.247584,7.221754,7.353054,7.208109,7.3665,7.503692,7.200634,7.242714,7.217746,7.386088,7.43445,7.228136,7.214179,7.255748,7.189532,7.235369,7.365679,7.2094,7.196586,7.20441,7.503762,7.211473,7.203559,7.382801,7.228215,7.211022,7.2414,7.235479,7.266428,7.226712,7.354877,7.229778,7.245628,7.208056,8.966813,7.23599,7.200141,7.345028,7.212935,7.192757,7.244465,7.226751,7.217514,7.237712,7.824172,7.22616,7.192196,7.206522,7.224757,7.232723,7.205801,7.356519,7.197755,7.214688,7.276506,7.217503,7.238663,7.791438,7.33608,7.223455]"
round-0-candidate,split,ring1,67108876,33554438,67108876,10.109401,6.416647,6.72453245,1310720,38010880,39321600,chunked,33,1048576,1,,"[6.649013,7.215996,6.628354,6.648061,6.619277,6.629256,6.592105,6.722624,6.860036,6.58981,6.493366,6.381372,6.405077,6.393725,6.364951,6.586653,6.325214,6.509817,6.42765,6.394106,6.615689,6.394216,6.55888,6.400328,6.357185,6.39163,6.408172,6.446194,6.54865,6.52767,6.410276,6.362645,6.388365,6.36009,6.363767,6.338129,6.524504,6.454159,6.394866,6.594648,6.416648,6.391019,6.385949,6.511238,6.310374,6.413742,6.426626,6.367814,6.345642,6.388734,6.606479,6.415986,7.953611,6.378775,6.39758,6.385037,6.319231,6.626216,6.391749,6.400015,6.302859,6.369587,6.421556,6.655903,6.630966,6.416646,6.388031,6.351903,6.447214,6.567514,6.354458,6.567153,6.459859,6.378573,6.446783,6.441333,6.400635,6.417157,6.760793,6.664699,6.556362,6.5816,6.531545,6.60234,6.70726,6.822019,6.380326,6.404913,6.346611,6.471981,6.400364,6.394623,6.475818,6.479024,6.396918,6.331763,6.40912,6.405574,6.356249,6.55061]"
round-0-candidate,split,ring2,67108876,33554438,67108876,10.03079,4.595295500000001,4.836917549999999,2621440,38010880,40632320,chunked,33,1048576,2,,"[5.023901,4.57294,4.754997,4.486515,4.542381,4.589631,7.129741,4.563752,4.571407,4.797448,4.692758,4.605803,4.572348,4.53649,4.562269,4.560396,4.735911,4.627003,4.570896,4.532622,4.581295,4.564964,4.540047,4.810754,4.55801,4.546539,4.608166,4.64672,4.553442,4.591134,4.739868,4.733385,4.596063,4.707005,4.596584,4.569151,4.565425,4.72568,4.832394,4.565274,4.583198,4.576024,4.605059,4.570874,4.753503,4.588157,4.648613,4.586985,4.50564,4.546177,4.518524,4.790443,4.66301,4.567869,4.638854,4.575713,4.572738,4.520718,4.735488,4.625028,4.572457,4.592285,4.539524,4.677838,4.610269,4.755486,4.538452,4.549072,4.581453,4.515568,4.519966,4.54264,4.699469,4.56881,4.580692,4.729316,4.556115,4.882338,4.834527,4.911012,4.685031,4.893358,4.745667,4.785162,4.78427,4.749654,4.769912,4.756948,4.63727,4.667627,4.566605,4.594528,4.56457,4.78422,4.60081,4.517211,4.645896,4.601321,4.649933,4.65856]"
round-0-candidate,split,ring4,67108876,33554438,67108876,14.581508,4.8969214999999995,5.2730409499999995,5242880,38010880,43253760,chunked,33,1048576,4,,"[5.470213,5.014904,5.036134,5.232279,5.141536,5.096699,5.558021,5.033199,5.079577,5.03913,5.331197,5.126496,5.137337,5.105556,5.02858,5.049128,5.055129,5.272976,5.121606,5.105456,5.061272,5.073715,5.11292,5.073144,5.272535,5.146384,5.074246,5.073996,5.121597,5.045932,5.032756,4.95573,4.860438,4.791025,4.871198,4.952794,4.850488,4.836401,4.946792,4.823266,4.89324,4.937064,4.891176,4.805171,4.837403,5.093202,4.848113,4.777078,4.863753,4.791395,4.845849,4.776898,4.980115,4.815752,4.810973,5.070558,4.775705,4.981397,4.819138,5.039498,4.815461,4.832653,4.819839,4.836641,4.819418,4.775314,5.026964,4.785233,4.770254,4.834055,4.735397,4.80998,4.813997,4.9356,4.900603,4.848664,4.766166,4.940799,5.321155,5.113037,4.987939,4.840187,4.800391,4.777197,4.872198,4.866377,4.867499,4.939377,4.851238,4.920219,4.884572,4.860295,4.840868,4.834245,5.274275,4.816542,4.890172,4.859544,4.84184,4.797184]"
round-0-candidate,split,torch,67108876,33554438,67108876,34.540182,13.8944525,14.47861975,0,0,0,,,,,,"[14.416452,13.813932,13.819302,13.927258,14.053308,13.74497,13.853867,13.918681,14.129363,14.106199,13.690966,13.878434,13.231568,13.819151,13.764576,14.106278,13.805464,13.199086,14.386233,13.792399,13.894703,14.184036,13.906616,13.894202,14.294406,14.303494,13.935782,13.873212,13.86753,13.599089,14.504056,13.643623,14.302421,13.815822,14.025372,14.049798,14.413572,13.022888,13.826992,14.21306,14.038606,13.885904,14.582484,13.918707,13.911032,13.689629,14.478145,14.429331,13.86271,13.748271,13.729004,13.652528,14.427937,13.996043,13.843763,13.693866,13.970614,14.534852,13.877396,13.785531,14.458025,13.670752,14.313488,13.613663,13.92675,13.933493,14.48764,13.822069,13.869039,13.893766,14.123134,13.784067,13.726768,14.559647,14.041518,14.033913,13.846515,13.25706,13.595386,13.068922,13.814895,13.899676,13.833821,13.632336,13.009637,14.074189,13.798623,13.900998,14.249593,13.832558,13.869719,14.057777,13.892943,14.041326,14.122661,14.030725,14.061524,13.202083,14.076302,14.29535]"
round-0-candidate,split,torch_pinned,67108876,33554438,67108876,6.824108,6.761051,6.94032875,33554438,0,0,,,,,,"[6.766167,6.737913,6.726561,6.73124,6.765275,6.94031,6.764364,6.737412,6.734356,6.756819,6.767299,6.796925,6.926362,6.742351,6.74225,6.748362,6.800071,6.743884,6.781395,6.92533,6.761197,6.76313,6.746609,6.745957,6.760905,6.746659,6.980064,6.796584,6.783769,6.779611,6.737371,6.720669,6.734615,6.918256,6.776184,6.753571,6.720599,6.806582,6.749002,6.77918,6.920069,6.776294,6.76886,6.751827,6.754753,6.76874,6.772977,6.912464,6.739413,6.748119,6.750845,6.757939,6.778979,6.767868,6.914647,6.760143,6.772927,6.761335,6.753019,6.730436,6.739633,6.918765,6.740144,6.806661,6.771344,6.778046,6.756465,6.729924,6.961356,6.766955,6.72252,6.736837,6.747698,6.744371,6.734182,6.960905,6.831978,6.830306,6.800308,6.768377,6.737158,6.756605,6.935135,8.435879,6.736176,6.748238,6.783776,6.748639,6.740073,6.914325,6.746494,6.746785,6.798403,6.745122,6.799926,6.746825,6.940685,6.75956,6.81199,6.747776]"
round-0-candidate,split,inductor,67108876,33554438,67108876,14.032129,14.279602,14.8005205,0,0,0,,,,,81.504653,"[14.622806,14.150083,14.344304,14.241618,14.283628,14.349173,14.428795,14.605122,14.302965,14.307744,14.11211,14.320939,14.977622,14.336187,14.312091,14.076892,14.261084,14.204004,14.111989,14.341997,14.195287,14.308334,14.273377,14.292834,14.214954,14.069477,14.382024,14.425166,14.602935,14.285528,14.17673,14.224823,14.61656,14.497393,15.055157,14.172943,14.348789,13.580762,14.187551,14.095295,13.968733,14.120923,14.029648,14.293743,14.900801,17.365154,14.14036,13.976357,14.829866,14.217967,14.250619,14.241292,14.097006,14.187659,14.798976,14.241571,14.129388,14.205202,14.159355,14.353314,14.678125,14.371339,14.324369,14.276086,14.462042,14.762795,14.293159,14.135528,14.295734,14.060955,14.371178,14.248062,14.36739,14.339136,14.367159,14.14239,14.749408,13.507789,13.50856,13.490506,14.283118,14.16333,14.300471,14.298778,14.58319,14.313696,14.129644,14.342942,14.194829,14.235135,14.306372,14.202293,14.12254,14.331209,14.140996,14.16417,14.49489,14.175311,14.211599,14.133901]"
round-0-legacy,small,legacy,262156,131078,131078,4.776788,0.5976115,0.71997,131078,0,131078,legacy_whole,,,,,"[0.699737,0.30899,0.703264,0.320984,0.707512,0.290295,0.705989,0.300304,0.703785,0.464016,0.743561,0.280085,0.694717,0.296366,0.705738,0.348756,0.721849,0.500506,0.71672,0.494646,0.707292,0.49237,0.702502,0.495186,0.727349,0.497341,0.713684,0.2931,0.714095,0.296166,0.705088,0.290545,0.702562,0.291638,0.71177,0.290986,0.716509,0.30381,0.714345,0.290906,0.70648,0.292449,0.716019,0.30336,0.715217,0.291597,0.708935,0.294573,0.715768,0.300144,0.710207,0.280576,0.703013,0.278282,0.716399,0.300164,0.712361,0.28268,0.70651,0.284003,0.704616,0.302398,0.718903,0.292479,0.715257,0.292549,0.716149,0.292479,0.713714,0.281478,0.712311,0.284654,0.713173,0.290435,0.73266,0.288792,0.71194,0.286548,0.712291,0.295074,0.709115,0.293841,0.700979,0.291807,0.719304,0.304271,0.719805,0.292509,0.719966,0.292319,0.704947,0.287971,0.709216,0.280867,0.712822,0.291467,0.720046,0.280887,0.709085,0.28296]"
round-0-legacy,cast,legacy,67108876,33554438,33554438,42.963596,7.085704,7.16665605,38010880,0,38010880,legacy_whole,,,,,"[7.039191,7.111539,7.11222,7.067916,7.09618,7.102692,7.077193,7.047026,7.077264,7.054419,7.103835,7.079388,7.126798,7.09618,7.105978,7.062836,7.07551,7.108322,7.094356,7.162005,7.079638,7.078926,7.075851,7.158829,7.077635,7.064198,7.086831,7.164691,7.058247,7.084176,7.073696,7.097311,7.11742,7.074759,7.166354,7.087733,7.087242,7.708099,7.082534,7.062144,7.078445,7.105527,7.099986,7.078266,7.074427,7.068537,7.080239,7.00746,7.055652,7.15912,7.094857,7.05961,7.109404,7.085759,7.087342,7.144842,7.056955,7.065791,7.079407,7.067665,7.10142,7.09651,7.129402,7.123512,7.062264,7.076501,8.555057,7.085649,7.079878,7.04988,7.059379,7.187434,7.070821,7.072504,7.106038,7.071492,7.153118,7.134943,7.141336,7.142257,7.068947,7.064428,7.097151,7.145743,7.082092,7.086401,7.172395,7.069879,7.109384,7.381694,7.090598,7.090829,7.045031,7.092061,7.08633,7.119323,7.074227,7.077173,7.064779,7.056553]"
round-0-legacy,transpose,legacy,67108864,33554432,33554432,44.06161,7.1395765,7.2126765,37748736,0,37748736,legacy_whole,,,,,"[7.162105,7.150813,7.144871,7.1177,7.134652,7.140824,7.160171,7.144111,7.153799,7.132649,7.135023,7.131286,7.187393,7.143218,7.146655,7.150142,7.121938,7.10696,7.212661,7.153298,7.139341,7.127088,7.118511,7.121707,7.145754,7.18582,7.136466,7.129513,7.149591,7.135284,7.817076,7.241546,7.139812,7.14368,7.143028,7.136486,7.131045,7.119233,7.15485,7.122118,7.135815,7.161964,7.140924,7.121006,7.132478,7.182554,7.126858,7.12323,7.128671,7.107299,7.140564,7.136866,7.127318,7.132428,7.109414,7.137728,7.158287,7.148478,7.137668,7.115425,7.12304,7.198203,7.115695,7.154851,7.199916,7.157195,7.128991,7.12332,7.131385,7.158167,7.167786,8.136776,7.505069,7.134722,7.153337,7.131215,7.212971,7.132257,7.137777,7.146505,7.120996,7.141184,7.159989,7.168125,7.151334,7.141244,7.118611,7.103321,7.134612,7.145773,7.119062,7.137527,7.152135,7.111958,7.151474,7.16567,7.148258,7.120244,7.156393,7.138859]"
round-0-legacy,split,legacy,67108876,33554438,67108876,44.596005,7.3120449999999995,7.49796265,38010880,38010880,76021760,legacy_whole,,,,,"[7.36425,7.312411,7.336738,7.318162,7.318232,7.338511,7.365933,7.316739,7.293325,7.503827,7.302573,7.557309,7.497654,7.290008,7.446758,7.338591,7.310337,7.317691,7.331718,7.292222,7.397924,7.33836,7.308904,7.302662,7.367676,7.29679,7.305838,7.338881,7.322861,7.301731,7.305157,7.316358,7.292533,7.311679,7.30201,7.292322,7.295208,7.28563,7.988302,7.305107,7.365001,7.293986,7.297492,7.303364,7.300017,7.303794,7.30206,7.297312,7.284918,7.526099,7.334483,7.308743,7.295899,7.35411,7.319233,7.310417,7.359059,7.30729,7.334983,7.337057,7.309846,7.354099,7.32793,7.305407,7.287663,7.327439,7.292702,7.313612,7.365271,7.308232,7.342788,7.351314,7.313753,7.320876,7.342387,7.284276,7.302742,7.792037,7.292321,7.290768,7.348408,7.299195,7.321357,7.297792,7.299545,7.320616,7.481653,7.330825,7.324563,7.349681,7.308843,7.309044,7.348649,7.301278,7.294926,7.321697,7.311599,7.299215,7.297661,7.298443]"
round-1-candidate,small,ring2,262156,131078,131078,4.1555,0.282113,0.29316655,131078,0,131078,whole_single_chunk,1,131078,1,,"[0.283541,0.286266,0.284673,0.284423,0.281938,0.281367,0.286527,0.279593,0.284463,0.282429,0.28828,0.289753,0.28867,0.278582,0.279844,0.284062,0.280305,0.28308,0.281817,0.277559,0.281628,0.299331,0.282569,0.283531,0.293159,0.281517,0.281547,0.286747,0.280966,0.283441,0.29331,0.290765,0.285995,0.280265,0.278892,0.282068,0.290194,0.282379,0.284292,0.278281,0.278291,0.28867,0.281928,0.289543,0.281737,0.282158,0.707791,0.286607,0.280706,0.28301,0.281868,0.287489,0.279764,0.278472,0.277279,0.282279,0.289272,0.290164,0.283992,0.279814,0.280876,0.280876,0.286537,0.284213,0.28269,0.279433,0.27819,0.287809,0.278812,0.281116,0.703122,0.285705,0.279253,0.281376,0.278171,0.282419,0.280605,0.281668,0.286387,0.278311,0.283792,0.281547,0.285895,0.278531,0.278391,0.280836,0.700306,0.279754,0.278401,0.279884,0.281046,0.289873,0.285164,0.27786,0.281527,0.281116,0.278611,0.287769,0.282719,0.281587]"
round-1-candidate,small,ring4,262156,131078,131078,1.211261,0.28102649999999996,0.29033355,131078,0,131078,whole_single_chunk,1,131078,1,,"[0.28277,0.294933,0.294061,0.289442,0.290064,0.280135,0.27799,0.278933,0.285054,0.279073,0.279864,0.281287,0.276438,0.279333,0.283641,0.280475,0.282669,0.281587,0.278581,0.287479,0.279804,0.281918,0.281888,0.290094,0.286166,0.280455,0.281166,0.28275,0.290314,0.280976,0.28335,0.282128,0.279403,0.27789,0.287117,0.278822,0.281828,0.281047,0.279714,0.280515,0.284332,0.279313,0.280876,0.282059,0.279413,0.278852,0.281698,0.279163,0.28296,0.2775,0.279122,0.280726,0.290705,0.281447,0.288831,0.284272,0.279924,0.280976,0.281006,0.28818,0.286346,0.27764,0.279944,0.280055,0.28823,0.283501,0.280896,0.279083,0.280475,0.286536,0.279754,0.284573,0.282529,0.279444,0.278692,0.278492,0.695667,0.279543,0.290043,0.287799,0.280415,0.279152,0.280936,0.278742,0.705186,0.284342,0.283511,0.281818,0.28298,0.279073,0.28839,0.280675,0.278431,0.289632,0.286006,0.285535,0.279423,0.279934,0.27819,0.279503]"
round-1-candidate,small,torch,262156,131078,131078,0.10465,0.0771725,0.08473850000000001,0,0,0,,,,,,"[0.132412,0.12599,0.0734,0.078119,0.077508,0.078179,0.076166,0.077067,0.076115,0.080604,0.078249,0.077638,0.084862,0.075344,0.076265,0.077578,0.073731,0.077628,0.077007,0.077337,0.07882,0.07846,0.076426,0.071276,0.077829,0.07852,0.077738,0.077468,0.077738,0.076957,0.072679,0.086124,0.076476,0.076997,0.077558,0.077188,0.076155,0.071697,0.077397,0.077889,0.077398,0.077518,0.076767,0.076255,0.071396,0.076676,0.07851,0.076366,0.075294,0.077969,0.0839,0.075344,0.077528,0.075975,0.077338,0.077037,0.077378,0.075554,0.072639,0.077157,0.076236,0.077088,0.077638,0.077608,0.076616,0.072839,0.079812,0.077528,0.076696,0.076185,0.076947,0.075313,0.07344,0.077959,0.077388,0.076576,0.079893,0.076987,0.077147,0.073159,0.077478,0.075364,0.085433,0.075755,0.077238,0.076436,0.071967,0.078389,0.076306,0.078129,0.079331,0.084732,0.078119,0.071447,0.0786,0.076886,0.077077,0.078049,0.077287,0.076146]"
round-1-candidate,small,torch_pinned,262156,131078,131078,0.15714,0.052685499999999996,0.05562844999999998,131078,0,0,,,,,,"[0.053923,0.053151,0.051639,0.054695,0.053673,0.05224,0.05276,0.051929,0.053131,0.052219,0.054344,0.053362,0.051668,0.05244,0.052691,0.05242,0.053912,0.053612,0.055085,0.05261,0.05244,0.052229,0.051699,0.05253,0.054985,0.053322,0.053011,0.05236,0.05244,0.051839,0.051718,0.053912,0.053502,0.052681,0.051919,0.053201,0.05252,0.051759,0.054214,0.052891,0.0525,0.051949,0.053542,0.052641,0.05242,0.054955,0.053091,0.053683,0.051719,0.0522,0.052631,0.061327,0.054775,0.062199,0.051989,0.05253,0.052781,0.053252,0.052259,0.054684,0.05244,0.0525,0.05229,0.05254,0.052851,0.05223,0.055386,0.053082,0.052631,0.05215,0.060235,0.052791,0.052079,0.054895,0.05257,0.053081,0.0527,0.054223,0.052961,0.052561,0.055195,0.053633,0.05256,0.061407,0.053121,0.052029,0.0525,0.054824,0.055045,0.05269,0.052019,0.05219,0.061247,0.051298,0.054544,0.052691,0.05239,0.051829,0.05237,0.051809]"
round-1-candidate,small,inductor,262156,131078,131078,0.313629,0.1725295,0.1878335,0,0,0,,,,,2089.982161,"[0.196154,0.18847,0.182148,0.18368,0.184452,0.18322,0.171717,0.169483,0.179643,0.170716,0.171778,0.1833,0.178701,0.171247,0.175866,0.169944,0.175515,0.170315,0.172419,0.187938,0.173,0.17278,0.171066,0.17835,0.169774,0.170044,0.175405,0.17264,0.180695,0.170486,0.171287,0.170585,0.175495,0.176847,0.17316,0.168722,0.169063,0.169323,0.187828,0.181066,0.184432,0.169904,0.168411,0.175575,0.177569,0.169804,0.171868,0.190774,0.185304,0.181266,0.170195,0.170145,0.17331,0.170355,0.17827,0.179844,0.168752,0.177959,0.170185,0.179673,0.181376,0.176647,0.170635,0.170235,0.178782,0.172189,0.173151,0.171267,0.173171,0.171458,0.173851,0.181477,0.172019,0.171347,0.169734,0.189992,0.171748,0.170465,0.171066,0.170615,0.169944,0.16789,0.174252,0.169554,0.166617,0.172019,0.168913,0.180094,0.170947,0.180284,0.176848,0.170936,0.170415,0.180334,0.180154,0.170095,0.175615,0.171568,0.170095,0.177579]"
round-1-candidate,small,whole,262156,131078,131078,1.093667,0.2806655,0.29605950000000003,131078,0,131078,whole_disabled,1,131078,1,,"[0.303058,0.281767,0.289733,0.282429,0.279433,0.275907,0.290895,0.277069,0.279944,0.28854,0.290795,0.291666,0.278572,0.278943,0.27797,0.27767,0.277951,0.279603,0.276096,0.276106,0.285765,0.29295,0.27784,0.279654,0.275846,0.282499,0.285796,0.29348,0.281097,0.284052,0.286056,0.285726,0.280816,0.275275,0.276347,0.279884,0.285915,0.273733,0.280906,0.296706,0.281277,0.279313,0.716046,0.285945,0.278782,0.282509,0.287429,0.296145,0.280035,0.279543,0.273612,0.281086,0.275356,0.280515,0.288581,0.279613,0.279113,0.286597,0.27799,0.278732,0.282309,0.274744,0.295274,0.279103,0.297758,0.285164,0.296055,0.287158,0.277169,0.278171,0.281027,0.276869,0.282439,0.285775,0.288601,0.278121,0.283552,0.283651,0.278952,0.278001,0.281868,0.277359,0.286567,0.27738,0.291506,0.280375,0.28844,0.276097,0.283191,0.280134,0.28285,0.276257,0.279664,0.281056,0.275145,0.279884,0.278742,0.290545,0.273973,0.276087]"
round-1-candidate,small,ring1,262156,131078,131078,1.035546,0.279293,0.29062655,131078,0,131078,whole_single_chunk,1,131078,1,,"[0.289963,0.290595,0.287058,0.285434,0.282599,0.285675,0.280695,0.280124,0.284623,0.277419,0.28254,0.278681,0.275034,0.281497,0.286306,0.277659,0.279183,0.27772,0.276668,0.284483,0.284693,0.279043,0.27808,0.284012,0.277048,0.278802,0.276838,0.279053,0.278601,0.281046,0.278271,0.275546,0.276909,0.276818,0.286758,0.27749,0.278542,0.284152,0.286536,0.288862,0.283421,0.280716,0.286356,0.275415,0.275786,0.283591,0.285404,0.27759,0.293009,0.284664,0.275395,0.276437,0.275425,0.275395,0.291226,0.291446,0.277379,0.276558,0.287809,0.283341,0.281908,0.279403,0.282519,0.281557,0.291407,0.278442,0.276217,0.278942,0.276307,0.287559,0.279153,0.285244,0.278782,0.275936,0.275175,0.276457,0.286868,0.289342,0.278591,0.278782,0.281297,0.275075,0.278842,0.284262,0.277189,0.278011,0.275055,0.277319,0.281407,0.283972,0.287379,0.281277,0.277469,0.285224,0.286837,0.2828,0.275596,0.291988,0.279043,0.276948]"
round-1-candidate,cast,ring2,67108876,33554438,33554438,7.587639,4.471557000000001,4.7185951,2621440,0,2621440,chunked,33,1048576,2,,"[4.472324,4.427258,4.432278,4.411448,4.425265,4.399595,4.447677,4.594487,4.411568,4.468046,4.352586,4.352966,4.341754,4.490299,4.678096,4.555002,4.496079,4.572806,4.566384,4.563868,4.5803,4.52823,4.276591,4.253296,4.279335,4.377673,4.310586,4.257404,4.47079,4.361382,4.32859,4.289224,4.337717,4.315294,4.316336,4.61179,4.319061,4.302359,4.323279,4.305375,4.284795,4.30314,4.483655,4.37093,4.23967,4.293602,4.237676,4.280136,4.336614,4.514744,4.29223,4.329621,4.321615,4.31869,4.276559,4.285797,4.51268,4.434861,4.48103,4.577284,4.632338,4.606268,4.494506,4.715908,4.4705,4.591881,4.704606,4.708203,4.480428,4.572684,4.677254,4.457615,4.50767,4.461453,4.552265,4.528941,4.544591,4.703474,4.573767,5.064993,4.573907,4.272752,4.263344,4.573576,4.783236,4.6228,4.529492,4.782896,4.549931,4.556544,4.517579,4.76965,4.535093,4.561934,4.559288,4.590618,4.460901,4.563516,4.867717,4.425894]"
round-1-candidate,cast,ring4,67108876,33554438,33554438,14.411821,4.7437415000000005,5.00457325,5242880,0,5242880,chunked,33,1048576,4,,"[4.694599,5.235951,4.800109,4.72177,4.707172,4.682335,4.746006,4.678017,4.692243,4.819556,4.84797,4.762748,4.819377,4.791002,4.66959,4.991304,5.216314,4.830227,4.765934,4.768679,4.98438,4.7007,5.003898,4.787736,4.916572,4.547197,4.521377,4.529373,4.46517,4.725467,4.48585,4.54878,4.5126,4.768127,4.572464,4.576282,4.809857,4.578175,4.555572,4.552927,4.574559,4.545873,4.539401,4.672215,4.524874,4.557616,4.555923,4.47054,4.608093,4.555893,4.741477,4.908766,4.735836,4.522338,4.574127,4.553688,4.510636,4.804828,4.765903,4.810639,4.819144,4.722671,4.72229,4.731768,4.860754,4.825788,4.91616,4.833883,4.81709,4.78509,4.813854,4.944995,4.83236,4.787805,4.536596,4.462835,4.536846,4.508071,4.669378,4.631527,4.471381,4.503322,4.599946,4.789568,4.825347,5.017403,4.851467,4.799036,4.765792,4.860593,4.76942,4.77006,5.038193,5.050245,4.905199,4.913394,4.73815,4.763839,4.881143,4.90075]"
round-1-candidate,cast,torch,67108876,33554438,33554438,13.168669,13.910841999999999,14.292276750000001,0,0,0,,,,,,"[14.173155,13.853035,13.271415,13.694902,13.740369,13.907648,13.453582,13.97161,13.154381,13.937144,13.879414,13.739868,13.745028,13.996187,14.058526,13.90354,14.241936,13.399749,14.0084,14.300597,13.997199,14.292051,13.968704,14.135683,13.633575,13.707696,14.248919,14.528292,13.873653,14.550073,14.003801,13.690392,13.587135,14.141052,13.999402,14.130603,14.199284,14.3759,14.059647,13.533273,14.137285,13.942764,14.157133,13.932765,14.113499,13.800412,13.898259,14.176509,13.910822,14.215483,14.139829,13.970797,14.123618,13.747009,13.968753,14.220453,13.828846,13.280349,13.807445,13.04509,13.942052,13.229702,13.198012,13.997136,13.910862,13.8889,13.771656,13.539273,13.960576,13.891534,13.78972,13.814247,14.102677,13.612863,13.104613,13.644663,13.224261,13.992417,13.886785,13.791674,13.80524,13.574018,13.715408,13.201146,13.917012,13.873379,13.898708,13.669309,13.838613,13.978109,13.981094,14.102826,14.180786,14.012343,13.844504,13.686983,14.051539,14.296566,13.915098,14.145918]"
round-1-candidate,cast,torch_pinned,67108876,33554438,33554438,68.184701,6.5181415000000005,6.6120344,33554438,0,0,,,,,,"[6.937879,6.518097,6.521073,6.605705,6.53461,6.499162,6.533778,6.500705,6.506255,6.502277,6.605334,6.51401,6.505203,6.521494,6.494853,6.511686,6.513809,6.600975,6.575567,6.510964,6.55093,6.520522,6.513589,6.495875,6.611556,6.525421,6.501736,6.507397,6.499712,6.539388,6.505493,6.596016,6.498419,6.494502,6.49326,6.523227,6.521914,6.530651,6.621124,6.508269,6.508629,6.501545,6.497628,6.537224,6.522856,6.641222,6.51997,6.493099,6.49362,6.51448,6.521112,6.502437,6.585565,6.543345,6.52498,6.502216,6.480735,6.516543,6.512576,6.580425,6.505222,6.558724,6.505713,6.537984,6.49874,6.518096,6.591546,6.524068,6.522976,6.555989,6.496245,6.542222,6.493509,6.582148,6.507426,6.556479,6.496304,6.529909,6.491466,6.484542,6.623296,6.518186,6.494732,6.499581,6.514639,6.524859,6.524588,6.586055,6.545949,6.502075,6.513286,6.528085,6.523225,6.531441,6.781969,6.558693,6.527233,6.49899,6.501924,6.506003]"
round-1-candidate,cast,inductor,67108876,33554438,33554438,13.432762,14.157646,14.606532349999998,0,0,0,,,,,110.303494,"[17.217455,14.428863,13.544807,14.330135,14.328672,14.123721,14.079826,13.923689,14.286531,13.643945,14.043137,14.775314,14.349351,14.033137,14.064117,14.268346,14.097079,13.977171,14.433071,14.173114,14.108671,14.053836,14.136995,14.1129,14.338319,15.22441,14.2916,13.950359,14.306278,13.963224,14.068905,14.951579,14.383996,14.277653,14.086638,14.277012,14.126034,13.941,14.599497,14.592273,14.018108,14.296949,14.419353,14.089423,14.238618,14.596852,14.485429,14.126834,14.069826,14.276119,13.920921,14.301738,14.594036,14.32944,14.347385,14.061008,13.358709,13.764423,14.325112,14.22994,13.981958,13.830889,14.011644,14.215122,13.944706,14.012085,13.995182,14.481651,14.328448,13.899209,14.22972,14.146371,13.943905,14.383794,14.242504,13.94156,14.081827,14.008517,14.095503,14.115972,14.740204,14.21983,14.150157,13.501099,14.094772,14.231082,14.485036,14.19341,14.493542,14.228867,14.245589,13.981035,14.069573,14.088279,14.330701,14.232253,14.184673,14.153673,14.161619,14.09941]"
round-1-candidate,cast,whole,67108876,33554438,33554438,42.120946,6.954784500000001,7.1289179,38010880,0,38010880,whole_disabled,1,33554438,1,,"[9.168696,6.936747,6.963708,6.957366,6.937237,7.093335,6.969439,6.95957,6.910556,6.969419,6.921026,6.981251,7.115046,6.926968,6.925445,6.91226,6.963017,6.983896,6.947076,7.097483,6.971282,6.981922,6.946896,6.937618,6.887021,6.935715,7.113834,6.958448,6.975009,6.953708,6.945563,6.952856,6.942276,7.119765,6.927829,6.937217,6.964238,6.98592,6.925284,6.946555,7.084688,6.941876,6.926466,6.985649,6.961663,6.973335,6.931185,7.119555,7.000287,6.937267,6.929111,6.95464,6.92876,6.929863,7.087893,6.9498,6.93909,6.952245,6.944831,7.051214,6.956633,7.212301,6.962975,6.951213,6.959819,6.940192,6.928239,6.953427,7.152356,6.916577,6.949119,6.990287,6.91324,6.97079,6.914302,7.073857,6.977933,6.957725,6.931064,6.966912,6.986229,6.948828,7.128431,7.025925,6.930172,6.967513,6.915584,6.912668,6.925323,7.138169,6.954929,6.94986,6.935994,6.957464,7.004203,6.972122,7.146355,6.950541,6.944549,6.965088]"
round-1-candidate,cast,ring1,67108876,33554438,33554438,9.447598,6.251402499999999,6.5488102999999995,1310720,0,1310720,chunked,33,1048576,1,,"[6.689615,6.305943,6.404401,6.24137,6.336281,6.323046,6.654087,6.135007,6.14173,6.12082,6.60797,6.171145,6.086905,6.275575,6.103226,6.281817,6.139305,6.373212,6.097014,6.138734,6.3779,6.108035,6.185042,6.101502,6.075684,6.144514,6.092134,6.39865,6.397176,6.135527,6.272328,6.141088,6.157961,6.235027,6.365446,6.101983,6.190482,6.177517,6.17346,6.176766,6.281716,6.390113,6.19486,6.167438,6.140276,6.169872,6.222243,6.115729,6.345969,6.107553,6.0743,6.114978,6.419037,6.155986,6.183729,6.334607,6.368491,6.274462,6.261186,6.431721,6.391525,6.370976,6.581648,6.439126,6.238162,6.321982,6.379842,6.338504,6.397466,6.547082,6.419368,6.334826,6.292455,6.260565,6.36269,6.49386,6.69321,6.364453,6.410581,6.292035,6.428926,6.309869,6.507125,6.338504,6.145155,6.213244,6.103875,6.24224,6.14306,6.124555,6.361597,6.282467,6.187976,6.194959,6.180772,6.176644,6.162647,6.349123,6.236809,6.171714]"
round-1-candidate,transpose,ring2,67108864,33554432,33554432,8.583205,5.3091085,5.47267015,2621440,0,2621440,chunked,32,1048576,2,,"[5.311132,5.244986,5.319279,5.307967,5.280755,7.253308,5.258452,5.339367,5.273871,5.217534,5.250176,5.274513,5.154273,5.281225,5.428146,5.221942,5.334146,5.290563,5.338895,5.274072,5.470507,5.339487,5.193318,5.44113,5.260315,5.275805,5.349005,5.237792,5.412696,5.277879,5.183699,5.261568,5.253602,5.406925,5.307896,5.384753,5.323395,5.34142,5.180854,5.35203,5.256077,5.174872,5.315039,5.174752,5.325309,5.285052,5.216832,5.253472,5.272157,5.412124,5.35767,5.131369,5.260896,5.151117,5.146759,5.318586,5.514449,5.445128,5.24199,5.301544,5.298237,5.166125,5.236699,5.441851,5.242981,5.417174,5.313366,5.356148,5.272358,5.285042,5.44631,5.255445,5.387988,5.383229,5.380263,5.233935,5.445978,5.392847,5.460847,5.299619,5.406854,5.31025,5.348552,5.121069,5.523136,5.403277,5.244584,5.364893,5.43643,5.49401,5.351438,5.532945,5.302344,5.277337,5.426511,5.411803,5.241959,5.433494,5.471547,5.334175]"
round-1-candidate,transpose,ring4,67108864,33554432,33554432,15.471106,5.9189620000000005,6.103152,5242880,0,5242880,chunked,32,1048576,4,,"[5.891039,5.918181,5.942898,6.102573,5.925024,6.267347,5.946745,5.843819,6.002863,5.929161,5.998083,6.02276,5.89683,5.919743,5.888263,6.030896,5.825915,5.847836,5.936455,5.926607,5.789084,5.763104,5.863035,5.716816,6.036486,6.067595,6.10129,5.870149,5.692019,5.89148,5.98599,5.847485,5.806688,5.950683,5.958517,5.849128,6.077645,5.780729,5.799544,5.892852,5.704232,6.133531,5.873044,5.953447,5.829962,5.862774,5.864057,5.87609,5.871341,5.957034,5.964679,5.885568,6.089316,5.889205,5.815454,5.943939,6.124293,6.114153,6.124233,5.92394,5.988113,6.031816,5.931305,6.080259,5.92397,5.997131,5.954178,6.094626,5.960701,5.833078,6.005376,5.833939,5.891328,5.825052,5.903422,5.713679,5.959769,5.869125,5.974978,5.984516,5.833488,5.807698,5.962784,5.900376,5.927306,6.036716,5.866782,5.93456,5.870478,5.880297,5.978083,5.796437,5.81366,5.74001,5.94496,5.885467,6.088254,5.76182,5.875458,5.859337]"
round-1-candidate,transpose,torch,67108864,33554432,33554432,22.253967,23.400517,23.88240045,0,0,0,,,,,,"[23.207476,23.111593,23.218066,23.222134,23.362912,23.554328,23.497709,23.121421,21.931181,22.434571,23.244696,23.245348,23.271297,23.38308,23.390815,23.318437,23.314179,23.323917,23.202435,23.464966,23.326802,23.555278,23.618408,23.452231,23.382198,23.29947,21.839525,23.077546,23.578121,23.107894,23.321982,23.192916,22.939763,23.467971,22.091514,23.59905,23.479141,23.596135,22.893214,23.416732,23.553422,23.71424,23.774334,23.591255,22.173911,23.229434,23.210378,23.423164,23.925802,23.843075,23.677629,23.506733,23.548282,23.222631,23.410219,22.036608,23.634146,23.726882,23.641049,22.997361,23.153399,23.83065,23.588327,23.733565,23.676226,23.454692,23.276623,23.162796,23.648242,23.658131,23.880816,23.713947,23.912505,22.963004,23.15466,23.670113,24.04606,23.837362,24.050819,23.769172,23.003401,21.928841,22.287635,23.65839,22.365403,22.322793,21.929001,22.923648,23.214393,23.691052,23.550253,22.446086,23.744905,23.48625,22.450766,23.117006,23.613233,26.558421,23.690551,23.720277]"
round-1-candidate,transpose,torch_pinned,67108864,33554432,33554432,37.635673,6.7071655,6.8139416,33554432,0,0,,,,,,"[6.705824,6.738105,6.71417,6.847223,6.689262,6.731903,6.689873,6.678762,6.682368,6.690173,6.785946,6.746521,6.706224,6.747543,6.724619,6.718237,6.644025,6.813628,6.733146,6.687939,6.68839,6.694712,6.697738,6.670075,6.776358,6.714018,6.691646,6.787519,6.715181,6.701014,6.658162,6.799091,6.685634,6.715953,6.679092,6.695333,6.715992,6.691065,6.753053,6.678651,6.73042,6.719669,6.714389,6.687457,6.663552,6.769674,6.787869,6.708107,6.685824,6.690994,6.690213,6.709841,6.785325,6.677398,6.68364,6.690984,6.687307,6.685744,6.664073,6.8199,6.743003,6.718427,6.689552,6.694721,6.739036,6.701905,6.779152,6.708137,6.711383,6.688189,6.689521,6.68338,6.667468,6.839176,6.712665,6.720791,6.688629,6.690452,6.683068,6.674853,6.766598,6.746339,6.703017,6.690903,6.743083,6.698107,6.661247,6.792207,6.719267,6.712925,6.889993,6.712385,6.715249,6.675383,6.777688,6.692406,6.693428,8.489394,6.710881,6.709619]"
round-1-candidate,transpose,inductor,67108864,33554432,33554432,13.615346,14.393398,14.92414065,0,0,0,,,,,147.679311,"[14.534419,14.254605,14.467651,14.394943,14.640201,14.705525,14.19443,14.364765,13.723712,14.150566,14.740302,14.57719,14.394732,14.350167,14.405863,14.612908,14.44122,14.281926,14.963768,14.387959,14.55619,14.155205,14.254705,14.676519,14.589884,14.563904,13.847878,14.147009,14.480986,14.423216,14.341189,14.418887,14.625531,14.432804,13.674558,14.575005,14.173639,14.278409,14.747464,14.798181,14.306242,14.27917,14.198337,14.361748,13.685678,14.653344,14.338654,14.411934,14.23202,14.374562,14.504219,14.386114,14.85601,14.710974,13.790899,13.718901,14.222512,14.165733,14.492897,15.064387,14.587107,14.19529,14.532282,14.322903,14.292765,14.620501,14.434536,14.91909,14.921254,14.357418,14.309046,14.896396,14.383588,14.628586,14.922055,14.217221,14.35315,14.971058,14.324967,14.365644,15.037124,14.644105,13.699793,14.164851,13.640731,14.255704,13.625321,14.7257,14.451687,14.392064,14.329164,14.277295,14.38478,14.292273,14.896606,14.989373,14.177414,14.524496,14.408394,14.396101]"
round-1-candidate,transpose,whole,67108864,33554432,33554432,42.689806,7.0974995,7.17802275,37748736,0,37748736,whole_disabled,1,33554432,1,,"[7.095938,7.110526,7.110887,7.115746,7.083564,7.16547,7.152445,7.111647,7.116217,7.062454,7.084426,7.058797,7.155051,7.109433,7.289687,7.096629,7.074006,7.072714,7.052134,7.166883,7.083373,7.141083,7.110415,7.078063,7.077202,7.048718,7.147706,7.152365,7.109122,7.095807,7.053676,7.063957,7.083464,7.182682,7.068995,7.102049,7.119813,7.066471,7.05031,7.043798,7.129191,7.088492,7.097239,7.070469,7.067322,7.048727,7.046162,7.148908,7.147314,7.128709,7.152074,7.079535,7.06088,7.09776,7.159468,7.100776,7.124882,7.117608,7.054537,7.106827,7.112187,7.177882,7.117978,7.118179,7.089945,7.058064,7.048246,7.046091,7.140091,7.069736,7.065277,7.063044,7.040952,7.096617,7.101166,7.155459,7.097018,7.100375,7.058525,7.136444,7.080457,7.100154,7.199283,7.10894,7.165859,7.096387,7.064356,7.072682,7.068453,7.180697,7.132566,7.137695,7.130412,7.064405,7.0718,7.086027,7.144368,7.333348,7.104091,7.078502]"
round-1-candidate,transpose,ring1,67108864,33554432,33554432,10.185072,7.1850465,7.32250335,1310720,0,1310720,chunked,32,1048576,1,,"[7.20759,7.236456,7.115776,7.169568,7.208222,7.236556,7.483557,7.210427,7.234081,7.257046,7.215536,7.15499,7.280059,7.267525,7.197522,7.167434,7.173305,7.115044,7.042656,7.122668,7.284838,7.177022,7.147275,7.158197,7.17112,7.163205,7.099734,7.337809,7.250331,7.206298,7.216788,7.134831,7.171602,7.150391,7.238539,7.20721,7.095386,7.15001,7.177402,7.151923,7.142395,7.248427,7.20233,7.199926,7.141704,7.126756,7.135883,7.106487,7.242306,7.185969,7.183855,7.090476,7.126194,7.137356,7.194014,7.347527,7.325835,7.239851,7.246123,7.208962,7.241684,7.176921,7.204614,7.191869,7.249119,7.159408,7.163435,7.093512,7.160319,7.270239,7.222357,7.175178,7.235472,7.122597,7.134219,7.184124,7.330093,7.166902,7.120312,7.159337,7.269667,7.251041,7.242766,7.322328,7.220774,7.135241,7.090896,7.17701,7.207409,7.123769,7.306638,7.139328,7.210545,7.192109,7.120162,7.10883,7.311186,7.273144,7.202669,7.138507]"
round-1-candidate,split,ring2,67108876,33554438,67108876,8.748508,4.585630500000001,4.75542575,2621440,38010880,40632320,chunked,33,1048576,2,,"[4.719433,4.570899,4.516295,4.535371,4.554017,4.541313,4.564898,4.748527,4.558916,4.658556,4.649108,4.625092,4.589434,4.543687,4.747165,4.590156,4.670789,4.562573,4.592459,4.609822,4.564366,4.75528,4.808642,4.581028,4.668655,4.584865,4.560248,4.584174,4.71843,4.632195,4.55645,4.525832,4.583733,4.563594,4.584174,4.693763,4.552553,4.589553,4.571198,4.509992,4.572692,4.589393,4.729089,4.566209,4.603611,4.597769,4.677691,4.544397,4.521644,4.759948,4.588501,4.546611,4.536432,4.569345,4.558484,4.579895,4.715073,4.623157,4.573262,4.628167,4.566259,4.558885,4.683883,4.782171,4.58277,4.593491,4.576248,4.584804,4.546381,4.652082,4.758195,4.585415,4.553834,4.570577,4.544898,4.585846,4.620011,4.722015,4.564154,4.664315,4.581077,4.679384,4.55618,4.74026,4.692599,4.551139,4.672641,4.52,4.554315,4.568332,4.605182,4.749448,4.624709,4.608619,4.59359,4.625411,4.575475,4.604251,4.762943,4.603268]"
round-1-candidate,split,ring4,67108876,33554438,67108876,14.711513,4.8052945000000005,5.07716965,5242880,38010880,43253760,chunked,33,1048576,4,,"[4.976353,5.622655,5.126628,5.065823,5.055643,5.039393,5.065913,4.864349,5.075762,4.73408,4.794005,4.778074,4.758627,4.746804,4.725383,5.103915,4.740502,4.818771,4.800837,4.823821,4.853116,4.773084,4.947597,4.785288,4.811688,4.779296,4.770699,4.756773,4.76589,5.110137,4.749659,4.740442,4.839471,4.790096,4.766361,4.932548,4.890337,4.746934,4.738438,4.731785,4.813841,4.806948,4.824802,5.017149,4.821375,4.82363,4.822658,4.742615,4.747535,4.778795,4.985739,4.835412,4.753877,4.869698,4.819061,4.787331,4.856782,4.951353,4.758335,4.972072,4.799053,4.793512,4.845361,4.875979,4.920384,4.751783,4.884365,5.522522,4.870378,4.767834,4.71891,4.977503,4.765588,4.812107,4.849919,4.778994,4.825833,4.755188,4.884104,4.754558,4.763484,4.803461,4.779845,4.751552,4.817688,4.980238,4.818459,4.784584,4.760388,4.838888,4.782681,4.749567,4.935362,4.779144,4.803641,4.759466,4.74524,4.779324,4.765889,4.909813]"
round-1-candidate,split,torch,67108876,33554438,67108876,34.921072,13.875121,14.4175524,0,0,0,,,,,,"[14.393465,13.991188,14.101398,13.921705,13.995286,13.954948,14.028128,14.041062,13.77213,13.628836,13.231228,13.507103,13.951181,13.84044,14.214373,13.724278,14.108721,13.634646,13.286122,14.037866,13.848214,13.585463,13.601323,14.087971,13.973373,13.765916,13.782819,13.902688,13.833735,14.005784,14.416026,13.750427,13.843454,14.446554,13.784281,13.608516,14.236153,13.95164,13.63189,13.854505,14.301407,14.007075,13.882789,14.247915,13.939125,13.160882,13.61115,13.809128,13.717773,14.086477,14.159967,14.084192,13.749052,13.937492,13.955847,13.570582,14.18827,14.060556,14.327145,13.846818,13.864632,14.24653,13.68479,14.044074,14.233506,14.145518,13.796432,13.755604,13.782646,13.925728,14.066456,13.87951,13.870463,13.712201,13.345561,13.676252,13.595308,13.739854,14.291376,13.796521,13.937159,13.909787,13.731517,14.177889,13.996131,13.760673,14.762013,13.802803,13.75411,14.568162,13.747588,12.955888,14.507837,13.870732,14.078298,13.814024,13.606347,13.787343,14.719421,13.80692]"
round-1-candidate,split,torch_pinned,67108876,33554438,67108876,6.844896,6.7612805,6.9435627,33554438,0,0,,,,,,"[6.764223,6.750987,6.740768,6.923617,6.747049,6.761958,6.747049,6.764442,6.761046,6.755145,6.978291,6.787406,6.738803,6.73668,6.768511,6.766346,6.780032,6.963211,6.739995,6.758421,6.760114,6.774001,6.738954,6.771416,6.912434,6.759633,6.742801,6.751909,6.767287,6.746859,6.73173,6.898728,6.770483,6.744244,6.770243,6.742881,6.794089,6.757739,6.943163,6.728743,6.769612,6.751728,6.749143,6.759382,6.745545,6.951157,6.796332,6.740946,6.753039,6.784961,6.786394,6.750284,6.937461,6.755625,6.780692,6.788086,6.746026,6.757107,6.755584,6.965074,6.774721,6.745314,6.781063,6.741307,6.764661,6.731267,6.91068,6.762577,6.762558,6.789178,6.771114,6.800539,6.786643,6.914958,6.759681,6.739824,6.761515,6.739744,6.750114,6.782755,6.988217,6.755433,6.731628,6.741316,6.747077,6.768157,6.765292,6.921459,6.739723,6.735354,6.741005,6.781012,6.737739,6.743551,6.91119,6.743009,6.884469,6.752357,6.767004,6.805298]"
round-1-candidate,split,inductor,67108876,33554438,67108876,13.818539,14.232925,14.622574,0,0,0,,,,,78.445065,"[14.362526,14.255382,14.176932,14.189867,14.550595,13.985096,14.112609,14.244751,14.146063,14.319234,14.307761,14.510107,14.167754,14.138138,14.212809,14.219783,14.131274,14.503584,13.99801,14.299164,14.013699,14.377343,14.351163,14.246874,14.131605,14.834134,14.303361,14.301378,14.413521,14.073573,14.183563,14.433019,14.411327,14.161189,14.316296,14.25065,14.297139,14.193572,14.737389,14.417158,14.1454,14.120111,14.228328,14.150529,14.315604,14.020942,14.806961,14.192829,14.652385,14.096476,14.26096,14.484195,14.620445,14.183652,14.153234,14.061699,14.472312,14.138305,13.980825,14.322536,14.474245,13.980514,14.196315,14.284513,14.018085,14.009388,14.217335,14.621005,14.131882,14.15739,14.044305,14.141641,14.264885,14.34104,14.159554,14.289592,14.453575,14.164423,14.226692,14.125609,14.543797,14.386607,14.239866,14.297406,14.238804,14.301645,14.012473,13.930978,14.546511,14.237522,14.050455,13.583965,14.321562,14.209358,14.010569,15.126627,14.250035,14.254463,14.103005,14.035907]"
round-1-candidate,split,whole,67108876,33554438,67108876,42.58941,7.212947,7.3791647000000005,38010880,38010880,76021760,whole_disabled,1,33554438,1,,"[7.604005,7.21356,7.197239,7.224501,7.204422,7.348297,7.232897,7.223158,7.186789,7.194823,7.198691,7.200795,7.379767,7.205043,7.217196,7.183973,7.200825,7.20835,7.188701,7.427518,7.25629,7.223228,7.205924,7.258184,7.237615,7.293552,7.317086,7.216414,7.222265,7.237905,7.195835,7.185856,7.220422,7.377472,7.188631,7.206144,7.253545,7.230792,7.202588,7.212978,7.343797,7.232865,7.197317,7.184042,7.191155,7.170015,7.239698,7.380767,7.196886,7.268833,7.212676,7.24596,7.191045,7.20956,7.363994,7.23044,7.181878,7.183671,7.213859,7.182769,7.232173,7.347002,7.209029,7.201084,7.218717,7.212916,7.191986,7.379133,7.358444,7.187708,7.193249,7.19422,7.190804,7.195443,7.205291,7.374123,7.205041,7.2046,7.350308,7.262841,7.221763,7.186385,7.330761,7.249986,7.386718,7.196204,7.172349,7.154654,7.20477,7.338905,7.357431,7.209589,7.19946,7.254786,7.177808,7.199019,7.363352,7.213787,7.234857,7.201503]"
round-1-candidate,split,ring1,67108876,33554438,67108876,9.767802,6.419373,6.6955968,1310720,38010880,39321600,chunked,33,1048576,1,,"[7.088501,6.666767,6.611141,6.692997,6.801183,6.612213,6.785222,6.504898,6.545706,6.408204,6.658551,6.515167,6.500439,6.561585,6.526559,6.52199,6.463859,6.546918,6.634815,6.58472,6.901454,6.599969,6.619757,6.345954,6.43804,6.374618,6.340924,6.502362,6.376452,6.337348,6.356584,6.307531,6.30204,6.395869,6.485329,6.427029,6.358097,6.388695,6.410556,6.346555,6.374267,6.532058,6.375019,6.389787,6.420646,6.470341,6.430304,6.330404,6.577615,6.385349,6.378024,6.326165,6.394866,6.382993,6.362385,6.510076,6.419563,6.419183,6.377524,6.434672,6.346053,6.392051,6.490678,6.431687,6.343709,6.415015,6.341615,6.347846,6.422659,6.494476,6.390869,6.377022,6.349359,6.511348,6.348808,6.448928,6.64385,6.416607,6.388664,6.422609,6.430704,6.329311,6.317818,6.59097,6.406929,6.379376,6.353817,6.351273,6.422178,6.348978,6.51286,6.416957,6.436024,6.441744,6.371872,6.3971,6.43922,6.744993,6.406989,6.41815]"
round-1-legacy,small,legacy,262156,131078,131078,4.868264,0.5040115000000001,0.7111231,131078,0,131078,legacy_whole,,,,,"[0.777062,0.308869,0.710495,0.504262,0.296776,0.697901,0.495075,0.738909,0.496687,0.494183,0.490105,0.503761,0.499282,0.694384,0.490725,0.704884,0.276538,0.709052,0.501687,0.708241,0.280906,0.704483,0.492099,0.706557,0.499353,0.709674,0.291946,0.708932,0.364805,0.725904,0.505934,0.705446,0.491347,0.706167,0.499923,0.705094,0.496066,0.715083,0.503651,0.704544,0.298279,0.709964,0.277069,0.702409,0.279013,0.709112,0.276617,0.712398,0.289983,0.709062,0.278141,0.709914,0.28302,0.701307,0.286156,0.703601,0.502338,0.701307,0.294061,0.710645,0.277339,0.698582,0.27771,0.709333,0.280716,0.704133,0.280545,0.705655,0.289362,0.710114,0.276066,0.698813,0.278952,0.709002,0.287038,0.710715,0.27763,0.699905,0.279714,0.705896,0.284653,0.711056,0.277339,0.704994,0.275446,0.700767,0.279583,0.703181,0.289582,0.706638,0.286116,0.710335,0.286907,0.701909,0.275275,0.709232,0.277409,0.705305,0.276046,0.701337]"
round-1-legacy,cast,legacy,67108876,33554438,33554438,43.105693,7.0867795000000005,7.193165799999999,38010880,0,38010880,legacy_whole,,,,,"[7.006391,7.280934,7.132792,7.099218,7.055605,7.08416,7.073569,7.074681,7.066746,7.094048,7.183418,7.099158,9.113429,7.173509,7.093988,7.101703,7.070373,7.129355,7.05257,7.070013,7.135277,7.098527,7.107183,7.107574,7.191704,7.06877,7.103176,7.064301,7.054372,7.084801,7.056156,7.022482,7.786659,7.098236,7.062919,7.110639,7.118234,7.082687,7.078028,7.08437,7.087215,7.067237,7.064933,7.098516,7.088749,7.084049,7.110399,7.095722,7.094489,7.032601,7.726434,7.081064,7.058511,7.112604,7.053241,7.09465,7.087957,7.109067,7.077236,7.083518,7.094199,7.083348,7.124846,7.118395,7.068369,7.086403,7.063139,7.078368,7.103857,7.116541,7.081184,7.091112,7.162318,7.093998,7.120248,7.072898,7.096603,7.08483,7.074401,7.085482,7.155034,7.077707,7.063861,7.086945,7.22094,7.057798,7.089339,7.083949,7.081986,7.086344,7.070152,7.113785,7.099929,7.065865,7.086614,7.093487,7.075492,7.097434,7.06922,7.073449]"
round-1-legacy,transpose,legacy,67108864,33554432,33554432,43.851553,7.149903999999999,7.2092131,37748736,0,37748736,legacy_whole,,,,,"[7.153692,7.142871,7.137351,7.251348,7.161737,7.149113,7.148682,7.154173,7.187816,7.145005,7.153161,7.151608,7.145586,7.196123,7.148221,7.155706,7.161346,7.179661,7.145777,7.213265,7.151738,7.158021,7.140156,7.139885,7.167738,7.149774,7.144354,7.145185,7.138042,7.19447,7.124906,7.168439,7.160194,7.14233,7.153481,7.15764,7.131609,7.154342,7.144764,7.143312,7.159883,7.138092,7.581457,7.154523,7.162949,7.134324,7.148241,7.132662,7.133232,7.182016,7.18431,7.14206,7.136409,7.13681,7.133924,7.209138,7.157278,7.165905,7.165264,7.135537,7.193357,7.146248,7.162158,7.140837,7.139444,7.138342,7.162468,7.14743,7.157008,7.149013,7.143011,7.183628,7.134805,7.136178,7.1422,7.165774,7.178759,7.150766,7.139935,7.141668,7.149774,7.151778,7.168019,7.134705,7.135277,7.148582,7.139575,7.211953,7.137441,7.159042,7.144184,7.150265,7.191013,7.140366,7.21064,7.150285,7.150034,7.140696,7.166395,7.151017]"
round-1-legacy,split,legacy,67108876,33554438,67108876,44.666866,7.32356,7.387830950000001,38010880,38010880,76021760,legacy_whole,,,,,"[7.360326,7.329467,7.298137,7.338584,7.304318,7.318255,7.313016,7.321442,7.313386,7.314769,7.318996,7.291645,7.31542,7.331972,7.299219,7.340868,7.338083,7.312524,7.563472,7.327823,7.322083,7.310691,7.302736,7.328074,7.505944,7.363812,7.323134,7.374312,7.379001,7.330589,7.332152,7.345968,7.330729,7.31571,7.362239,7.288698,7.292426,7.361488,7.308777,7.308266,7.340237,7.291074,7.298217,7.387076,7.324237,7.298427,7.348793,7.29982,7.296323,7.339105,7.32122,7.320309,7.349414,7.304959,7.307956,7.366116,7.308737,7.31064,7.367008,7.306943,7.303056,7.718969,7.292506,7.297365,7.335919,7.323986,7.313115,7.321301,7.327363,7.346329,7.37342,7.32617,7.307735,7.402175,7.312775,7.334366,7.36282,7.337141,7.319978,7.321451,7.340828,7.337662,7.341339,7.327352,7.307354,7.332853,7.290923,7.330458,7.360635,7.310951,7.331901,7.372979,7.338764,7.303146,7.346278,7.306362,7.307254,7.292877,7.45699,7.310921]"
round-2-candidate,small,torch,262156,131078,131078,0.648767,0.0771725,0.08161979999999999,0,0,0,,,,,,"[0.077838,0.077658,0.077608,0.077107,0.077528,0.077779,0.077278,0.071056,0.077227,0.076516,0.077538,0.076345,0.077878,0.075724,0.071647,0.077868,0.076716,0.07826,0.078129,0.077197,0.075514,0.071366,0.077147,0.078229,0.077318,0.077157,0.077388,0.084371,0.072829,0.076516,0.07831,0.077168,0.076556,0.076626,0.076105,0.070825,0.078209,0.077127,0.075454,0.077527,0.077177,0.076045,0.081475,0.079401,0.087417,0.076306,0.077739,0.076937,0.077297,0.072779,0.077358,0.077818,0.077508,0.077578,0.075023,0.077488,0.07342,0.085072,0.077187,0.078028,0.076867,0.075744,0.076877,0.076786,0.077919,0.077668,0.07864,0.076095,0.077307,0.076917,0.071827,0.077178,0.077017,0.078379,0.076486,0.086625,0.076396,0.069121,0.077157,0.076385,0.076796,0.076225,0.077007,0.074212,0.07845,0.080112,0.087828,0.077939,0.075975,0.076897,0.076656,0.073731,0.078169,0.076907,0.077638,0.078039,0.077047,0.077809,0.069663,0.077538]"
round-2-candidate,small,torch_pinned,262156,131078,131078,2.654261,0.053322,0.0565315,131078,0,0,,,,,,"[0.054093,0.05801,0.056978,0.053982,0.054965,0.052761,0.05223,0.05239,0.055697,0.054203,0.064132,0.05289,0.05244,0.054705,0.051818,0.054574,0.054925,0.053573,0.052039,0.054874,0.053021,0.05214,0.054554,0.053302,0.053382,0.053111,0.053032,0.05236,0.060034,0.054303,0.06299,0.053171,0.053672,0.053412,0.051879,0.051969,0.053943,0.055005,0.053943,0.05258,0.053041,0.05216,0.0525,0.054584,0.054584,0.053723,0.05249,0.052901,0.052951,0.051788,0.054113,0.053763,0.053292,0.05231,0.053252,0.052961,0.05272,0.055626,0.054745,0.05245,0.053392,0.052139,0.05249,0.052701,0.054524,0.054093,0.05239,0.054664,0.0527,0.05275,0.053813,0.056508,0.054944,0.052841,0.05242,0.051699,0.054334,0.051708,0.054594,0.053752,0.053361,0.053623,0.0525,0.05239,0.052711,0.055105,0.053722,0.054023,0.05243,0.053342,0.053271,0.05243,0.055155,0.053853,0.053062,0.05249,0.052981,0.054685,0.05235,0.054384]"
round-2-candidate,small,inductor,262156,131078,131078,0.308288,0.1687165,0.18310864999999998,0,0,0,,,,,2092.082923,"[0.21018,0.189512,0.17276,0.182338,0.177508,0.16796,0.164313,0.167679,0.166678,0.167961,0.174453,0.175255,0.164944,0.176015,0.167861,0.177308,0.180043,0.185724,0.169082,0.167779,0.165245,0.16797,0.179512,0.168892,0.172028,0.167971,0.175405,0.165416,0.16753,0.168791,0.170215,0.175063,0.180474,0.166167,0.164534,0.174002,0.166247,0.16767,0.177118,0.164563,0.164314,0.17322,0.169002,0.166187,0.16808,0.183029,0.169153,0.16752,0.163882,0.16769,0.167089,0.165706,0.174173,0.164423,0.165596,0.163482,0.167249,0.185033,0.16788,0.177599,0.166728,0.166317,0.170746,0.167169,0.169323,0.168031,0.17302,0.169944,0.169073,0.165556,0.168351,0.168992,0.168642,0.176196,0.176466,0.168351,0.163963,0.177659,0.176697,0.177859,0.175595,0.166137,0.165265,0.177909,0.181847,0.166929,0.169022,0.175144,0.171808,0.164954,0.163712,0.167198,0.167289,0.166127,0.179943,0.184622,0.164534,0.163562,0.169112,0.178089]"
round-2-candidate,small,whole,262156,131078,131078,1.696905,0.28689200000000004,0.2963665,131078,0,131078,whole_disabled,1,131078,1,,"[0.299211,0.292448,0.292167,0.286396,0.29887,0.287077,0.287318,0.295563,0.286767,0.287599,0.285074,0.288119,0.283811,0.291476,0.286426,0.285705,0.286777,0.284001,0.287869,0.292708,0.285244,0.296496,0.29371,0.29367,0.283411,0.288681,0.285725,0.292147,0.285565,0.287057,0.285585,0.281116,0.287218,0.29364,0.288089,0.287328,0.282399,0.284893,0.285514,0.296395,0.286436,0.286557,0.293219,0.291766,0.288981,0.281486,0.286887,0.286897,0.291606,0.286276,0.284943,0.284843,0.282078,0.291215,0.289642,0.285735,0.286386,0.284062,0.281728,0.283971,0.300072,0.287449,0.287859,0.293529,0.285735,0.285374,0.289772,0.293129,0.287759,0.285455,0.296365,0.291987,0.284953,0.280414,0.288911,0.284292,0.283431,0.284824,0.287037,0.2832,0.280916,0.291656,0.285154,0.286176,0.292627,0.294592,0.289061,0.282127,0.286777,0.296105,0.294702,0.284442,0.287808,0.282829,0.28357,0.291095,0.287889,0.285244,0.281707,0.28331]"
round-2-candidate,small,ring1,262156,131078,131078,1.154912,0.278396,0.2901655,131078,0,131078,whole_single_chunk,1,131078,1,,"[0.278681,0.287368,0.278381,0.277779,0.282248,0.284392,0.284733,0.280034,0.274774,0.277359,0.276247,0.285815,0.277159,0.276076,0.280595,0.285554,0.277439,0.278842,0.278512,0.273371,0.28334,0.274734,0.274193,0.273672,0.271568,0.289271,0.282248,0.27275,0.275596,0.270977,0.285394,0.28344,0.291566,0.285946,0.284072,0.276928,0.265756,0.275235,0.272179,0.290163,0.279894,0.280495,0.286456,0.275505,0.273331,0.276788,0.289973,0.282629,0.275435,0.274373,0.270876,0.281747,0.290213,0.27782,0.274654,0.278902,0.282078,0.274935,0.281988,0.281096,0.278982,0.275756,0.282558,0.274433,0.274263,0.27314,0.285544,0.290985,0.285394,0.272609,0.271407,0.275635,0.274273,0.271147,0.281046,0.276908,0.288911,0.286346,0.282448,0.277439,0.27763,0.279203,0.274023,0.281467,0.273471,0.274664,0.27816,0.274123,0.286827,0.281477,0.273381,0.278411,0.278791,0.284372,0.277028,0.291105,0.275495,0.27235,0.286657,0.292548]"
round-2-candidate,small,ring2,262156,131078,131078,1.050322,0.27571599999999996,0.28391705,131078,0,131078,whole_single_chunk,1,131078,1,,"[0.279814,0.277249,0.277369,0.283872,0.275265,0.276908,0.276277,0.284793,0.278701,0.275586,0.276287,0.274293,0.284773,0.278741,0.273752,0.274614,0.271277,0.270045,0.281026,0.274744,0.272831,0.273622,0.271818,0.269674,0.276747,0.27266,0.273602,0.277109,0.27802,0.272499,0.274564,0.270686,0.274383,0.28324,0.275094,0.273652,0.278421,0.272059,0.272409,0.281417,0.278581,0.276257,0.274253,0.281326,0.281346,0.273371,0.27793,0.277779,0.283631,0.273502,0.273632,0.271518,0.275967,0.2728,0.280224,0.291686,0.276077,0.273331,0.274985,0.27305,0.292428,0.278201,0.27808,0.270907,0.273732,0.27277,0.281587,0.271948,0.273682,0.276397,0.281617,0.282399,0.279693,0.271418,0.272149,0.279433,0.279202,0.265937,0.273251,0.270997,0.273552,0.278761,0.272049,0.274043,0.27242,0.280385,0.28281,0.273121,0.281828,0.275095,0.280846,0.27274,0.274032,0.286747,0.276357,0.278351,0.279353,0.279643,0.273562,0.275846]"
round-2-candidate,small,ring4,262156,131078,131078,0.990198,0.2804045,0.29240765,131078,0,131078,whole_single_chunk,1,131078,1,,"[0.269704,0.283541,0.281316,0.27781,0.278862,0.297327,0.280425,0.276757,0.289842,0.27805,0.275405,0.28804,0.274794,0.284262,0.280384,0.284403,0.281818,0.292047,0.27768,0.280475,0.285394,0.27796,0.278321,0.275826,0.275405,0.280145,0.286547,0.27796,0.278672,0.277199,0.275155,0.284913,0.276647,0.274123,0.278351,0.282118,0.278692,0.274934,0.276357,0.286316,0.278541,0.289772,0.276979,0.274213,0.27293,0.28317,0.283761,0.274924,0.284703,0.276548,0.276627,0.273842,0.29356,0.282699,0.275786,0.292347,0.289112,0.282568,0.281146,0.281577,0.281898,0.281797,0.295634,0.496877,0.285063,0.274122,0.279813,0.283049,0.291376,0.280274,0.283159,0.276056,0.275856,0.28345,0.281316,0.290945,0.276056,0.285494,0.289642,0.282609,0.276247,0.281286,0.267289,0.276848,0.282208,0.276688,0.285845,0.275756,0.291766,0.27804,0.285214,0.263933,0.263272,0.282568,0.283711,0.296756,0.277038,0.278752,0.282368,0.275505]"
round-2-candidate,cast,torch,67108876,33554438,33554438,13.428353,13.860616,14.21718345,0,0,0,,,,,,"[13.236147,13.121448,13.769343,13.772961,13.629597,13.946662,13.754966,13.645979,13.932384,13.510831,13.886637,14.215874,13.831742,13.621331,13.802346,13.870446,13.66287,14.062602,13.78331,14.018168,14.037654,13.948735,13.146064,13.727673,13.702225,13.149902,13.781426,14.180437,13.965577,13.583358,13.109495,13.20175,13.366996,13.125055,13.799541,13.6947,13.566406,13.799841,13.82031,14.246433,14.106565,14.338588,13.857641,14.024279,13.610109,13.988621,14.174114,13.969554,14.313029,13.928826,13.51638,13.722263,14.16135,13.36947,14.115001,14.117336,14.144447,13.875254,13.8675,13.758342,13.814208,13.892517,14.163443,14.188611,13.687676,13.733253,13.340264,13.966077,13.973241,14.060727,13.89386,13.94152,13.55841,13.875254,14.242063,13.957009,13.863591,13.914147,13.564501,13.949846,13.881837,14.125872,13.997797,13.788919,14.195754,13.961678,13.054889,13.345423,13.253999,13.415286,13.892526,13.404506,13.738493,13.895733,14.255969,13.783458,14.105342,13.905081,13.82094,13.853692]"
round-2-candidate,cast,torch_pinned,67108876,33554438,33554438,67.636191,6.526153,6.608999249999999,33554438,0,0,,,,,,"[6.557152,7.003463,6.999486,6.496536,6.502909,6.571569,6.500805,6.547794,6.590556,6.500544,6.527546,6.50327,6.522656,6.519791,6.499753,6.588402,6.570708,6.500263,6.523248,6.505213,6.528908,6.585786,6.611455,6.514491,6.496286,6.503018,6.523638,6.551171,6.505694,6.585767,6.524589,6.514621,6.580897,6.537674,6.515192,6.491517,6.587539,6.531873,6.502408,6.549578,6.499001,6.513468,6.518478,6.615864,6.500995,6.509652,6.514922,6.565197,6.526694,6.506244,6.614902,6.546592,6.536021,6.507026,6.54531,6.530531,6.54039,6.60887,6.536743,6.497518,6.522786,6.505202,6.557903,6.55621,6.606616,6.529228,6.500934,6.522245,6.529188,6.524599,6.528046,6.592409,6.552844,6.516494,6.505883,6.556009,6.508879,6.513328,6.581368,6.525612,6.571258,6.499952,6.543866,6.524509,6.549767,6.585836,6.521474,6.532304,6.595174,6.505583,6.522505,6.523587,6.584494,6.523166,6.600795,6.531733,6.508108,6.51425,6.496326,6.605313]"
round-2-candidate,cast,inductor,67108876,33554438,33554438,13.501543,14.1250865,14.56766315,0,0,0,,,,,109.134224,"[13.782459,13.775586,14.266571,14.175899,14.211867,14.292621,14.121906,14.135201,14.229641,14.530825,14.55969,14.200275,14.040701,14.032896,14.101236,14.29763,14.503393,14.351954,14.386961,14.045199,14.104322,14.12424,13.683099,13.584871,13.437691,14.028627,13.979213,13.96228,14.125933,14.348477,14.110974,13.557219,13.294477,13.640397,14.13495,14.268404,14.342175,14.095845,13.871477,14.086518,14.199562,13.97228,13.906103,14.255129,14.719153,14.17214,13.928255,14.105373,14.351342,14.152423,14.884569,14.304894,13.965637,13.298614,13.909499,14.074935,14.20848,14.167791,14.265508,13.941901,14.101104,13.920982,13.86756,14.053093,14.342355,14.781772,13.369009,14.194753,14.111975,14.126072,14.219911,14.253254,14.882564,14.259286,14.136542,13.905211,14.291928,14.292649,13.633953,14.373654,14.137102,14.034136,14.000392,14.144987,14.185445,14.192037,14.781771,13.713154,13.415357,14.204912,13.93644,13.352085,14.121904,14.132364,13.982197,14.202998,14.044696,13.958863,14.065296,14.39826]"
round-2-candidate,cast,whole,67108876,33554438,33554438,41.666374,6.9535725,7.11618525,38010880,0,38010880,whole_disabled,1,33554438,1,,"[7.305649,7.01736,6.941826,7.107461,6.990208,7.045864,6.940824,6.951915,6.963477,6.936585,7.074959,6.98133,6.942868,6.994306,6.968847,6.983555,6.989176,7.115546,7.283256,6.951114,6.927207,6.984737,6.926125,7.009204,7.128531,6.944491,6.916177,6.945572,6.906859,6.908352,6.933569,7.101109,6.944711,6.924873,6.913922,6.925554,6.92349,6.917669,7.109575,6.971752,6.967254,6.931405,6.953557,6.936786,6.932648,7.098985,6.926456,6.950702,6.936525,6.948297,6.930614,6.920945,7.086531,6.935884,6.962524,6.946434,7.008031,6.961142,6.920835,7.128331,6.937036,6.930524,6.965781,6.969869,6.97601,7.00227,7.115426,6.940312,6.951123,6.934501,6.994345,6.935894,6.954709,7.149981,6.955631,6.926596,7.010085,6.926065,6.993604,6.953588,7.073376,6.938579,6.975148,6.963155,6.947315,6.943598,6.963587,7.102581,6.981541,6.964108,6.990126,6.925413,6.903772,6.93382,7.087112,6.941835,7.013321,6.952274,6.970109,6.921475]"
round-2-candidate,cast,ring1,67108876,33554438,33554438,7.059841,6.305452000000001,6.576095349999999,1310720,0,1310720,chunked,33,1048576,1,,"[6.814233,6.450599,6.572301,6.37215,6.438877,6.286296,6.256549,6.255828,6.21529,6.526724,6.575898,6.347182,6.108086,6.308438,6.193679,14.164156,6.163832,6.074873,6.307376,6.242963,6.111703,6.098658,6.166648,6.218506,6.129517,6.506094,6.542374,6.264754,6.304711,6.254054,6.326021,6.364775,6.307415,6.150927,6.143834,6.064472,6.122523,6.273601,6.121861,6.318867,6.087185,6.185874,6.252511,6.168281,6.229077,6.144906,6.319369,6.197816,6.273701,6.123825,6.13645,6.101433,6.082577,6.566079,6.369724,6.390254,6.385163,6.331412,6.28858,6.386988,6.624991,6.396625,6.379353,6.285924,15.965579,6.399811,6.398499,6.56127,6.330199,6.369644,6.33576,6.343514,6.501586,6.337663,6.512857,6.236039,6.338635,6.348313,6.414079,6.297576,6.382418,6.487127,6.392357,6.466499,6.306193,6.343534,6.309189,6.36723,6.579845,6.300582,6.213806,6.198708,6.171817,6.166196,6.139404,6.304359,6.295412,6.109237,6.049413,6.135036]"
round-2-candidate,cast,ring2,67108876,33554438,33554438,9.316133,4.467087,4.672572300000001,2621440,0,2621440,chunked,33,1048576,2,,"[4.836832,4.580864,4.493939,4.500802,4.486414,4.701073,4.557359,4.561057,4.542611,4.489159,4.498327,4.572618,4.654033,4.538273,4.466496,4.62583,4.424837,4.432661,4.512844,4.73606,4.481835,4.640197,4.582307,4.516071,4.51617,4.268459,4.456718,4.301662,4.291352,4.429726,4.338172,4.282345,4.350595,4.546408,4.278207,4.311941,4.273037,4.363249,4.347148,4.276694,4.551428,4.315267,4.401532,4.283818,4.273457,4.341698,4.312953,4.473869,4.302824,4.270993,4.299087,4.314225,4.285481,4.313975,4.509848,4.317562,4.314636,4.312482,4.315909,4.317832,4.284118,4.642351,4.521511,4.546689,4.53704,4.433743,4.409467,4.51073,4.675504,4.467678,4.461546,4.404658,4.500661,4.518164,4.491192,4.672418,4.543503,4.481805,4.495471,4.477577,4.568671,4.522372,4.721332,4.520468,4.487596,4.454202,4.510529,4.536279,4.438973,4.659573,4.399228,4.350064,4.366785,4.284538,4.359972,4.347669,4.478969,4.334874,4.402955,4.289999]"
round-2-candidate,cast,ring4,67108876,33554438,33554438,14.052633,4.7713815,4.96080955,5242880,0,5242880,chunked,33,1048576,4,,"[14.058845,4.816694,4.778531,4.76743,4.784032,4.710291,4.967571,4.773992,4.766999,4.809289,5.23439,4.706023,4.605822,4.961219,4.811083,4.731221,4.772239,4.705362,4.691224,4.801615,4.928447,4.766939,4.744125,4.820341,4.785584,4.735929,4.553432,4.738274,4.470464,4.558311,4.53684,4.490922,4.478398,4.470163,4.667849,4.503176,4.501202,4.504579,4.545938,4.459933,4.478588,4.949667,4.903549,4.747782,4.731952,4.702656,4.766557,4.769604,4.860887,4.837323,4.813648,4.805001,4.795253,4.653201,4.772238,4.917355,4.831461,4.711273,4.774653,4.759986,4.783129,4.758242,4.922084,4.896946,4.822654,4.84631,4.79894,4.64675,4.707615,4.862791,4.854535,4.645367,4.999352,4.805592,4.675785,4.748493,4.94621,4.866348,4.829267,4.776356,4.897587,4.821262,4.816993,4.960788,4.823746,4.780184,4.906274,4.809219,4.770525,4.844346,4.947252,4.446026,4.49508,4.513385,4.423874,4.553291,4.533633,4.697466,4.477717,4.589199]"
round-2-candidate,transpose,torch,67108864,33554432,33554432,23.199119,23.3788345,23.9386255,0,0,0,,,,,,"[23.208477,22.884599,23.389332,23.229015,23.467771,23.345849,23.66154,23.455588,23.052539,23.130337,23.516794,23.630791,23.461458,22.270849,23.621894,23.292907,23.19475,23.379392,23.287747,23.534007,23.47811,23.359534,23.216721,23.128062,23.690255,23.241719,23.318445,23.45225,23.477078,22.986473,23.044563,21.895081,22.312737,23.708158,26.740149,23.430148,23.014095,23.380393,23.586276,23.249994,24.151192,23.646741,23.549866,23.16919,22.86469,23.374561,23.397875,23.650558,24.046342,23.884444,23.228614,23.043741,23.656338,23.665345,23.555636,23.657871,23.48962,23.007631,23.018001,22.512948,22.490435,23.685975,24.083182,23.724037,23.074328,23.083065,23.592296,24.018188,23.375753,23.788349,23.934438,23.157597,23.257177,23.755466,23.844627,23.666437,23.630388,23.380582,22.955491,23.073036,23.520659,21.941428,22.0159,23.229504,23.347188,23.378277,23.084367,23.554793,23.44265,23.703978,23.588989,23.459672,23.227058,23.03909,23.62119,23.181912,23.276262,23.283145,23.310137,23.150753]"
round-2-candidate,transpose,torch_pinned,67108864,33554432,33554432,37.11518,6.69562,6.80311855,33554432,0,0,,,,,,"[6.641512,6.814362,6.671138,6.707848,6.692379,6.691918,6.816205,6.643165,6.798832,6.683673,6.696226,6.71941,6.679865,6.668703,6.669285,6.802819,6.727696,6.718248,6.684464,6.676308,6.679714,6.660278,6.7774,6.680586,6.702558,6.69328,6.663754,6.673312,6.680977,6.768814,6.703489,6.706977,6.725943,6.693861,6.7088,6.646711,6.802699,6.713368,6.735541,6.687549,6.679894,6.695014,6.653584,6.748655,6.672481,6.748055,6.775406,6.689332,6.691207,6.638035,6.75058,6.671117,6.728357,6.738967,6.731363,6.662712,6.656029,6.774364,6.692339,6.684122,6.700063,6.828187,6.727495,6.648174,6.774755,6.697007,6.741522,6.705724,6.742093,6.692318,6.67719,6.771429,6.707387,6.677069,6.680095,6.8033,6.70894,6.689462,6.834469,6.675485,6.706084,6.684512,6.687929,6.758584,6.666308,6.771719,6.73582,6.679253,6.672691,6.681146,6.667039,6.722756,6.771769,6.711284,6.803109,6.715212,6.680676,6.690725,6.644576,6.794944]"
round-2-candidate,transpose,inductor,67108864,33554432,33554432,13.766065,14.391470000000002,14.87027645,0,0,0,,,,,144.372425,"[14.15156,14.27743,14.625854,14.369485,14.319089,14.176287,14.70245,14.326754,14.746233,15.073888,14.176366,14.641002,14.427406,13.618333,14.364626,14.498941,14.535321,14.564086,14.474355,14.325951,14.297567,14.196775,14.234848,14.66066,14.406625,14.380786,14.276077,14.312396,14.416233,14.507057,14.468002,13.656164,14.404772,14.33052,14.585176,14.243905,14.728298,14.448545,14.338064,14.48285,14.602649,14.899184,14.257851,14.38347,14.695946,14.305081,14.621064,14.968636,14.144896,14.154124,14.221563,14.845352,14.282568,15.009954,14.154293,14.169633,14.444347,14.769667,14.773785,14.292587,14.262229,14.225339,14.30979,14.107815,14.599322,14.75034,14.186775,14.372249,14.214959,14.148211,14.39947,14.65634,14.405211,14.868755,14.627786,14.491867,14.33645,14.176526,14.801738,14.66694,14.140176,13.901952,14.251599,14.458403,14.151628,17.024745,14.578853,14.549376,14.578622,14.310832,14.270394,14.457941,14.54665,14.680536,14.229566,14.380393,14.323034,14.462891,14.465276,14.235868]"
round-2-candidate,transpose,whole,67108864,33554432,33554432,42.936658,7.100847,7.22009275,37748736,0,37748736,whole_disabled,1,33554432,1,,"[7.053989,7.061663,7.040703,7.17561,7.057695,7.063546,7.553611,7.098723,7.048168,7.03949,7.157516,7.091951,7.066682,7.099825,7.085869,7.098163,7.056183,7.151344,7.087522,7.12845,7.11777,7.094385,7.092942,7.114002,7.161203,7.068516,7.110996,7.115295,7.185459,7.058126,7.113982,7.173365,7.092602,7.118911,7.313913,7.052515,7.208843,7.05503,7.192121,7.086329,7.255492,7.13382,7.098463,7.051372,7.114053,7.168737,7.152165,7.115485,7.093303,7.05507,7.067554,7.099765,7.232248,7.135413,7.094094,7.079657,7.109633,7.065299,7.036134,7.219453,7.104674,7.110074,7.092902,7.10749,7.057574,7.080358,7.161463,7.132928,7.078294,7.101869,7.105455,7.103121,7.152766,7.147065,7.094094,7.090146,7.073995,7.073405,7.071811,7.095527,7.440374,7.170109,7.120444,7.138007,7.053205,7.089555,7.058616,7.182683,7.107971,7.120324,7.11283,7.10264,7.078694,7.065299,7.174677,7.188624,7.11294,7.093552,7.122177,7.078895]"
round-2-candidate,transpose,ring1,67108864,33554432,33554432,7.992778,7.1796025,7.36596225,1310720,0,1310720,chunked,32,1048576,1,,"[7.198153,7.083114,7.1859,7.164779,7.318382,7.108402,7.252787,7.146153,7.151504,7.140513,7.137988,7.64228,7.25393,7.19122,7.168306,7.119492,7.136726,7.138259,7.25442,7.154499,7.151244,7.154149,7.221067,7.245924,7.191791,7.363748,7.190698,7.166061,7.227458,7.200979,7.179538,7.236396,7.297863,7.151885,7.216027,7.408033,7.222159,7.191119,7.217409,7.281532,7.11806,7.100126,7.188945,7.13404,7.14481,7.126486,7.290379,7.154238,7.122508,7.182803,7.196439,7.189657,7.185759,7.241044,7.116106,7.138128,7.163216,7.226486,14.543265,7.11786,7.272584,7.205326,7.138719,7.136375,7.158807,7.158647,7.145743,7.351324,7.104444,7.243629,7.184146,7.155141,7.167674,7.094104,7.454561,7.174006,7.192772,7.112279,7.264128,7.186871,7.160811,7.412581,7.15533,7.212049,7.154128,7.243579,7.179667,7.164929,7.250532,7.079386,7.213091,7.18149,7.040562,7.165861,7.143468,7.327228,7.162304,7.028248,7.153637,7.207049]"
round-2-candidate,transpose,ring2,67108864,33554432,33554432,10.937492,5.281283,5.436941849999999,2621440,0,2621440,chunked,32,1048576,2,,"[5.262593,5.188321,5.340392,5.285586,5.241994,5.415946,5.363516,5.280667,5.220533,5.22997,5.159136,5.298711,5.278764,5.251322,5.358025,5.260539,5.298141,5.256321,5.195635,5.370799,5.37622,5.176559,5.347164,5.153876,5.200875,5.252875,5.572243,5.142584,5.267082,5.314061,5.329791,5.341724,5.31367,5.270397,5.232966,5.178933,5.238326,5.345892,5.403832,5.271529,5.356081,5.181488,5.488593,5.238907,5.333037,5.207958,5.290897,5.485348,5.291357,5.194734,5.387331,5.212857,5.22966,5.30305,5.435973,5.242765,5.210182,5.346823,5.281609,5.291698,5.180085,5.400706,5.22444,5.358796,5.111074,5.251962,5.259296,5.319732,5.280957,5.386248,5.187018,5.309582,5.268163,5.211576,5.249808,5.279585,5.266289,5.28753,5.35049,5.164245,5.291307,5.502048,5.45535,5.178222,5.33969,5.335842,5.293551,5.305855,5.322787,5.342684,5.234128,5.166039,5.244709,5.286709,5.3509,5.228728,5.323689,5.344128,5.255198,5.315413]"
round-2-candidate,transpose,ring4,67108864,33554432,33554432,15.336098,5.8371224999999995,6.00919985,5242880,0,5242880,chunked,32,1048576,4,,"[5.955363,5.818032,5.762867,5.857748,5.625905,5.868578,5.672074,5.988708,5.861414,6.135758,5.759951,5.983046,5.806711,5.87995,6.033593,5.811299,5.874669,5.568766,5.845364,5.90064,5.80136,5.873648,5.868298,5.868298,5.915527,5.679347,5.793365,5.873237,5.80145,5.982495,5.818733,5.849311,5.904597,5.799566,5.904397,5.874961,5.794718,5.73811,5.756774,5.946547,5.817741,5.807101,5.892804,6.026729,5.791642,5.551253,6.167758,5.841446,5.873577,5.94863,5.753188,5.771974,5.692973,5.841887,5.725304,5.951316,5.837779,5.814104,5.747077,5.81226,5.947438,5.743058,6.022782,5.814284,5.604214,5.837288,5.580459,5.967857,5.656604,5.81208,5.815266,5.981693,5.776402,5.792333,5.825926,5.721326,5.849882,5.858959,5.913473,5.760822,5.777874,5.915157,5.956505,5.745383,5.853489,5.805497,5.64944,5.740603,5.863999,5.882354,5.777294,5.747046,5.73857,5.886993,5.8856,6.008485,5.794446,5.836957,5.879228,5.926759]"
round-2-candidate,split,torch,67108876,33554438,67108876,35.730564,13.947216000000001,14.573813249999999,0,0,0,,,,,,"[13.704666,13.74917,13.814525,14.029855,13.912031,14.346769,13.802331,14.261867,13.95399,13.914565,14.155184,13.827029,14.157348,13.975982,14.168569,13.754751,13.808573,14.094868,14.066515,13.845703,14.349494,13.995269,13.903614,13.931417,13.779877,13.700306,14.11695,13.73349,14.133471,14.03309,13.859229,14.437631,13.790918,13.696619,14.299699,13.922218,13.94896,13.721045,13.854509,13.87615,13.924222,14.270633,14.040715,13.734511,13.909945,13.86044,14.12228,14.125706,13.842797,14.541279,14.070461,13.954569,13.787561,13.982763,13.822268,14.571335,13.984937,13.850001,13.788804,13.950271,14.6209,13.853527,13.631914,14.63671,13.917579,13.994415,14.120847,14.068787,13.579775,14.319895,13.979246,13.847996,13.890247,14.239032,13.783533,14.398436,13.742094,13.966171,13.820474,14.173235,13.858395,14.740136,13.881088,14.815991,13.838408,14.00771,14.046704,14.397594,13.899433,13.738788,16.462048,13.945472,13.861051,13.679674,13.719841,14.036886,13.851672,14.057184,14.109104,14.423462]"
round-2-candidate,split,torch_pinned,67108876,33554438,67108876,6.834689,6.76745,6.935829600000001,33554438,0,0,,,,,,"[6.782089,6.957954,6.75169,6.762011,6.794843,6.781969,6.785185,6.78839,6.932576,6.758062,6.753995,6.759395,6.760147,6.75688,6.761209,6.936753,6.786978,6.755337,6.741,6.786747,6.766809,6.776298,6.907146,6.7515,6.775546,6.760978,6.742172,6.764023,6.763102,6.926764,6.750188,6.769464,6.765927,6.779714,6.779182,6.743284,6.935781,6.789973,6.730891,6.744897,6.739457,6.732243,6.760497,6.921123,6.760667,6.801656,6.797528,6.742182,6.747402,6.740969,6.93015,6.733766,6.734026,6.742232,6.801334,6.786516,6.734147,6.925692,6.759194,6.776026,6.742943,6.768672,6.729066,6.785635,6.907106,6.768091,6.737894,6.728195,6.749255,6.749927,6.747201,6.939638,6.750868,6.785694,6.738274,6.774704,6.779573,6.727894,6.9146,6.770475,6.789632,6.784251,6.764554,6.777078,6.774332,6.939698,6.744225,6.785965,6.745057,6.780164,6.832033,6.785744,6.950097,6.754344,6.73116,6.739226,6.81536,6.765696,6.769083,6.926723]"
round-2-candidate,split,inductor,67108876,33554438,67108876,14.086934,14.308268,14.680641099999999,0,0,0,,,,,81.790249,"[14.67236,14.679022,14.272859,14.439456,14.107363,14.220949,14.346278,14.554244,14.341629,14.711404,14.248582,14.259242,14.658223,14.25811,14.150915,14.030235,14.53606,14.411041,14.251147,14.234084,14.337582,14.351999,14.219085,14.980457,14.318605,14.374481,14.094217,14.448763,14.222291,15.038527,14.21663,14.112612,14.23762,14.182285,14.280412,14.214476,14.037518,14.908379,14.309517,14.314106,14.291743,14.233562,14.327962,14.339104,14.451978,14.385852,14.22188,14.188386,14.29541,14.150062,14.046254,14.522383,14.071503,14.37429,14.239894,14.238511,14.132689,14.586725,14.480792,14.22773,14.153289,14.226619,14.499679,14.236858,14.404507,14.343191,14.359922,14.286432,14.366103,14.318453,14.174648,14.002731,14.649043,14.184017,14.632722,14.363519,14.412482,14.298554,14.20695,14.308654,14.130725,14.190889,14.374319,14.265672,14.199766,14.661075,14.525056,14.231686,14.346817,14.307882,14.377245,14.414205,14.482124,15.005712,14.244351,14.570052,14.20233,14.353689,14.29109,14.470171]"
round-2-candidate,split,whole,67108876,33554438,67108876,43.930396,7.2038275,7.38196935,38010880,38010880,76021760,whole_disabled,1,33554438,1,,"[7.603935,7.179376,7.188714,7.456244,7.331526,7.229852,7.70594,7.240392,7.213551,7.237076,7.351143,7.217409,7.292702,7.172312,7.170459,7.19733,7.194004,7.380078,7.187,7.184215,7.189205,7.168054,7.183524,7.177182,7.352636,7.210104,7.195426,7.18159,7.204163,7.243308,7.205997,7.340222,7.345332,7.198622,7.173585,7.166201,7.187071,7.238969,7.325755,7.148566,7.180718,7.215725,7.184956,7.203492,7.204624,7.498905,7.209222,7.224732,7.198211,7.194654,7.182031,7.34423,7.325504,7.186789,7.17121,7.17664,7.172892,7.185026,7.21363,7.385548,7.190806,7.240231,7.238939,7.212518,7.207047,7.198241,7.370839,7.210374,7.200515,7.181178,7.163965,7.174907,7.200655,7.356773,7.193211,7.181629,7.223208,7.174765,7.19238,7.167773,7.335792,7.201818,7.185968,7.218349,7.187911,7.183372,7.266741,7.358796,7.232656,7.232055,7.381781,7.220993,7.252755,7.28182,7.370689,7.200675,7.197358,7.22937,7.202819,7.173473]"
round-2-candidate,split,ring1,67108876,33554438,67108876,7.465712,6.4114505,6.6156158,1310720,38010880,39321600,chunked,33,1048576,1,,"[6.997419,6.653213,6.43121,6.361958,6.535219,6.387807,6.530859,6.398237,6.443954,6.39463,6.409088,6.613637,6.398467,6.385443,6.362378,6.332,6.412093,6.409388,6.522283,6.394159,6.611803,6.371185,6.432692,6.461488,6.419618,6.600783,6.52624,6.359703,6.395592,6.376145,6.498748,6.425088,6.655978,6.365234,6.389821,6.382837,6.378409,6.375233,6.408045,6.732824,6.470494,6.460445,6.44711,6.448482,6.36894,6.343482,6.569192,6.398477,6.357729,6.370263,6.347921,6.465935,6.310119,6.568751,6.365594,6.375342,6.427282,6.320908,6.508416,6.486354,6.576386,6.397916,6.416852,6.471446,6.449063,6.345536,6.39004,6.533804,6.410118,6.361256,6.37415,6.476034,6.383879,6.376244,6.527722,6.341318,6.411551,6.441468,6.352709,6.37942,6.42176,6.692547,6.430567,6.482587,6.375783,6.411531,6.435006,6.367407,6.499659,6.419767,6.486013,6.373438,6.373038,6.41137,6.366505,6.544184,6.344022,6.451918,6.422472,6.359672]"
round-2-candidate,split,ring2,67108876,33554438,67108876,10.099222,4.582935,4.80775455,2621440,38010880,40632320,chunked,33,1048576,2,,"[4.917895,4.510228,4.622011,4.65851,4.694799,4.751498,4.637791,4.654543,4.712784,4.574721,4.576935,4.530456,5.099601,4.589058,4.720399,4.577737,4.552097,4.644794,4.945617,4.789891,4.629104,4.543592,4.545595,4.537369,4.61102,4.572817,4.765454,4.610519,4.700981,4.626479,4.545014,4.489178,4.561966,4.818025,4.607694,4.579881,4.521159,4.807214,4.602593,4.54828,4.778269,4.564451,4.596693,4.595861,4.605569,4.635696,4.54839,4.739204,4.557497,4.539083,4.581082,4.598025,4.590991,4.571715,4.730597,4.555985,4.543411,4.56411,4.561515,4.557307,4.554382,4.755494,4.569971,4.555543,4.576213,4.539613,4.57478,4.559931,4.783168,4.55401,4.585822,4.566414,4.543731,4.549662,4.544493,4.705079,4.55886,4.549522,4.535095,4.603625,4.532579,4.668989,4.694949,4.644853,4.584578,5.627426,4.587485,4.57966,4.551796,4.706791,4.617552,4.581292,4.563178,4.590651,4.589528,4.541546,4.796071,4.569199,4.558068,4.75823]"
round-2-candidate,split,ring4,67108876,33554438,67108876,14.286435,4.843868,5.16020605,5242880,38010880,43253760,chunked,33,1048576,4,,"[5.336663,4.989191,5.073111,5.055948,5.274184,4.944345,5.150739,5.160758,5.100072,5.117265,5.0047,4.990684,5.138125,5.160177,4.962459,5.011513,4.887056,4.970886,5.007255,5.056008,5.136191,4.890893,5.025199,5.132895,5.194172,4.968151,4.776486,5.115291,4.730538,4.754683,4.748682,4.711862,4.76309,4.980194,4.901043,4.74228,5.058192,4.711701,4.713645,4.760374,4.75281,4.918967,5.02579,4.75329,4.834145,4.861868,4.756818,4.82111,4.895772,4.851268,4.750405,4.737351,4.811111,4.844986,4.809227,4.874382,4.879001,4.804639,4.715218,4.682596,4.788839,4.698096,4.930228,4.751006,4.744874,4.84772,4.719266,4.780873,4.991444,4.890472,4.759042,4.729064,4.736549,4.742029,4.728062,4.722892,4.87406,4.973991,4.833052,4.84275,4.746878,4.822152,4.692725,5.16242,4.727831,5.111964,4.753691,4.751467,4.878078,4.745195,5.045517,4.830958,4.824897,4.887606,4.739654,4.711259,4.81654,4.918535,4.70077,4.736618]"
round-2-legacy,small,legacy,262156,131078,131078,4.845229,0.2993105,0.31561055000000005,131078,0,131078,legacy_whole,,,,,"[0.302567,0.315792,0.317696,0.300222,0.30402,0.305763,0.301535,0.300342,0.306936,0.301224,0.305052,0.328066,0.301285,0.323316,0.304872,0.301956,0.30944,0.307657,0.298469,0.300483,0.296907,0.306414,0.340439,0.295083,0.315601,0.296806,0.299401,0.297007,0.297256,0.303388,0.29889,0.296505,0.30384,0.303139,0.30936,0.296426,0.29885,0.301655,0.298259,0.298099,0.295623,0.298179,0.30421,0.297577,0.298109,0.295834,0.298469,0.30402,0.306114,0.297337,0.303979,0.29922,0.296485,0.296505,0.297507,0.310332,0.297728,0.296586,0.30404,0.295433,0.305923,0.297107,0.294441,0.311965,0.306043,0.300052,0.297547,0.296145,0.304901,0.296495,0.298359,0.302947,0.298179,0.306906,0.296816,0.29865,0.30389,0.297788,0.299191,0.295063,0.297698,0.305483,0.29888,0.297167,0.305041,0.29884,0.304992,0.298158,0.296565,0.308108,0.29888,0.296876,0.306715,0.297427,0.306835,0.296856,0.298088,0.305072,0.296506,0.30411]"
round-2-legacy,cast,legacy,67108876,33554438,33554438,42.998611,7.082705499999999,7.14567865,38010880,0,38010880,legacy_whole,,,,,"[7.019084,7.081994,7.092835,7.078307,7.103495,7.138853,7.080341,7.081794,7.077847,7.075051,7.097433,7.099828,7.163129,7.086392,7.100529,7.083447,7.089278,7.089508,7.088787,7.083106,7.075462,7.083908,7.088036,7.077084,7.078898,7.166586,7.079178,7.089108,7.086583,7.097483,7.069891,7.086032,7.053069,7.088547,7.061495,7.12169,7.084199,7.101491,7.665767,7.080341,7.066244,7.061214,7.075953,7.077776,7.10064,7.070281,7.082305,7.057177,7.078127,7.045845,7.1011,7.091252,7.105458,7.147268,7.069881,7.08507,7.094248,7.071124,7.069029,7.095239,7.114987,7.06926,7.077987,7.092414,7.077665,7.062637,7.071665,7.092293,7.089649,7.09043,7.077235,7.078417,7.077255,7.01166,7.070552,7.072927,7.076784,7.145595,7.077766,7.099949,7.072296,7.086323,7.043892,7.065713,7.078728,7.1165,7.097454,7.104447,7.066254,7.096251,7.671658,7.079229,7.086643,7.11096,7.067958,7.066444,7.065823,7.088066,7.085701,7.044753]"
round-2-legacy,transpose,legacy,67108864,33554432,33554432,44.072107,7.1466475,7.20300925,37748736,0,37748736,legacy_whole,,,,,"[7.129865,7.136638,7.125426,7.174841,7.239825,7.162307,7.15341,7.12209,7.16879,7.143992,7.155695,7.142269,7.12697,7.153831,7.116229,7.128833,7.169311,7.814811,7.135386,7.147379,7.151747,7.145835,7.165994,7.142329,7.160112,7.134534,7.118253,7.12713,7.140846,7.164942,7.158189,7.114165,7.137049,7.125427,7.133111,7.167978,7.145916,7.140756,7.110499,7.14845,7.154842,7.210709,7.154112,7.150705,7.202604,7.156887,7.139233,7.186072,7.15857,7.133983,7.13205,7.167286,7.184299,7.144904,7.194168,7.158149,7.161325,7.162467,7.640849,7.149633,7.155444,7.157628,7.149102,7.13752,7.142749,7.136578,7.171104,7.13791,7.138953,7.154102,7.145685,7.127351,7.127822,7.1534,7.172847,7.142389,7.133512,7.114887,7.126458,7.128874,7.223073,7.120968,7.139674,7.141938,7.121549,7.13248,7.160683,7.162808,7.154512,7.150524,7.130586,7.127761,7.143651,7.177797,7.169751,7.139423,7.151055,7.14335,7.196071,7.177977]"
round-2-legacy,split,legacy,67108876,33554438,67108876,44.600703,7.307389,7.35166755,38010880,38010880,76021760,legacy_whole,,,,,"[7.302304,7.317473,7.293808,7.307294,7.371546,7.335788,7.32119,7.296022,7.293888,7.333283,7.431019,7.318514,7.30019,7.300089,7.310419,7.309858,7.304017,7.301122,7.321461,7.333503,7.295902,7.31105,7.30575,7.306682,7.296673,7.309187,7.298636,7.307673,7.298286,7.298105,7.317693,7.322713,7.299709,7.285101,7.27953,7.295912,7.30043,7.285742,7.286534,7.338362,7.30037,7.317001,7.286333,7.307484,7.296523,7.309457,7.351868,7.472618,7.296642,7.31073,7.28512,7.317643,7.307113,7.308886,7.275002,7.305118,7.333283,7.282867,7.299208,7.297335,7.281023,7.295591,7.309968,7.301021,7.332962,7.311551,7.315889,7.291021,7.348521,7.322592,7.323194,7.33198,7.311771,7.304708,7.282115,7.286653,7.341137,7.293006,7.334064,7.334204,7.350456,7.328974,7.327351,7.340947,7.332291,7.482197,7.325818,7.320729,7.303035,7.297284,7.295551,7.285812,7.301482,7.350957,7.286824,7.315448,7.296091,7.304438,7.351657,7.333553]"
sweep-0,cast,whole,67108876,33554438,33554438,44.527788,6.955906000000001,7.1491131999999995,38010880,0,38010880,whole_disabled,1,33554438,1,,"[7.091503,6.952599,6.922322,6.914007,7.095592,6.971165,6.941459,6.928253,7.214528,7.003206,6.934205,6.959213]"
sweep-0,cast,ring1,67108876,33554438,33554438,12.248647,8.8455665,9.39555305,262144,0,262144,chunked,129,262144,1,,"[8.937917,9.315215,8.693672,8.831835,8.800065,8.859298,8.732737,9.493744,9.036304,8.906287,8.779606,8.736123]"
sweep-0,cast,ring2,67108876,33554438,33554438,7.712405,6.780011,7.0532129,524288,0,524288,chunked,129,262144,2,,"[7.091483,6.73181,6.860254,6.772577,6.753811,7.021901,6.810189,6.745686,6.707093,6.714827,6.837791,6.787445]"
sweep-0,cast,ring4,67108876,33554438,33554438,7.561749,6.3841925,6.8219543,1048576,0,1048576,chunked,129,262144,4,,"[6.684078,6.262466,6.365412,6.811661,6.646467,6.402973,6.248069,6.834535,6.2168,6.26434,6.252588,6.799859]"
sweep-1,cast,whole,67108876,33554438,33554438,43.61968,6.973184,7.3564229,38010880,0,38010880,whole_disabled,1,33554438,1,,"[7.050185,6.954012,6.924156,6.91628,7.083809,6.932741,7.00552,6.939174,7.129055,6.92139,6.992356,7.634317]"
sweep-1,cast,ring1,67108876,33554438,33554438,9.282483,6.28803,6.6364895,1310720,0,1310720,chunked,33,1048576,1,,"[6.345213,6.740786,6.211409,6.262366,6.188366,6.485591,6.293726,6.162526,6.282334,6.551156,6.282154,6.418773]"
sweep-1,cast,ring2,67108876,33554438,33554438,9.586381,4.546461,4.8191853,2621440,0,2621440,chunked,33,1048576,2,,"[4.915564,4.502868,4.74033,4.623588,4.387449,4.562081,4.697328,4.530841,4.363272,4.458473,4.594162,4.355338]"
sweep-1,cast,ring4,67108876,33554438,33554438,14.136539,4.7186435,5.0198667,5242880,0,5242880,chunked,33,1048576,4,,"[5.142806,4.664525,4.657713,4.91928,4.737355,4.724009,4.623648,4.876228,4.69878,4.713278,4.595375,4.871941]"
sweep-10,cast,whole,67108876,33554438,33554438,11.691988,7.7527925,8.0941765,38010880,0,38010880,whole_disabled,1,33554438,1,,"[7.89342,7.74648,7.6934,7.747402,7.918969,7.757181,7.726743,7.713808,7.845188,7.796836,7.748404,8.308319]"
sweep-10,cast,ring1,67108876,33554438,33554438,9.174457,8.2910055,8.649390949999999,1310720,0,1310720,chunked,33,1048576,1,,"[8.095585,8.669747,8.235691,8.207778,8.220062,8.440732,8.263413,8.318598,8.33489,8.486509,8.215042,8.632736]"
sweep-10,cast,ring2,67108876,33554438,33554438,7.391575,6.630987,6.9224472,2621440,0,2621440,chunked,33,1048576,2,,"[6.976114,6.514125,6.723103,6.627741,6.535977,6.591392,6.716761,6.545996,6.556035,6.634233,6.878538,6.732251]"
sweep-10,cast,ring4,67108876,33554438,33554438,9.600959,8.326267999999999,10.0083937,5242880,0,5242880,chunked,33,1048576,4,,"[8.675608,8.298881,8.323418,8.480197,8.280617,8.275506,8.275898,8.471861,8.290005,8.343316,8.329118,11.637354]"
sweep-10,transpose,whole,67108864,33554432,33554432,12.072041,7.926533,8.24945365,37748736,0,37748736,whole_disabled,1,33554432,1,,"[7.960818,7.870336,7.934969,8.427817,7.954155,8.10352,8.009461,7.911935,7.916053,7.918097,7.90939,7.868513]"
sweep-10,transpose,ring1,67108864,33554432,33554432,9.462826,9.174512499999999,9.40208285,1310720,0,1310720,chunked,32,1048576,1,,"[9.209394,9.166362,9.30157,9.365852,9.121346,9.182663,9.125053,9.159058,9.055922,9.446365,9.23899,9.136375]"
sweep-10,transpose,ring2,67108864,33554432,33554432,7.443724,7.0892845,7.22859395,2621440,0,2621440,chunked,32,1048576,2,,"[6.886324,6.911321,7.021691,7.087426,6.973569,6.929605,7.260456,7.091143,7.197816,7.144806,7.202525,7.092075]"
sweep-10,transpose,ring4,67108864,33554432,33554432,10.176184,9.2288605,9.4756113,5242880,0,5242880,chunked,32,1048576,4,,"[8.973926,8.968736,9.235364,9.268726,9.624383,9.353889,9.226987,9.144891,9.18619,9.215355,9.309714,9.230734]"
sweep-11,cast,whole,67108876,33554438,33554438,43.904062,6.974737,7.921260199999998,38010880,0,38010880,whole_disabled,1,33554438,1,,"[7.073931,6.960454,6.932161,6.911051,7.070715,6.919277,7.198598,6.967658,7.100772,6.953431,6.981816,8.804514]"
sweep-11,cast,ring1,67108876,33554438,33554438,9.221157,5.7835,6.267801100000001,2359296,0,2359296,chunked,17,2097152,1,,"[5.716798,6.227941,5.785058,5.764359,5.781942,5.997452,5.98609,5.730173,5.710677,5.929573,5.779969,6.316519]"
sweep-11,cast,ring2,67108876,33554438,33554438,10.525779,4.7262985,5.10368,4718592,0,4718592,chunked,17,2097152,2,,"[5.170318,4.650289,4.868715,4.757393,4.633406,4.665808,4.832947,4.741954,4.710643,4.643767,5.049158,4.700824]"
sweep-11,cast,ring4,67108876,33554438,33554438,15.735261,5.584271,5.8940305,9437184,0,9437184,chunked,17,2097152,4,,"[5.931447,5.584036,5.56562,5.761513,5.563717,5.574767,5.579377,5.863417,5.584506,5.553247,5.619172,5.753869]"
sweep-11,transpose,whole,67108864,33554432,33554432,43.00948,7.1343499999999995,7.20044635,37748736,0,37748736,whole_disabled,1,33554432,1,,"[7.164172,7.116751,7.08917,7.122222,7.190813,7.181606,7.210249,7.138152,7.192426,7.130548,7.130308,7.113596]"
sweep-11,transpose,ring1,67108864,33554432,33554432,9.512741,6.787115,6.89915765,2359296,0,2359296,chunked,16,2097152,1,,"[6.743051,6.872828,6.620077,6.792295,6.66905,6.827822,6.885722,6.730747,6.766175,6.880562,6.781935,6.915579]"
sweep-11,transpose,ring2,67108864,33554432,33554432,10.347289,4.762938,5.210475349999999,4718592,0,4718592,chunked,16,2097152,2,,"[4.799252,4.594072,4.763945,5.20259,4.651721,5.220113,4.695044,4.761931,4.793762,4.701055,4.616704,4.857442]"
sweep-11,transpose,ring4,67108864,33554432,33554432,15.828329,5.955061000000001,6.0504097,9437184,0,9437184,chunked,16,2097152,4,,"[6.034783,5.952306,5.861093,6.069509,5.921207,5.969149,5.846455,5.957816,5.994927,5.94347,5.958809,5.942898]"
sweep-2,cast,whole,67108876,33554438,33554438,44.482762,6.9607600000000005,7.1250152,38010880,0,38010880,whole_disabled,1,33554438,1,,"[7.049133,6.95309,6.93745,6.944344,7.102184,6.96843,6.930888,7.004197,7.15292,6.974371,6.913735,6.929415]"
sweep-2,cast,ring1,67108876,33554438,33554438,11.599993,6.019178500000001,6.41974395,4718592,0,4718592,chunked,9,4194304,1,,"[5.965281,6.310668,6.073076,5.961073,5.953128,5.929703,6.14843,6.553059,6.108794,6.25907,5.894466,5.848108]"
sweep-2,cast,ring2,67108876,33554438,33554438,15.38762,5.704219,5.9547948,9437184,0,9437184,chunked,9,4194304,2,,"[6.010688,5.558476,5.789066,5.708822,5.580348,5.699616,5.7707,5.909064,5.627698,5.613692,5.722459,5.559128]"
sweep-2,cast,ring4,67108876,33554438,33554438,24.287044,5.748373,5.9838813,18874368,0,18874368,chunked,9,4194304,4,,"[6.10644,5.646724,5.703933,5.832768,5.700607,5.76527,5.693704,5.841415,5.840874,5.731476,5.678315,5.883606]"
sweep-3,cast,whole,67108876,33554438,33554438,44.056963,6.973459500000001,7.3778687,38010880,0,38010880,whole_disabled,1,33554438,1,,"[7.072839,6.930117,6.903707,6.930307,7.125929,6.969722,6.941669,7.685795,7.105911,6.977197,6.965284,7.002295]"
sweep-3,cast,ring1,67108876,33554438,33554438,16.783666,7.032391499999999,7.35847665,9437184,0,9437184,chunked,5,8388608,1,,"[7.013706,7.571347,7.021441,7.130628,7.02674,7.175964,7.18431,7.036089,7.009357,7.161988,7.024606,7.028694]"
sweep-3,cast,ring2,67108876,33554438,33554438,24.050413,5.908763,6.2033876,18874368,0,18874368,chunked,5,8388608,2,,"[6.347228,5.889587,6.073968,5.906519,5.880219,5.911007,6.056104,5.931557,5.86511,5.865511,6.0857,5.864549]"
sweep-3,cast,ring4,67108876,33554438,33554438,41.353388,5.873711500000001,6.1237832999999995,37748736,0,37748736,chunked,5,8388608,4,,"[6.208854,5.87025,5.856383,6.01765,5.80737,5.837047,5.851094,6.05418,5.900939,5.816047,5.877173,6.005848]"
sweep-4,cast,whole,67108876,33554438,33554438,45.547568,8.712724,8.76904025,38010880,0,38010880,whole_disabled,1,33554438,1,,"[8.773344,8.708832,8.70308,8.721435,8.758306,8.686469,8.700566,8.728709,8.765519,8.716616,8.698091,8.70281]"
sweep-4,cast,ring1,67108876,33554438,33554438,13.879661,8.7938885,9.069317,4718592,0,4718592,chunked,9,4194304,1,,"[8.843568,9.219423,8.786008,8.783804,8.735622,8.866892,8.798592,8.836445,8.758175,8.789185,8.725824,8.946503]"
sweep-4,cast,ring2,67108876,33554438,33554438,16.400127,7.107624,7.6297047,9437184,0,9437184,chunked,9,4194304,2,,"[7.495953,7.108215,7.130187,7.13143,7.057629,7.052169,7.107033,7.057278,7.793179,7.024276,7.121872,7.082257]"
sweep-4,cast,ring4,67108876,33554438,33554438,25.086806,7.0845655,7.68562895,18874368,0,18874368,chunked,9,4194304,4,,"[7.453703,7.060434,7.092095,7.969094,7.053411,7.077036,7.075874,7.135587,7.104569,7.061837,7.050025,7.097466]"
sweep-5,cast,whole,67108876,33554438,33554438,44.085607,6.882906999999999,7.07262455,38010880,0,38010880,whole_disabled,1,33554438,1,,"[7.144575,6.886985,6.903998,6.886083,6.965845,6.852509,6.86358,6.858691,7.013756,6.864081,6.859101,6.879731]"
sweep-5,cast,ring1,67108876,33554438,33554438,11.045438,5.7616885,7.046890399999999,4718592,0,4718592,chunked,9,4194304,1,,"[5.531816,6.240044,5.745002,5.602631,5.943789,5.67595,5.778375,8.033036,5.919704,5.699385,5.816718,5.616877]"
sweep-5,cast,ring2,67108876,33554438,33554438,14.937974,5.4855485,5.99061695,9437184,0,9437184,chunked,9,4194304,2,,"[5.931356,5.472533,5.54414,5.455571,5.431926,5.469287,5.579116,6.063047,5.485779,5.451263,5.541214,5.485318]"
sweep-5,cast,ring4,67108876,33554438,33554438,23.782825,5.5876575,5.8672166,18874368,0,18874368,chunked,9,4194304,4,,"[6.062757,5.583074,5.575709,5.673094,5.582192,5.616367,5.56009,5.669969,5.582472,5.574367,5.592241,5.707229]"
sweep-6,cast,whole,67108876,33554438,33554438,12.325123,7.6997915,7.8848438,38010880,0,38010880,whole_disabled,1,33554438,1,,"[7.832965,7.699561,7.700022,7.681096,7.869515,7.73571,7.708598,7.684462,7.903579,7.661278,7.682518,7.661208]"
sweep-6,cast,ring1,67108876,33554438,33554438,8.617167,6.860454,7.4759633,4718592,0,4718592,chunked,9,4194304,1,,"[6.880432,7.292627,6.850265,6.84279,6.865073,6.967819,6.855835,7.700041,6.829265,7.01629,6.801823,6.802163]"
sweep-6,cast,ring2,67108876,33554438,33554438,9.869901,7.290748499999999,7.6630962,9437184,0,9437184,chunked,9,4194304,2,,"[7.63077,7.251359,7.411172,7.330138,7.234195,7.239936,7.379252,7.702606,7.24183,7.219908,7.338974,7.237491]"
sweep-6,cast,ring4,67108876,33554438,33554438,10.125978,7.4006215,7.66874425,18874368,0,18874368,chunked,9,4194304,4,,"[7.719259,7.422413,7.37883,7.504439,7.335979,7.31514,7.295432,7.495322,7.627414,7.338965,7.304028,7.445667]"
sweep-7,cast,whole,67108876,33554438,33554438,11.988472,7.7191535,7.89704795,38010880,0,38010880,whole_disabled,1,33554438,1,,"[7.791506,7.666238,7.665967,7.718267,7.900233,7.72004,7.894442,7.724077,7.881837,7.694351,7.706684,7.649496]"
sweep-7,cast,ring1,67108876,33554438,33554438,8.712879,6.8612555,7.517015349999999,4718592,0,4718592,chunked,9,4194304,1,,"[6.818284,7.367299,6.875222,6.827852,6.822041,6.955104,6.843762,7.700002,6.803105,6.997965,6.847289,6.991784]"
sweep-7,cast,ring2,67108876,33554438,33554438,9.866985,7.3036425000000005,7.55334715,9437184,0,9437184,chunked,9,4194304,2,,"[7.702687,7.222713,7.397937,7.344565,7.242842,7.21018,7.43116,7.419398,7.214999,7.26272,7.406814,7.226381]"
sweep-7,cast,ring4,67108876,33554438,33554438,10.3475,7.394996,7.6400243,18874368,0,18874368,chunked,9,4194304,4,,"[7.701775,7.377147,7.312584,7.589501,7.31534,7.319517,7.412845,7.526151,7.559705,7.343363,7.343894,7.527364]"
sweep-8,cast,whole,67108876,33554438,33554438,44.085166,6.968961,7.37729095,38010880,0,38010880,whole_disabled,1,33554438,1,,"[7.044645,6.899158,6.924787,6.917613,7.079732,6.970273,6.941519,7.715492,7.100581,6.9741,6.951477,6.967649]"
sweep-8,cast,ring1,67108876,33554438,33554438,11.284031,5.915962,6.271346,4718592,0,4718592,chunked,9,4194304,1,,"[5.937819,6.45355,5.890859,5.973898,5.902802,6.12227,5.920575,5.817059,5.908092,5.911349,5.961013,5.740433]"
sweep-8,cast,ring2,67108876,33554438,33554438,15.223778,5.6479669999999995,5.9546326,9437184,0,9437184,chunked,9,4194304,2,,"[5.936206,5.551473,5.66505,5.538158,5.686651,5.588654,5.689405,5.630884,5.551564,5.515845,5.70741,5.977154]"
sweep-8,cast,ring4,67108876,33554438,33554438,24.445205,5.733815,6.06278615,18874368,0,18874368,chunked,9,4194304,4,,"[6.06488,5.662555,5.690138,6.061073,5.758066,5.709564,5.680158,5.82836,5.763257,5.674347,5.682352,5.834442]"
sweep-9,cast,whole,67108876,33554438,33554438,43.910224,6.911421499999999,7.302823249999999,38010880,0,38010880,whole_disabled,1,33554438,1,,"[6.98972,6.909758,6.913085,6.893637,6.959182,6.855094,6.843762,6.860054,7.685505,6.949864,6.883377,6.933663]"
sweep-9,cast,ring1,67108876,33554438,33554438,8.914312,5.9952825,6.2626748999999995,1310720,0,1310720,chunked,33,1048576,1,,"[6.188946,6.352788,5.971823,5.955292,5.892833,5.994296,5.979778,6.00676,6.007091,6.020576,5.95968,5.996269]"
sweep-9,cast,ring2,67108876,33554438,33554438,8.948778,4.229212,4.5587676,2621440,0,2621440,chunked,33,1048576,2,,"[4.650699,4.248795,4.339186,4.208087,4.211654,4.215701,4.483551,4.18878,4.21483,4.222795,4.332334,4.235629]"
sweep-9,cast,ring4,67108876,33554438,33554438,13.135795,4.2749345000000005,4.4764994499999995,5242880,0,5242880,chunked,33,1048576,4,,"[4.624329,4.220341,4.264304,4.296085,4.218137,4.221142,4.250107,4.285565,4.298329,4.238836,4.294642,4.355548]"
sweep-9,transpose,whole,67108864,33554432,33554432,42.696995,7.0492135000000005,7.277178299999999,37748736,0,37748736,whole_disabled,1,33554432,1,,"[7.085342,7.028254,7.01591,7.087777,7.120149,7.084571,7.046318,7.052109,7.469103,7.024036,7.03716,7.004078]"
sweep-9,transpose,ring1,67108864,33554432,33554432,9.33863,6.955901000000001,7.1034024,1310720,0,1310720,chunked,32,1048576,1,,"[6.915368,6.968159,6.950716,6.913445,6.901923,7.016962,6.924837,6.9579,7.060215,7.035798,7.156187,6.953902]"
sweep-9,transpose,ring2,67108864,33554432,33554432,9.387362,5.2099785,5.2707764500000005,2621440,0,2621440,chunked,32,1048576,2,,"[4.822947,5.115805,5.26606,5.209783,5.211156,5.210174,5.276541,5.213009,5.135572,5.186078,5.211156,5.153857]"
sweep-9,transpose,ring4,67108864,33554432,33554432,13.981354,5.2398299999999995,5.4132454,5242880,0,5242880,chunked,32,1048576,4,,"[5.207629,5.237886,5.391379,5.289295,5.241774,5.215324,5.16573,5.337216,5.22889,5.280227,5.070197,5.439971]"
