run,section,case,path,metric,p50_ms,p95_ms,samples_ms
sym-224-final-main1,matrices,"(256, 1024)",sym_raw,warm,0.5385409999999999,0.6361118499999999,"[0.654376,0.605694,0.547523,0.5148,0.605283,0.527815,0.485996,0.656591,0.51953,0.486186,0.613789,0.561389,0.491847,0.568293,0.507597,0.482058,0.579233,0.555949,0.527104,0.568362,0.561429,0.529559,0.568182,0.507126,0.486055,0.57236,0.523757,0.487268,0.560648,0.52018]"
sym-224-final-main1,matrices,"(256, 1024)",torch_raw,warm,0.260606,0.2844406,"[0.291786,0.238615,0.271547,0.245738,0.247581,0.260556,0.238394,0.265626,0.260777,0.238124,0.256549,0.279863,0.23642,0.234056,0.259775,0.274843,0.260867,0.283741,0.265806,0.26279,0.285013,0.270896,0.259484,0.260656,0.239275,0.231591,0.261769,0.23603,0.230188,0.265255]"
sym-224-final-main1,matrices,"(256, 1024)",inductor_raw,warm,0.356554,0.42067405,"[0.363843,0.329528,0.354605,0.410622,0.339026,0.342532,0.407476,0.361398,0.372649,0.386385,0.354605,0.327364,0.390454,0.335799,0.357621,0.43056,0.356199,0.333384,0.42036,0.356579,0.339215,0.420931,0.356529,0.353824,0.37822,0.324518,0.34683,0.386195,0.323035,0.368421]"
sym-224-final-main1,matrices,"(1024, 4096)",sym_raw,warm,1.188584,1.21943655,"[1.049328,1.177543,1.196809,1.177251,1.18703,1.195697,1.190247,1.379577,1.173434,1.197741,1.190247,1.196068,1.180698,1.191389,1.182872,1.20749,1.182351,1.185798,1.229211,1.194475,1.182101,1.198032,1.182622,1.181991,1.183534,1.181349,1.188173,1.188995,1.195146,1.201568]"
sym-224-final-main1,matrices,"(1024, 4096)",torch_raw,warm,0.787469,0.80568375,"[0.795274,0.782951,0.791187,0.795946,0.786277,0.786287,0.791527,0.779344,0.794403,0.774965,0.79307,0.789023,0.787519,0.775106,0.786488,0.788401,0.796146,0.790295,0.811125,0.778643,0.780736,0.777,0.783062,0.801336,0.795746,0.809241,0.778162,0.779845,0.787419,0.780867]"
sym-224-final-main1,matrices,"(1024, 4096)",inductor_raw,warm,0.6261019999999999,0.6603517,"[0.631542,0.626042,0.625281,0.629419,0.621052,0.619329,0.62977,1.032696,0.645249,0.626753,0.636752,0.615232,0.62519,0.614711,0.637334,0.653194,0.626162,0.625371,0.666208,0.625081,0.646852,0.638586,0.622856,0.599722,0.629318,0.626603,0.598039,0.62465,0.605212,0.593279]"
sym-224-final-main1,matrices,"(4096, 1024)",sym_raw,warm,1.111176,1.1336955499999999,"[1.005464,1.140833,1.121405,1.099403,1.116887,1.111005,1.113691,1.124031,1.124381,1.113901,1.115825,1.121345,1.101878,1.104083,1.111436,1.090947,1.124972,1.141553,1.10273,1.111347,1.112198,1.106777,1.094184,1.090627,1.104944,1.096208,1.094134,1.09745,1.093241,1.113821]"
sym-224-final-main1,matrices,"(4096, 1024)",torch_raw,warm,0.7518115000000001,0.7607938,"[0.754847,0.753125,0.747283,0.765307,0.754487,0.755789,0.746832,0.746161,0.748095,0.751491,0.754838,0.752132,0.74576,0.758805,0.748766,0.747574,0.755799,0.747063,0.747032,0.747885,0.754718,0.747714,0.749116,0.749326,0.758144,0.754076,0.752903,0.758404,0.747874,0.762421]"
sym-224-final-main1,matrices,"(4096, 1024)",inductor_raw,warm,0.5983545,0.62272275,"[0.621323,0.601786,0.606144,0.613779,0.611895,0.601115,0.607547,0.605854,0.590695,0.585936,0.596476,0.593911,0.588491,0.594132,0.600603,0.595293,0.608218,0.592388,0.664024,0.623868,0.592859,0.592047,0.595555,0.594502,0.60391,0.600093,0.593961,0.606605,0.593851,0.596616]"
sym-224-final-candidate1,matrices,"(256, 1024)",sym_raw,warm,0.9505095,1.15342875,"[1.187992,1.154799,1.045631,1.000245,1.086389,0.928969,1.151754,1.021996,1.057604,0.962963,0.921414,0.950309,1.065489,0.936443,0.994264,0.921845,0.942976,0.95071,0.938767,0.92968,0.977942,0.940391,0.949158,0.859748,0.721103,0.950971,0.920784,0.931273,0.921255,0.968835]"
sym-224-final-candidate1,matrices,"(256, 1024)",sym_raw,reuse_1,0.692899,0.8854202,"[0.929971,0.707217,0.692899,0.684683,0.685595]"
sym-224-final-candidate1,matrices,"(256, 1024)",sym_raw,reuse_2,1.246454,1.2872172000000002,"[1.29716,1.246454,1.247446,1.238559,1.2345]"
sym-224-final-candidate1,matrices,"(256, 1024)",sym_raw,reuse_4,2.474483,2.4784976000000003,"[2.437932,2.475684,2.474483,2.479201,2.434917]"
sym-224-final-candidate1,matrices,"(256, 1024)",sym_raw,reuse_8,4.80497,4.826952,"[4.718835,4.816492,4.78951,4.829567,4.80497]"
sym-224-final-candidate1,matrices,"(256, 1024)",sym_raw,reuse_16,9.559634,9.6238446,"[9.634006,9.448782,9.559634,9.583199,9.436609]"
sym-224-final-candidate1,matrices,"(256, 1024)",sym_raw,reuse_32,19.023855,19.218817400000002,"[19.023855,18.819196,19.238976,19.007434,19.138183]"
sym-224-final-candidate1,matrices,"(256, 1024)",sym_raw,reuse_64,38.786087,43.6509584,"[37.951177,37.832191,38.786087,39.183284,44.767877]"
sym-224-final-candidate1,matrices,"(256, 1024)",sym_packed,warm,0.7165295,0.8695093499999998,"[0.889934,0.820562,0.780326,0.753635,0.825893,0.798781,0.882801,0.848145,0.714761,0.770056,0.669976,0.691226,0.72988,0.553234,0.853264,0.675066,0.662842,0.707737,0.642203,0.736111,0.705453,0.695224,0.675396,0.831514,0.506976,0.739148,0.673081,0.718298,0.678101,0.69335]"
sym-224-final-candidate1,matrices,"(256, 1024)",sym_packed,replace,0.7049675,1.0110856999999989,"[1.21323,0.776228,0.732685,0.725742,0.727264,0.715082,0.724399,0.700264,0.706765,0.716274,0.704581,0.70398,0.703069,0.708379,0.696166,0.705354,0.718769,0.69316,0.701075,0.699372,1.203242,0.700925,0.700805,0.683492,0.696607,0.706745,0.690956,0.714621,0.699212,0.689974]"
sym-224-final-candidate1,matrices,"(256, 1024)",sym_packed,invalidate_then_prepare,0.694392,0.7340573499999999,"[0.715032,0.905995,0.696947,0.659095,0.655769,0.649817,0.742705,0.723488,0.703119,0.6929,0.704021,0.692068,0.699252,0.690856,0.682009,0.699202,0.695274,0.68819,0.678172,0.689283,0.69826,0.706586,0.693331,0.695053,0.693731,0.690254,0.702618,0.688411,0.686628,0.700254]"
sym-224-final-candidate1,matrices,"(256, 1024)",sym_packed,reuse_1,1.23945,1.4230876,"[1.46545,1.253638,1.228549,1.23945,1.234501]"
sym-224-final-candidate1,matrices,"(256, 1024)",sym_packed,reuse_2,1.773568,2.013681,"[2.005449,2.015739,1.773568,1.716298,1.705819]"
sym-224-final-candidate1,matrices,"(256, 1024)",sym_packed,reuse_4,2.665275,2.8337002,"[2.559724,2.875075,2.665275,2.668201,2.639345]"
sym-224-final-candidate1,matrices,"(256, 1024)",sym_packed,reuse_8,4.504969,4.5142581999999996,"[4.504969,4.510299,4.494799,4.515248,4.460123]"
sym-224-final-candidate1,matrices,"(256, 1024)",sym_packed,reuse_16,8.060489,8.1703758,"[7.884764,8.060489,8.183653,8.117267,7.90882]"
sym-224-final-candidate1,matrices,"(256, 1024)",sym_packed,reuse_32,15.364537,15.4853698,"[15.493263,15.283614,15.364537,15.453797,15.18735]"
sym-224-final-candidate1,matrices,"(256, 1024)",sym_packed,reuse_64,30.162797,30.452939,"[29.748467,29.987443,30.507463,30.162797,30.234843]"
sym-224-final-candidate1,matrices,"(256, 1024)",torch_raw,warm,0.4855595,0.57526075,"[0.650229,0.517525,0.544867,0.491596,0.513137,0.491295,0.578962,0.55152,0.470416,0.461669,0.317765,0.471157,0.450749,0.501976,0.47298,0.492849,0.462301,0.443144,0.506565,0.50913,0.449977,0.471508,0.47293,0.479824,0.52014,0.465016,0.570737,0.497918,0.467841,0.471798]"
sym-224-final-candidate1,matrices,"(256, 1024)",torch_raw,reuse_1,0.338214,0.5105982,"[0.552983,0.338214,0.328646,0.341059,0.325519]"
sym-224-final-candidate1,matrices,"(256, 1024)",torch_raw,reuse_2,0.639478,0.6436872,"[0.644687,0.639167,0.639688,0.639478,0.613458]"
sym-224-final-candidate1,matrices,"(256, 1024)",torch_raw,reuse_4,1.242336,1.2545516,"[1.173705,1.189084,1.242336,1.245422,1.256834]"
sym-224-final-candidate1,matrices,"(256, 1024)",torch_raw,reuse_8,2.388147,2.4682466,"[2.469413,2.463581,2.280513,2.129816,2.388147]"
sym-224-final-candidate1,matrices,"(256, 1024)",torch_raw,reuse_16,4.897886,4.907797,"[4.887597,4.897886,4.909448,4.884011,4.901193]"
sym-224-final-candidate1,matrices,"(256, 1024)",torch_raw,reuse_32,9.603257,9.647291999999998,"[9.178758,9.651027,9.632352,9.603257,9.044182]"
sym-224-final-candidate1,matrices,"(256, 1024)",torch_raw,reuse_64,18.326738,19.0885382,"[18.874571,18.209936,19.14203,18.326738,18.275019]"
sym-224-final-candidate1,matrices,"(256, 1024)",torch_packed,warm,0.419459,0.5742155,"[0.534137,0.410892,0.427004,0.505943,0.419058,0.420882,0.583562,0.490565,0.387698,0.428636,0.337984,0.381677,0.463813,0.405362,0.39389,0.443886,0.38348,0.562792,0.417465,0.417445,4.423854,0.443093,0.419589,0.396555,0.415952,0.403508,0.484232,0.439457,0.381606,0.419329]"
sym-224-final-candidate1,matrices,"(256, 1024)",torch_packed,replace,0.547492,0.6700319999999995,"[0.740781,0.583561,0.546892,0.553204,0.542243,0.547051,0.543275,0.55159,0.547993,0.542623,0.552171,0.54112,0.54595,0.536192,0.569284,0.743365,0.556339,0.552783,0.521834,0.519229,0.515672,0.568432,0.570216,0.541602,0.552953,0.538746,0.549857,0.539537,0.546741,0.547933]"
sym-224-final-candidate1,matrices,"(256, 1024)",torch_packed,invalidate_then_prepare,0.545203,0.56194815,"[0.542163,0.546571,0.537814,0.546911,0.537203,0.545188,0.554947,0.563723,0.554997,0.535179,0.549036,0.540109,0.545218,0.536141,0.561149,0.548785,0.536081,0.546931,0.537704,0.549256,0.534898,0.548845,0.536993,0.549055,0.538054,0.537674,0.562602,0.538315,0.547783,0.536011]"
sym-224-final-candidate1,matrices,"(256, 1024)",torch_packed,reuse_1,0.853796,0.9859633999999999,"[1.01888,0.853796,0.854297,0.85106,0.846612]"
sym-224-final-candidate1,matrices,"(256, 1024)",torch_packed,reuse_2,1.114262,1.1223452,"[1.122748,1.120734,1.110865,1.109854,1.114262]"
sym-224-final-candidate1,matrices,"(256, 1024)",torch_packed,reuse_4,1.624213,1.6937992,"[1.546475,1.591842,1.624213,1.70155,1.662796]"
sym-224-final-candidate1,matrices,"(256, 1024)",torch_packed,reuse_8,2.739657,2.7552062,"[2.740859,2.734947,2.739657,2.758793,2.724138]"
sym-224-final-candidate1,matrices,"(256, 1024)",torch_packed,reuse_16,4.874813,5.0292648,"[4.829757,4.913676,4.838033,4.874813,5.058162]"
sym-224-final-candidate1,matrices,"(256, 1024)",torch_packed,reuse_32,9.077235,9.2240664,"[9.096632,9.077235,8.790789,8.9275,9.255925]"
sym-224-final-candidate1,matrices,"(256, 1024)",torch_packed,reuse_64,17.658636,17.7752376,"[17.669316,17.530732,17.658636,17.519791,17.801718]"
sym-224-final-candidate1,matrices,"(256, 1024)",inductor_raw,warm,0.6445719999999999,0.7882241,"[0.733177,0.644277,0.654616,0.68762,0.701787,0.843426,0.775958,0.7459,0.644097,0.79826,0.621383,0.635781,0.644867,0.61943,0.735811,0.63544,0.634939,0.758835,0.651851,0.623317,0.661811,0.639999,0.653164,0.506244,0.633166,0.623106,0.661059,0.644167,0.616725,0.643566]"
sym-224-final-candidate1,matrices,"(256, 1024)",inductor_raw,reuse_1,0.396506,0.8959179999999998,"[1.01873,0.40467,0.393008,0.396506,0.3733]"
sym-224-final-candidate1,matrices,"(256, 1024)",inductor_raw,reuse_2,0.792349,0.8182275999999999,"[0.802598,0.792349,0.752363,0.71923,0.822135]"
sym-224-final-candidate1,matrices,"(256, 1024)",inductor_raw,reuse_4,1.536797,1.5658556000000001,"[1.560862,1.567104,1.519193,1.536797,1.52807]"
sym-224-final-candidate1,matrices,"(256, 1024)",inductor_raw,reuse_8,3.018899,3.0284429999999998,"[3.024579,3.029409,3.006946,3.017465,3.018899]"
sym-224-final-candidate1,matrices,"(256, 1024)",inductor_raw,reuse_16,5.955832,5.9806748,"[5.984957,5.674145,5.963546,5.953627,5.955832]"
sym-224-final-candidate1,matrices,"(256, 1024)",inductor_raw,reuse_32,12.109449,12.5811534,"[11.846208,11.587485,12.109449,12.658224,12.272871]"
sym-224-final-candidate1,matrices,"(256, 1024)",inductor_raw,reuse_64,25.436878,26.0329022,"[25.663559,26.125238,25.436878,24.468273,16.393727]"
sym-224-final-candidate1,matrices,"(256, 1024)",inductor_packed,warm,0.584804,0.76654,"[0.679404,0.432013,0.615051,0.763504,0.769024,0.646771,0.858906,0.721114,0.57744,0.673703,0.565497,0.667111,0.553865,0.562511,0.571197,0.555818,0.564394,0.65647,0.585064,0.560497,0.569685,0.584544,0.574333,0.625942,0.567761,0.567942,0.637344,0.597097,0.558944,0.678772]"
sym-224-final-candidate1,matrices,"(256, 1024)",inductor_packed,replace,0.315591,0.34248185,"[0.44083,0.350909,0.322624,0.332182,0.317836,0.314068,0.326953,0.317965,0.314619,0.32057,0.31502,0.311854,0.312415,0.321141,0.312135,0.311793,0.3255,0.314479,0.310701,0.325851,0.315711,0.311714,0.319058,0.315471,0.312054,0.319729,0.312525,0.312095,0.32563,0.314058]"
sym-224-final-candidate1,matrices,"(256, 1024)",inductor_packed,invalidate_then_prepare,0.5391969999999999,0.7410876499999999,"[0.315991,0.373101,0.387838,0.537925,0.728568,0.553774,0.549957,0.522505,0.514038,0.521703,0.43583,0.323446,0.313487,0.319238,0.312244,0.312425,0.321131,0.531462,0.751331,0.557532,0.5407,0.546251,0.540469,0.550208,0.545859,0.556199,0.541761,0.552212,1.244901,0.568582]"
sym-224-final-candidate1,matrices,"(256, 1024)",inductor_packed,reuse_1,1.007218,1.1791432,"[1.221536,1.009572,0.998983,0.994744,1.007218]"
sym-224-final-candidate1,matrices,"(256, 1024)",inductor_packed,reuse_2,1.379717,1.405258,"[1.388114,1.379717,1.371492,1.409544,1.379677]"
sym-224-final-candidate1,matrices,"(256, 1024)",inductor_packed,reuse_4,2.135426,2.337453,"[2.122833,2.135426,2.116821,2.137721,2.387386]"
sym-224-final-candidate1,matrices,"(256, 1024)",inductor_packed,reuse_8,3.645091,3.7435744,"[3.759739,3.678916,3.60756,3.645091,3.627377]"
sym-224-final-candidate1,matrices,"(256, 1024)",inductor_packed,reuse_16,6.625266,6.7325121999999995,"[6.637941,6.557698,6.356354,6.756155,6.625266]"
sym-224-final-candidate1,matrices,"(256, 1024)",inductor_packed,reuse_32,12.499241,12.5384038,"[12.527255,12.333165,12.541191,12.499241,12.365957]"
sym-224-final-candidate1,matrices,"(256, 1024)",inductor_packed,reuse_64,25.05484,25.2803374,"[24.428367,25.05484,24.993974,25.149279,25.313102]"
sym-224-final-candidate1,matrices,"(1024, 4096)",sym_raw,warm,1.408141,1.4653445999999999,"[1.33882,1.560702,1.450392,1.456454,1.416497,1.415556,1.385869,1.47066,1.453057,1.177402,1.188843,1.364588,1.405105,1.441695,1.412219,1.403543,1.413401,1.381741,1.390628,1.388684,1.458848,1.41295,1.424934,1.398132,1.411177,1.388854,1.368947,1.419172,1.395166,1.192421]"
sym-224-final-candidate1,matrices,"(1024, 4096)",sym_raw,reuse_1,1.121105,1.3622544,"[1.420816,1.121105,1.128008,1.052134,1.048426]"
sym-224-final-candidate1,matrices,"(1024, 4096)",sym_raw,reuse_2,2.045705,2.0572016,"[2.045876,2.060033,2.029685,2.045705,2.045445]"
sym-224-final-candidate1,matrices,"(1024, 4096)",sym_raw,reuse_4,4.073217,4.0868198,"[4.058528,4.084007,4.073217,4.087523,4.061144]"
sym-224-final-candidate1,matrices,"(1024, 4096)",sym_raw,reuse_8,8.040971,8.072074599999999,"[8.07706,8.011626,8.040971,8.052133,8.02913]"
sym-224-final-candidate1,matrices,"(1024, 4096)",sym_raw,reuse_16,16.070933,16.4506056,"[16.070933,15.257914,14.754906,16.51598,16.189108]"
sym-224-final-candidate1,matrices,"(1024, 4096)",sym_raw,reuse_32,31.971801,32.0804044,"[32.092191,32.033258,31.712938,31.971381,31.971801]"
sym-224-final-candidate1,matrices,"(1024, 4096)",sym_raw,reuse_64,64.870588,69.3397502,"[64.09984,68.693007,64.802979,64.870588,69.501436]"
sym-224-final-candidate1,matrices,"(1024, 4096)",sym_packed,warm,1.145902,1.204501,"[1.169898,1.201608,1.174356,1.172783,1.169016,1.152786,1.153546,1.206868,1.0027,0.977,0.940411,1.146673,1.126836,1.152134,1.139179,1.17637,1.11296,1.114953,1.120323,1.152625,1.170139,1.158436,1.145131,1.308872,1.130393,1.110635,1.137195,1.141424,1.128409,0.961081]"
sym-224-final-candidate1,matrices,"(1024, 4096)",sym_packed,replace,11.28811,32.12762275,"[18.092472,20.25982,11.993789,7.781277,18.088846,18.732311,13.037146,11.935207,22.093651,7.627054,15.940555,13.07138,32.27041,40.497206,31.953105,18.161364,11.278076,11.298144,11.074579,10.351031,10.180686,10.35043,9.293297,8.418861,8.074155,7.468913,6.810498,5.836925,5.265316,5.187047]"
sym-224-final-candidate1,matrices,"(1024, 4096)",sym_packed,invalidate_then_prepare,8.9959405,9.2724824,"[5.245078,5.325471,5.361309,5.319289,6.500318,9.157518,8.99045,9.154693,8.131995,7.877791,9.194829,9.06964,9.438553,9.134845,8.962537,9.190912,9.110959,8.993356,9.032319,9.084689,9.062287,9.054242,8.972916,9.099958,8.964941,8.899977,8.84901,9.336017,8.998525,8.844582]"
sym-224-final-candidate1,matrices,"(1024, 4096)",sym_packed,reuse_1,10.10384,10.265433799999998,"[10.091256,10.275417,10.225501,9.880505,10.10384]"
sym-224-final-candidate1,matrices,"(1024, 4096)",sym_packed,reuse_2,11.03864,11.271734,"[10.929502,11.03864,11.272275,11.26957,10.99156]"
sym-224-final-candidate1,matrices,"(1024, 4096)",sym_packed,reuse_4,11.984762,12.7756474,"[12.790756,12.715213,11.984762,11.67401,11.829587]"
sym-224-final-candidate1,matrices,"(1024, 4096)",sym_packed,reuse_8,14.870607,15.0455042,"[15.014381,15.053285,14.870607,14.742183,14.711334]"
sym-224-final-candidate1,matrices,"(1024, 4096)",sym_packed,reuse_16,21.027612,21.056044999999997,"[20.998786,21.024996,21.027612,21.034805,21.061355]"
sym-224-final-candidate1,matrices,"(1024, 4096)",sym_packed,reuse_32,33.839729,34.7625836,"[33.745459,33.495543,33.839729,34.209122,34.900949]"
sym-224-final-candidate1,matrices,"(1024, 4096)",sym_packed,reuse_64,61.964905,63.0052556,"[61.091802,61.964905,62.46679,61.320598,63.139872]"
sym-224-final-candidate1,matrices,"(1024, 4096)",torch_raw,warm,0.847539,0.88060505,"[0.90857,0.880808,0.873313,0.880357,0.862983,0.848496,0.788381,0.871259,0.872532,0.784664,0.783693,0.844158,0.846362,0.853115,0.847283,0.795925,0.851422,0.846462,0.847795,0.844188,0.835461,0.849087,0.874245,0.86149,0.843516,0.841392,0.838737,0.872943,0.839879,0.790836]"
sym-224-final-candidate1,matrices,"(1024, 4096)",torch_raw,reuse_1,0.718058,0.7897399999999999,"[0.798661,0.754056,0.718058,0.708129,0.710984]"
sym-224-final-candidate1,matrices,"(1024, 4096)",torch_raw,reuse_2,1.424643,1.4330174,"[1.404584,1.421026,1.424643,1.425715,1.434843]"
sym-224-final-candidate1,matrices,"(1024, 4096)",torch_raw,reuse_4,2.775605,2.7867002,"[2.775605,2.776137,2.754095,2.759114,2.789341]"
sym-224-final-candidate1,matrices,"(1024, 4096)",torch_raw,reuse_8,5.515292,5.5438346,"[5.482811,5.540901,5.509031,5.515292,5.544568]"
sym-224-final-candidate1,matrices,"(1024, 4096)",torch_raw,reuse_16,10.966041,11.0669336,"[11.091861,10.965571,10.950723,10.966041,10.967224]"
sym-224-final-candidate1,matrices,"(1024, 4096)",torch_raw,reuse_32,21.779052,21.890805,"[21.813097,21.910232,21.779052,21.62564,21.458802]"
sym-224-final-candidate1,matrices,"(1024, 4096)",torch_raw,reuse_64,44.2807,54.739672,"[57.296715,44.182924,44.213292,44.2807,44.5115]"
sym-224-final-candidate1,matrices,"(1024, 4096)",torch_packed,warm,0.727691,0.75879365,"[0.758033,0.760909,0.749657,0.730692,0.728918,0.733136,0.72508,0.752272,0.759416,0.684183,0.68282,0.726744,0.742344,0.739919,0.736232,0.725591,0.728638,0.726594,0.723398,0.716905,0.720622,0.744037,0.726664,0.730391,0.721845,0.721855,0.720683,0.744277,0.72468,0.682951]"
sym-224-final-candidate1,matrices,"(1024, 4096)",torch_packed,replace,8.2867345,8.58515785,"[8.29214,7.984875,8.158485,8.509584,8.397511,8.384847,8.299253,8.571492,8.596339,8.355721,8.327848,8.523701,8.426556,8.347866,9.412684,8.359128,8.1818,8.235052,7.983121,8.370308,8.281329,8.144959,8.100996,8.227738,8.108651,7.968434,8.059848,8.103641,8.109803,7.975627]"
sym-224-final-candidate1,matrices,"(1024, 4096)",torch_packed,invalidate_then_prepare,8.0727425,8.231933,"[8.062002,8.121575,8.191449,8.070949,8.049959,8.000946,8.256442,8.238989,8.077231,8.146593,7.979104,8.116175,8.087941,8.002438,7.965298,7.949137,8.059166,8.152083,8.127807,8.06075,7.943617,8.193432,8.119341,8.223309,8.074536,8.118479,8.00296,8.014762,8.021294,7.892379]"
sym-224-final-candidate1,matrices,"(1024, 4096)",torch_packed,reuse_1,8.747106,8.7918854,"[8.802752,8.655923,8.677313,8.748419,8.747106]"
sym-224-final-candidate1,matrices,"(1024, 4096)",torch_packed,reuse_2,9.433223,9.6205344,"[9.325588,9.269972,9.533224,9.642362,9.433223]"
sym-224-final-candidate1,matrices,"(1024, 4096)",torch_packed,reuse_4,10.649379,10.807240199999999,"[10.694505,10.835424,10.542716,10.649379,10.54014]"
sym-224-final-candidate1,matrices,"(1024, 4096)",torch_packed,reuse_8,13.169829,13.3702682,"[13.080768,13.169829,13.063596,13.403283,13.238209]"
sym-224-final-candidate1,matrices,"(1024, 4096)",torch_packed,reuse_16,17.817979,18.0640366,"[18.107842,17.817979,17.66057,17.771551,17.888815]"
sym-224-final-candidate1,matrices,"(1024, 4096)",torch_packed,reuse_32,27.336084,27.5112592,"[27.292501,27.33918,27.336084,26.987791,27.554279]"
sym-224-final-candidate1,matrices,"(1024, 4096)",torch_packed,reuse_64,45.94016,46.234347,"[45.94016,46.288464,46.017879,45.75115,45.831584]"
sym-224-final-candidate1,matrices,"(1024, 4096)",inductor_raw,warm,0.781854,0.8325415,"[0.821284,0.8295,0.794954,0.81937,0.751441,0.794463,0.835621,0.83503,0.786518,0.64079,0.658574,0.772711,0.796026,0.775808,0.794332,0.795514,0.777811,0.758775,0.757994,0.752453,0.80354,0.78733,0.785396,0.778312,0.755239,0.746181,0.747654,0.816605,0.653534,0.66129]"
sym-224-final-candidate1,matrices,"(1024, 4096)",inductor_raw,reuse_1,0.54051,0.8615084,"[0.941092,0.543174,0.535209,0.54051,0.534377]"
sym-224-final-candidate1,matrices,"(1024, 4096)",inductor_raw,reuse_2,1.050731,1.0633668,"[1.040701,1.050731,1.06605,1.052634,1.049509]"
sym-224-final-candidate1,matrices,"(1024, 4096)",inductor_raw,reuse_4,2.076324,2.0869424,"[2.076324,2.0477,2.064922,2.089269,2.077636]"
sym-224-final-candidate1,matrices,"(1024, 4096)",inductor_raw,reuse_8,4.123673,4.1618708,"[4.123673,4.108464,4.168768,4.134282,4.1119]"
sym-224-final-candidate1,matrices,"(1024, 4096)",inductor_raw,reuse_16,8.19759,8.253818800000001,"[8.261321,8.194444,8.22381,8.175668,8.19759]"
sym-224-final-candidate1,matrices,"(1024, 4096)",inductor_raw,reuse_32,16.422632,16.4386626,"[16.427281,16.317342,16.378959,16.441508,16.422632]"
sym-224-final-candidate1,matrices,"(1024, 4096)",inductor_raw,reuse_64,32.965253,33.334821,"[33.128965,32.888587,32.965253,33.386285,32.864332]"
sym-224-final-candidate1,matrices,"(1024, 4096)",inductor_packed,warm,0.7707275,0.8216545,"[0.818569,0.805314,0.798621,0.79315,0.775737,0.792729,0.799062,0.824179,0.824911,0.612446,0.649316,0.647343,0.810002,0.756581,0.786688,0.778612,0.763634,0.749918,0.752213,0.739278,0.796447,0.785536,0.782861,0.757722,0.742373,0.743065,0.728678,0.765718,0.63564,0.762462]"
sym-224-final-candidate1,matrices,"(1024, 4096)",inductor_packed,replace,8.368621000000001,8.7000749,"[8.84358,8.694917,8.704295,8.498603,8.613412,8.574237,8.617079,8.510956,8.58081,8.508392,8.50246,8.366091,8.327026,8.445492,8.371151,8.408101,8.501879,8.240832,8.312048,8.306678,8.319202,8.26057,8.279587,8.21836,8.220774,8.26077,8.334751,8.298022,8.307219,8.238328]"
sym-224-final-candidate1,matrices,"(1024, 4096)",inductor_packed,invalidate_then_prepare,8.0007345,8.25064665,"[8.368565,8.11878,8.126885,8.241273,8.135963,8.222407,8.15033,8.258316,8.038757,7.953545,7.961991,7.886748,7.750679,7.802517,7.725993,7.832835,7.967932,8.070548,7.940751,7.830852,7.931113,7.88775,7.957924,8.007297,8.120623,8.154468,8.025282,7.994172,8.035621,7.983703]"
sym-224-final-candidate1,matrices,"(1024, 4096)",inductor_packed,reuse_1,8.793514,8.83497,"[8.837469,8.745774,8.824974,8.793514,8.769048]"
sym-224-final-candidate1,matrices,"(1024, 4096)",inductor_packed,reuse_2,9.266706,16.2234876,"[9.28469,9.210609,9.266706,9.265363,17.958187]"
sym-224-final-candidate1,matrices,"(1024, 4096)",inductor_packed,reuse_4,10.536564,10.6425456,"[10.500185,10.661652,10.536564,10.56612,10.522056]"
sym-224-final-candidate1,matrices,"(1024, 4096)",inductor_packed,reuse_8,12.465327,12.5325168,"[12.43007,12.5092,12.465327,12.538346,12.378432]"
sym-224-final-candidate1,matrices,"(1024, 4096)",inductor_packed,reuse_16,16.564813,16.724411,"[16.594459,16.564813,16.4632,16.514918,16.756899]"
sym-224-final-candidate1,matrices,"(1024, 4096)",inductor_packed,reuse_32,24.683733,24.8689702,"[24.705795,24.683733,24.581779,24.533728,24.909764]"
sym-224-final-candidate1,matrices,"(1024, 4096)",inductor_packed,reuse_64,40.839157,41.212552200000005,"[40.704781,40.980285,37.123632,41.270619,40.839157]"
sym-224-final-candidate1,matrices,"(4096, 1024)",sym_raw,warm,1.3986684999999999,1.5075359999999998,"[1.004092,1.446575,1.418191,1.401549,1.416117,1.408071,1.390278,1.341083,1.264799,1.398493,1.390649,1.392251,1.398844,1.426958,1.159408,1.198913,1.359709,1.4387,1.204263,1.545372,1.405627,1.203713,1.16054,1.16561,1.194284,1.461292,1.62786,1.459159,1.453979,1.450292]"
sym-224-final-candidate1,matrices,"(4096, 1024)",sym_raw,reuse_1,1.188263,1.4327846,"[1.48596,1.220083,1.182461,1.188263,1.149549]"
sym-224-final-candidate1,matrices,"(4096, 1024)",sym_raw,reuse_2,2.338333,2.393437,"[2.337931,2.338333,2.40036,2.303958,2.365745]"
sym-224-final-candidate1,matrices,"(4096, 1024)",sym_raw,reuse_4,4.465353,4.557783,"[4.547379,4.560384,4.417482,4.465353,4.421269]"
sym-224-final-candidate1,matrices,"(4096, 1024)",sym_raw,reuse_8,8.703112,8.873948,"[8.903885,8.661173,8.690499,8.703112,8.7542]"
sym-224-final-candidate1,matrices,"(4096, 1024)",sym_raw,reuse_16,17.66604,17.8690844,"[17.826114,17.409251,17.647745,17.66604,17.879827]"
sym-224-final-candidate1,matrices,"(4096, 1024)",sym_raw,reuse_32,36.745852,37.4176572,"[36.232766,36.633428,36.745852,37.436407,37.342658]"
sym-224-final-candidate1,matrices,"(4096, 1024)",sym_raw,reuse_64,72.172272,74.8017466,"[72.172272,70.888167,73.706213,75.07563,69.828499]"
sym-224-final-candidate1,matrices,"(4096, 1024)",sym_packed,warm,1.1450705,1.1905089,"[0.965529,1.188453,1.167263,1.140652,1.18203,1.158897,1.098682,1.108722,1.094264,1.112529,1.159748,1.120814,1.144229,1.153947,0.952363,0.990566,1.107289,1.185598,1.148808,1.162293,1.145912,0.957623,0.969476,0.96624,1.184376,0.996457,1.192191,1.176751,1.147845,1.206878]"
sym-224-final-candidate1,matrices,"(4096, 1024)",sym_packed,replace,9.41874,9.68942845,"[9.696214,9.738274,9.681135,9.631069,9.339645,9.312824,9.330999,9.313385,9.356146,9.446628,9.521711,9.533624,9.565034,9.523134,9.560826,9.307664,9.276665,9.318615,9.214587,9.300691,9.390852,9.563872,9.532813,9.530749,9.540737,9.542341,9.344274,9.283718,9.277666,9.250145]"
sym-224-final-candidate1,matrices,"(4096, 1024)",sym_packed,invalidate_then_prepare,9.479136,9.5996626,"[9.359583,9.365454,9.473981,9.516041,9.399719,9.562028,9.59488,9.333192,9.271314,9.326289,9.286263,9.419807,9.330126,9.484291,9.611131,9.499689,9.499719,9.602665,9.525869,9.574502,9.498708,9.556207,9.554003,9.446899,9.504057,9.595993,9.296883,9.317963,9.292785,9.273769]"
sym-224-final-candidate1,matrices,"(4096, 1024)",sym_packed,reuse_1,10.615134,10.6840484,"[10.686579,10.673926,10.609984,10.615134,10.568565]"
sym-224-final-candidate1,matrices,"(4096, 1024)",sym_packed,reuse_2,11.299777,11.505904,"[11.542219,11.360644,11.207972,11.222641,11.299777]"
sym-224-final-candidate1,matrices,"(4096, 1024)",sym_packed,reuse_4,13.204765,13.4508818,"[12.853917,13.032076,13.204765,13.228169,13.50656]"
sym-224-final-candidate1,matrices,"(4096, 1024)",sym_packed,reuse_8,17.0304,17.205296200000003,"[16.701413,16.952291,17.2462,17.041681,17.0304]"
sym-224-final-candidate1,matrices,"(4096, 1024)",sym_packed,reuse_16,24.082979,24.175085,"[24.183391,23.954535,24.082979,24.082097,24.141861]"
sym-224-final-candidate1,matrices,"(4096, 1024)",sym_packed,reuse_32,38.259905,38.970062,"[38.032282,38.259905,38.365606,38.1045,39.121176]"
sym-224-final-candidate1,matrices,"(4096, 1024)",sym_packed,reuse_64,65.667957,67.3682022,"[67.746655,65.667957,65.491731,65.053507,65.854391]"
sym-224-final-candidate1,matrices,"(4096, 1024)",torch_raw,warm,0.8515969999999999,0.89539905,"[0.833036,0.868954,0.864366,0.875838,0.869185,0.833167,0.79307,0.831353,0.842825,0.828708,0.845019,0.851131,0.784103,0.870257,0.852063,0.775677,0.836854,0.805534,0.863985,0.865087,0.867572,0.822767,0.797288,0.795985,0.902829,0.870477,0.880797,0.886318,0.883943,0.918299]"
sym-224-final-candidate1,matrices,"(4096, 1024)",torch_raw,reuse_1,0.763273,0.8279002,"[0.84042,0.777821,0.76112,0.763273,0.755499]"
sym-224-final-candidate1,matrices,"(4096, 1024)",torch_raw,reuse_2,1.485539,1.4919628,"[1.472884,1.483375,1.489566,1.492562,1.485539]"
sym-224-final-candidate1,matrices,"(4096, 1024)",torch_raw,reuse_4,2.946782,2.961036,"[2.962591,2.954816,2.938947,2.946782,2.938966]"
sym-224-final-candidate1,matrices,"(4096, 1024)",torch_raw,reuse_8,5.850701,5.879788,"[5.862804,5.82379,5.850701,5.834099,5.884034]"
sym-224-final-candidate1,matrices,"(4096, 1024)",torch_raw,reuse_16,11.83707,11.912021,"[11.724476,11.796343,11.83707,11.9262,11.855305]"
sym-224-final-candidate1,matrices,"(4096, 1024)",torch_raw,reuse_32,22.710666,22.8703444,"[22.710666,22.635203,22.611697,22.751694,22.900007]"
sym-224-final-candidate1,matrices,"(4096, 1024)",torch_raw,reuse_64,45.168651,45.428445599999996,"[45.261528,45.122373,45.470175,44.966496,45.168651]"
sym-224-final-candidate1,matrices,"(4096, 1024)",torch_packed,warm,0.7447285,0.7640456999999999,"[0.734067,0.762663,0.751781,0.747985,0.760398,0.730281,0.723127,0.71934,0.713729,0.747023,0.726634,0.757052,0.727165,0.755519,0.733677,0.680646,0.748525,0.686547,0.739688,0.739438,0.746652,0.742805,0.665076,0.675426,0.769184,0.761981,0.761109,0.757522,0.755219,0.765177]"
sym-224-final-candidate1,matrices,"(4096, 1024)",torch_packed,replace,9.421696,9.6401164,"[9.509408,9.577357,9.54162,9.484841,9.395331,9.487716,9.438614,9.529998,9.407564,9.559413,9.763782,9.691465,9.447169,9.510871,9.390212,9.449534,9.268619,9.370052,9.435988,9.386645,9.398687,9.435828,9.118764,9.08535,9.071414,9.076344,9.121319,9.134985,9.338031,9.338062]"
sym-224-final-candidate1,matrices,"(4096, 1024)",torch_packed,invalidate_then_prepare,9.5737205,10.0680908,"[9.57355,9.519337,9.16922,9.354382,9.320298,9.181043,9.260344,9.360574,9.573891,9.776337,9.735048,10.202398,10.107257,10.001265,9.559684,9.723996,9.868632,9.491274,9.460995,9.782558,9.588869,9.463571,9.551338,9.719668,9.763762,9.77838,10.020221,9.753533,9.515009,9.441219]"
sym-224-final-candidate1,matrices,"(4096, 1024)",torch_packed,reuse_1,10.194773,10.3032938,"[10.220833,10.0881,10.073502,10.323909,10.194773]"
sym-224-final-candidate1,matrices,"(4096, 1024)",torch_packed,reuse_2,10.876972,11.377441,"[10.876972,11.477756,10.976181,10.648507,10.653987]"
sym-224-final-candidate1,matrices,"(4096, 1024)",torch_packed,reuse_4,12.022974,12.210024,"[11.853963,11.97875,12.201104,12.022974,12.212254]"
sym-224-final-candidate1,matrices,"(4096, 1024)",torch_packed,reuse_8,14.183098,14.3623816,"[14.387738,14.260956,14.183098,14.156797,14.147641]"
sym-224-final-candidate1,matrices,"(4096, 1024)",torch_packed,reuse_16,18.733152,18.8926576,"[18.698185,18.751276,18.733152,18.576955,18.928003]"
sym-224-final-candidate1,matrices,"(4096, 1024)",torch_packed,reuse_32,27.673136,27.9441238,"[27.775891,27.986182,27.673136,27.504315,27.660081]"
sym-224-final-candidate1,matrices,"(4096, 1024)",torch_packed,reuse_64,46.305857,57.012017,"[46.305857,52.470105,58.147495,46.242656,46.27636]"
sym-224-final-candidate1,matrices,"(4096, 1024)",inductor_raw,warm,0.8023830000000001,0.8545087,"[0.751652,0.692559,0.821624,0.833417,0.806496,0.823628,0.772281,0.783281,0.647262,0.857953,0.759746,0.806436,0.789363,0.831684,0.650138,0.648606,0.809362,0.67731,0.79833,0.797017,0.862563,0.649166,0.652843,0.639999,0.849728,0.821865,0.836132,0.823849,0.838417,0.850299]"
sym-224-final-candidate1,matrices,"(4096, 1024)",inductor_raw,reuse_1,0.537163,0.8274838,"[0.900014,0.537363,0.534929,0.531582,0.537163]"
sym-224-final-candidate1,matrices,"(4096, 1024)",inductor_raw,reuse_2,1.056021,1.063259,"[1.059507,1.056021,1.064197,1.046152,1.052524]"
sym-224-final-candidate1,matrices,"(4096, 1024)",inductor_raw,reuse_4,2.086312,2.116482,"[2.086312,2.121339,2.097054,2.06403,2.075452]"
sym-224-final-candidate1,matrices,"(4096, 1024)",inductor_raw,reuse_8,4.158118,4.1945512,"[4.174008,4.132179,4.158118,4.199687,4.145013]"
sym-224-final-candidate1,matrices,"(4096, 1024)",inductor_raw,reuse_16,8.290226,8.3555026,"[8.290226,8.238198,8.325093,8.230983,8.363105]"
sym-224-final-candidate1,matrices,"(4096, 1024)",inductor_raw,reuse_32,16.48435,16.499120599999998,"[16.48435,16.492275,16.500832,16.47898,16.483929]"
sym-224-final-candidate1,matrices,"(4096, 1024)",inductor_raw,reuse_64,32.99511,33.0445824,"[33.053812,32.959773,32.93243,32.99511,33.007664]"
sym-224-final-candidate1,matrices,"(4096, 1024)",inductor_packed,warm,0.8091055,0.8421023,"[0.810333,0.824871,0.820582,0.807878,0.834049,0.823438,0.759426,0.753455,0.654056,0.790135,0.767772,0.843356,0.817056,0.836804,0.616214,0.663784,0.811395,0.791637,0.78738,1.117408,0.815893,0.653996,0.60396,0.608539,0.679053,0.821514,0.789113,0.81959,0.84057,0.812968]"
sym-224-final-candidate1,matrices,"(4096, 1024)",inductor_packed,replace,8.80944,9.1555373,"[9.03245,8.771533,8.930986,8.773707,9.094337,8.787223,8.911259,8.727179,8.658528,8.721658,8.633681,8.825125,8.706079,8.635113,9.092373,8.630414,8.718152,8.748058,8.974579,8.975341,8.793755,8.723812,8.875892,8.933632,9.105389,8.735354,8.897553,9.136548,9.285552,9.171074]"
sym-224-final-candidate1,matrices,"(4096, 1024)",inductor_packed,invalidate_then_prepare,8.9760725,17.712712149999984,"[8.806009,8.751966,8.931387,9.089909,9.039463,8.825876,8.838421,9.472188,9.186372,9.102754,9.083817,8.943711,9.26362,20.206528,14.16301,13.014653,14.664715,25.158257,9.324897,8.160099,8.944883,8.866243,8.831777,8.768887,8.965152,8.981673,8.946586,9.160533,8.876492,8.970472]"
sym-224-final-candidate1,matrices,"(4096, 1024)",inductor_packed,reuse_1,9.768782,9.909947,"[9.448933,9.594861,9.942513,9.779683,9.768782]"
sym-224-final-candidate1,matrices,"(4096, 1024)",inductor_packed,reuse_2,10.55542,10.9000398,"[10.289574,10.400064,10.965871,10.55542,10.636715]"
sym-224-final-candidate1,matrices,"(4096, 1024)",inductor_packed,reuse_4,11.60567,11.7457408,"[11.77362,11.634224,11.60567,11.415908,11.543692]"
sym-224-final-candidate1,matrices,"(4096, 1024)",inductor_packed,reuse_8,13.454811,13.7344736,"[13.5486,13.780942,13.219352,13.3492,13.454811]"
sym-224-final-candidate1,matrices,"(4096, 1024)",inductor_packed,reuse_16,17.50339,17.6499594,"[17.552253,17.674386,17.395996,17.50339,17.343095]"
sym-224-final-candidate1,matrices,"(4096, 1024)",inductor_packed,reuse_32,25.626078,25.7396824,"[25.580631,25.501511,25.626078,25.753521,25.684328]"
sym-224-final-candidate1,matrices,"(4096, 1024)",inductor_packed,reuse_64,41.952026,42.3156282,"[42.359121,41.608742,41.71267,42.141657,41.952026]"
sym-224-final-candidate1,models,llm_decode,sym_raw,warm,43.2443715,48.53029385,"[44.945396,43.520272,42.968471,47.047369,46.779379,48.384124,48.401337,48.635804,48.658577,47.892849,46.379276,46.94278,47.011631,47.433093,47.654555,48.054587,32.868859,33.027662,32.952088,32.714716,40.209588,33.003577,33.082236,32.914477,32.897203,33.148833,33.267068,33.306413,32.702443,32.862247]"
sym-224-final-candidate1,models,llm_decode,sym_packed,warm,33.6009035,37.45762715,"[34.133668,35.535157,32.964852,37.224805,35.509948,37.329734,37.562267,37.709577,36.853227,35.847361,35.991175,36.550891,36.514121,36.693132,36.446252,36.757254,27.121976,25.440955,25.343018,25.849793,33.068139,25.421759,25.570783,25.424954,25.535655,25.699036,25.697444,26.023565,25.683487,25.492664]"
sym-224-final-candidate1,models,llm_decode,torch_raw,warm,33.1012325,34.9835986,"[33.181986,33.391705,33.020479,33.79319,34.326425,34.909134,34.951065,35.010217,35.163569,33.717085,33.744487,33.70432,33.969185,33.911916,34.21886,34.209493,31.291866,31.302146,31.357201,31.265547,31.344708,31.324428,31.311143,31.288971,31.331342,31.36758,31.322946,31.336342,31.249696,31.343966]"
sym-224-final-candidate1,models,llm_decode,torch_packed,warm,28.8805595,33.30056225,"[29.785008,29.906209,28.68919,29.071929,32.957528,32.823794,32.636397,33.270084,32.757597,33.325499,31.73985,31.819251,31.798551,31.303989,31.966852,34.885079,26.600132,26.470856,26.265054,26.234787,26.527875,27.627539,26.263952,26.308648,26.229887,26.354504,26.244015,26.270816,26.263531,26.274753]"
sym-224-final-candidate1,models,llm_decode,inductor_raw,warm,36.967875,41.29116955,"[37.705129,37.292042,35.901845,36.643708,39.298092,40.948305,42.146938,41.310574,40.961139,41.267453,39.52815,40.297125,40.163991,41.249898,40.334717,40.957642,40.070814,26.852453,26.94583,26.913199,30.158338,33.325188,26.865938,26.954117,27.08196,27.172673,27.093683,26.743756,26.81912,26.988001]"
sym-224-final-candidate1,models,llm_decode,inductor_packed,warm,35.8896015,41.2928065,"[37.581423,36.055488,35.723715,38.645429,39.387913,41.349439,41.451953,40.330418,41.223589,40.779674,39.264078,40.098707,39.798636,39.980282,39.978989,40.112573,30.105458,26.846762,26.647733,26.775116,32.050882,29.551753,26.624569,26.853185,26.736913,26.905654,26.623247,26.584072,26.79283,26.756921]"
sym-224-final-candidate1,models,moe_sparse,sym_raw,warm,4.667498,4.83066735,"[4.747641,4.898598,4.644875,4.619006,4.617683,4.634365,4.617642,5.16711,4.639846,4.646448,4.655986,4.629316,4.646118,4.687676,4.64774,4.648512,4.666005,4.657519,4.685452,4.718024,4.66356,4.687406,4.685832,4.737291,4.668991,4.733965,4.687747,4.700971,4.680523,4.68434]"
sym-224-final-candidate1,models,moe_sparse,sym_packed,warm,3.5724525,3.65834745,"[3.576711,3.652716,3.554239,3.535903,3.535853,3.553647,3.544379,3.619102,3.570308,3.546443,3.55514,3.564919,3.574928,3.626906,3.558887,3.559889,3.593333,3.569176,3.582883,3.662955,3.585207,3.574146,3.571841,3.566651,3.566432,3.688284,3.595096,3.573064,3.578144,3.598192]"
sym-224-final-candidate1,models,moe_sparse,torch_raw,warm,3.4659495,3.48767335,"[3.48148,3.467263,3.526385,3.43956,3.443798,3.477582,3.456091,3.433759,3.470168,3.438507,3.461251,3.449218,3.464757,3.445671,3.45573,3.455961,3.449198,3.484234,3.467994,3.445722,3.467142,3.462733,3.485728,3.462533,3.478774,3.472002,3.489265,3.472682,3.477411,3.472382]"
sym-224-final-candidate1,models,moe_sparse,torch_packed,warm,3.0857004999999997,3.11696645,"[3.075316,3.100113,3.107247,3.091246,3.067141,3.063754,3.073844,3.092379,3.061219,3.101315,3.077821,3.065467,3.073693,3.085355,3.077831,3.111885,3.083101,3.091096,3.088542,3.084895,3.084313,3.121124,3.086046,3.070417,3.100414,3.099121,3.091537,3.12479,3.089293,3.077751]"
sym-224-final-candidate1,models,moe_sparse,inductor_raw,warm,3.6805335,3.7419653,"[3.725935,3.755081,3.72315,3.668877,3.6603,3.710977,3.703231,3.648948,3.66056,3.657114,3.669468,3.678986,3.647927,3.641665,3.649139,3.660941,3.662264,3.706939,3.680989,3.666342,3.713892,3.680078,3.694355,3.688965,4.30112,3.683685,3.698272,3.678715,3.695507,3.700437]"
sym-224-final-candidate1,models,moe_sparse,inductor_packed,warm,3.5893395,3.7085293499999996,"[3.607059,3.695638,3.536484,3.573084,3.560359,3.710085,3.582121,3.560199,3.553557,3.574557,3.570368,3.669437,3.577473,3.57124,3.567744,3.594014,3.564738,3.671542,3.601639,3.58721,3.610796,3.593042,3.595727,3.706628,3.627287,3.617899,3.581149,3.591469,3.57579,3.716407]"
sym-224-final-control1,matrices,"(256, 1024)",sym_raw,warm,0.563583,0.6300131499999999,"[0.641531,0.617466,0.585816,0.552141,0.587398,0.559706,0.547713,0.640279,0.544286,0.550478,0.581617,0.571478,0.547723,0.596125,0.557161,0.532634,0.58242,0.5305,0.588391,0.612497,0.56746,0.537864,0.590404,0.55185,0.537754,0.584823,0.531723,0.533436,0.605132,0.521493]"
sym-224-final-control1,matrices,"(256, 1024)",torch_raw,warm,0.26577150000000005,0.28776005,"[0.291936,0.264394,0.276146,0.26775,0.249765,0.268561,0.257481,0.26259,0.280734,0.253092,0.242762,0.280374,0.275735,0.245518,0.268211,0.253784,0.242712,0.266558,0.272378,0.249125,0.284322,0.290573,0.264985,0.273952,0.25722,0.243814,0.273681,0.263582,0.240528,0.273681]"
sym-224-final-control1,matrices,"(256, 1024)",inductor_raw,warm,0.3776345,0.42416645,"[0.391265,0.368191,0.378801,0.415742,0.35207,0.389382,0.396836,0.372108,0.371377,0.395263,0.340649,0.376918,0.39906,0.378351,0.370235,0.411413,0.348784,0.353534,0.415752,0.385715,0.378631,0.441811,0.347351,0.360527,0.431051,0.342482,0.35175,0.397637,0.354786,0.347201]"
sym-224-final-control1,matrices,"(1024, 4096)",sym_raw,warm,1.185277,1.5276035999999986,"[1.021234,1.196218,1.185347,1.14998,1.188583,1.759611,1.241073,1.188473,1.188193,1.168264,1.194605,1.182341,1.171762,1.19192,1.184977,1.149469,1.191198,1.207841,3.473554,1.184806,1.185207,1.185177,1.181761,1.174767,1.182171,1.17121,1.178194,1.244039,1.194375,1.186489]"
sym-224-final-control1,matrices,"(1024, 4096)",torch_raw,warm,0.789223,0.8527135999999998,"[0.783111,0.789413,0.783212,0.785376,0.803901,0.829189,0.789033,0.795975,0.778192,0.775596,0.786237,0.793822,0.789704,0.792099,0.784233,0.794874,0.794433,0.797458,0.871961,0.774935,1.006807,0.794533,0.788511,0.793361,0.785916,0.788231,0.783512,0.790886,0.785496,0.785325]"
sym-224-final-control1,matrices,"(1024, 4096)",inductor_raw,warm,0.6158779999999999,0.6485437499999999,"[0.617907,0.609079,0.618187,0.606064,0.598239,0.605954,0.818759,0.606475,0.623737,0.618388,0.621784,0.606926,0.615472,0.622154,0.608068,0.615502,0.632525,0.66165,0.622014,0.632394,0.613588,0.612606,0.631232,0.626693,0.61443,0.61982,0.612135,0.607406,0.611525,0.616254]"
sym-224-final-control1,matrices,"(4096, 1024)",sym_raw,warm,1.1316905,1.1579652999999999,"[0.972111,1.115053,1.145241,1.125964,1.123991,1.119883,1.119422,1.114182,1.135532,1.127236,1.111757,1.117218,1.12384,1.120203,1.161892,1.144539,1.148236,1.143627,1.129922,1.132908,1.134621,1.14479,1.120143,1.151283,1.37046,1.136474,1.130473,1.148096,1.149249,1.153166]"
sym-224-final-control1,matrices,"(4096, 1024)",torch_raw,warm,0.762537,0.77447835,"[0.763344,0.751952,0.755208,0.754186,0.76697,0.76645,0.764085,0.762061,0.764776,0.753655,0.748696,0.762872,0.756079,0.771219,0.76663,0.76126,0.772511,0.753835,0.762452,0.747744,0.76667,0.753575,0.763725,0.912427,0.762622,0.752844,0.767592,0.761731,0.762031,0.776088]"
sym-224-final-control1,matrices,"(4096, 1024)",inductor_raw,warm,0.617446,0.6379315999999999,"[0.593159,0.618538,0.613709,0.623217,0.61986,0.615893,0.610493,0.618598,0.615542,0.61952,0.616153,0.617446,0.617896,0.617446,0.617526,0.626864,0.606555,0.631743,0.617617,0.642995,0.616224,0.597407,0.60967,0.617916,0.750299,0.611805,0.628446,0.597678,0.601566,0.595123]"
sym-224-final-main2,matrices,"(256, 1024)",sym_raw,warm,0.560798,0.6429669,"[0.647142,0.625982,0.583591,0.545759,0.637864,0.566539,0.526983,0.600824,0.546631,0.520401,0.633596,0.547642,0.525861,0.585595,0.596917,0.51951,0.651,0.559135,0.531522,0.59857,0.547964,0.518878,0.590895,0.544747,0.517937,0.594011,0.528677,0.54589,0.592538,0.562461]"
sym-224-final-main2,matrices,"(256, 1024)",torch_raw,warm,0.2581215,0.29561585,"[0.297176,0.254014,0.293709,0.271507,0.256939,0.282758,0.258382,0.249635,0.301444,0.258393,0.245587,0.269583,0.251088,0.243804,0.268682,0.257861,0.24146,0.268642,0.258402,0.253072,0.267519,0.256618,0.252762,0.292126,0.245587,0.242692,0.268752,0.245658,0.242411,0.265155]"
sym-224-final-main2,matrices,"(256, 1024)",inductor_raw,warm,0.37165800000000004,0.42159785,"[0.36265,0.366457,0.398359,0.423176,0.351279,0.383951,0.434527,0.358423,0.364333,0.419669,0.349545,0.372099,0.409039,0.349455,0.380334,0.410712,0.377058,0.384802,0.41531,0.359044,0.371217,0.40433,0.359996,0.362861,0.415041,0.347211,0.362651,0.398789,0.346691,0.368041]"
sym-224-final-main2,matrices,"(1024, 4096)",sym_raw,warm,1.1837840000000002,1.19533095,"[1.033448,1.183874,1.173865,1.180859,1.171521,1.180337,1.168496,1.184325,1.486951,1.189415,1.18172,1.18674,1.183694,1.180658,1.184436,1.184515,1.164177,1.184927,1.179186,1.177012,1.192741,1.171741,1.19745,1.161552,1.185939,1.183875,1.188573,1.189956,1.188643,1.179856]"
sym-224-final-main2,matrices,"(1024, 4096)",torch_raw,warm,0.7915875,0.8086677999999999,"[0.794363,0.794973,0.795545,0.788632,0.791547,0.80365,0.790585,0.800614,0.823688,0.794954,0.790475,0.778974,0.779314,0.784594,0.796737,0.791628,0.786358,0.791116,0.794693,0.812527,0.798491,0.803951,0.787299,0.790024,0.790576,0.775166,0.790074,0.797038,0.796366,0.789564]"
sym-224-final-main2,matrices,"(1024, 4096)",inductor_raw,warm,0.620331,0.64979285,"[0.6142,0.620782,0.631132,0.600774,0.608128,0.628658,0.6037,0.611014,0.62484,0.760278,0.638616,0.613999,0.653675,0.621062,0.645048,0.626232,0.615773,0.614209,0.604501,0.619449,0.628076,0.634538,0.613458,0.599382,0.61988,0.627775,0.625892,0.635691,0.60345,0.614981]"
sym-224-final-main2,matrices,"(4096, 1024)",sym_raw,warm,1.138593,1.15371405,"[0.999443,1.143086,1.127397,1.146123,1.153367,1.152124,1.10264,1.134099,1.152395,1.137076,1.153998,1.153256,1.098141,1.1396,1.100916,1.128509,1.12368,1.126886,1.133849,1.195076,1.133228,1.127246,1.139039,1.143417,1.140572,1.141874,1.146413,1.140051,1.133849,1.138147]"
sym-224-final-main2,matrices,"(4096, 1024)",torch_raw,warm,0.765057,0.77304255,"[0.773232,0.772811,0.75625,0.753445,0.765978,0.756501,0.768243,0.761851,0.755018,0.753856,0.757252,0.75599,0.756701,0.768003,0.774354,0.76673,0.769065,0.767101,0.758214,0.765978,0.765678,0.762512,0.755779,0.764436,0.76629,0.7718,0.767922,0.753324,0.755309,0.76685]"
sym-224-final-main2,matrices,"(4096, 1024)",inductor_raw,warm,0.6241685,0.64892025,"[0.600764,0.623587,0.617185,0.615282,0.62475,0.606946,0.602206,0.631172,0.618878,0.637494,0.63017,0.606755,0.601605,0.610433,0.60422,0.635119,0.607437,0.631623,0.607947,0.601305,0.628146,0.68798,0.627836,0.625251,0.654687,0.63006,0.641872,0.63011,0.637213,0.623468]"
sym-224-final-candidate2,matrices,"(256, 1024)",torch_raw,warm,0.26846099999999995,0.29705339999999997,"[0.279181,0.310631,0.270776,0.281977,0.268361,0.270415,0.253443,0.294981,0.271928,0.264444,0.260967,0.286075,0.250397,0.298749,0.259885,0.255737,0.268381,0.253653,0.25196,0.277138,0.266327,0.265847,0.275775,0.255997,0.254093,0.279342,0.267018,0.269694,0.274032,0.268541]"
sym-224-final-candidate2,matrices,"(256, 1024)",torch_raw,reuse_1,0.216192,0.25675319999999996,"[0.265576,0.214719,0.216192,0.221462,0.210721]"
sym-224-final-candidate2,matrices,"(256, 1024)",torch_raw,reuse_2,0.406494,0.4095862,"[0.406494,0.409961,0.400873,0.408087,0.39936]"
sym-224-final-candidate2,matrices,"(256, 1024)",torch_raw,reuse_4,0.788902,0.7955562,"[0.796586,0.791437,0.782671,0.788902,0.788682]"
sym-224-final-candidate2,matrices,"(256, 1024)",torch_raw,reuse_8,1.553307,1.5586038,"[1.559179,1.547537,1.556303,1.544,1.553307]"
sym-224-final-candidate2,matrices,"(256, 1024)",torch_raw,reuse_16,3.083471,3.1491108,"[3.083842,3.078562,3.165428,3.083471,3.07782]"
sym-224-final-candidate2,matrices,"(256, 1024)",torch_raw,reuse_32,6.155823,6.161711,"[6.161583,6.161743,6.155823,6.153518,6.154108]"
sym-224-final-candidate2,matrices,"(256, 1024)",torch_raw,reuse_64,12.270336,12.3171208,"[12.260948,12.270336,12.328767,12.260768,12.270536]"
sym-224-final-candidate2,matrices,"(256, 1024)",torch_packed,warm,0.23059849999999998,0.2535349499999999,"[0.236981,0.269734,0.260316,0.23138,0.219799,0.244526,0.216743,0.243664,0.231861,0.217495,0.217714,0.21513,0.216222,0.240539,0.22076,0.236781,0.229817,0.224949,0.239997,0.245247,0.223155,0.236109,0.234376,0.215701,0.217404,0.240768,0.22076,0.222714,0.231461,0.229718]"
sym-224-final-candidate2,matrices,"(256, 1024)",torch_packed,replace,0.3134865,0.34038754999999987,"[0.464896,0.352691,0.32535,0.31486,0.312315,0.319789,0.311914,0.310982,0.322223,0.313687,0.311183,0.32006,0.312054,0.310681,0.318296,0.312695,0.312064,0.31985,0.313687,0.310431,0.317234,0.311543,0.310952,0.318016,0.313286,0.310902,0.318216,0.311434,0.311113,0.318376]"
sym-224-final-candidate2,matrices,"(256, 1024)",torch_packed,invalidate_then_prepare,0.312054,0.31947355,"[0.316923,0.312164,0.318917,0.312956,0.310111,0.317725,0.313137,0.310241,0.310712,0.32004,0.310451,0.310832,0.317775,0.311684,0.31008,0.317725,0.311363,0.311854,0.318847,0.311924,0.311783,0.319308,0.313146,0.311173,0.319609,0.314408,0.310211,0.318246,0.311534,0.311944]"
sym-224-final-candidate2,matrices,"(256, 1024)",torch_packed,reuse_1,0.525871,0.536868,"[0.539016,0.518777,0.528276,0.517967,0.525871]"
sym-224-final-candidate2,matrices,"(256, 1024)",torch_packed,reuse_2,0.70404,0.7092068,"[0.710363,0.696396,0.70404,0.704582,0.702948]"
sym-224-final-candidate2,matrices,"(256, 1024)",torch_packed,reuse_4,1.062023,1.0668614,"[1.065739,1.067142,1.060129,1.058575,1.062023]"
sym-224-final-candidate2,matrices,"(256, 1024)",torch_packed,reuse_8,1.779669,1.7807288,"[1.780841,1.78028,1.770782,1.779669,1.778427]"
sym-224-final-candidate2,matrices,"(256, 1024)",torch_packed,reuse_16,3.208459,3.2100024,"[3.208459,3.20884,3.210293,3.207218,3.20353]"
sym-224-final-candidate2,matrices,"(256, 1024)",torch_packed,reuse_32,6.068055,6.0741686,"[6.064548,6.073295,6.068055,6.074387,6.065279]"
sym-224-final-candidate2,matrices,"(256, 1024)",torch_packed,reuse_64,11.753571,11.784597,"[11.782377,11.785152,11.753571,11.747309,11.74746]"
sym-224-final-candidate2,matrices,"(256, 1024)",inductor_raw,warm,0.3925075,0.43021799999999993,"[0.445538,0.408388,0.437103,0.410071,0.413176,0.421803,0.399381,0.382709,0.387949,0.386817,0.381266,0.368382,0.374082,0.369413,0.410051,0.382578,0.393299,0.37272,0.374082,0.408197,0.411433,0.408077,0.412886,0.372829,0.368422,0.374463,0.391716,0.412866,0.403568,0.385554]"
sym-224-final-candidate2,matrices,"(256, 1024)",inductor_raw,reuse_1,0.293969,0.37897739999999996,"[0.399841,0.293969,0.286436,0.290393,0.295523]"
sym-224-final-candidate2,matrices,"(256, 1024)",inductor_raw,reuse_2,0.545068,0.5480798,"[0.542343,0.548685,0.545068,0.536331,0.545659]"
sym-224-final-candidate2,matrices,"(256, 1024)",inductor_raw,reuse_4,1.06118,1.0632464,"[1.063615,1.059398,1.061772,1.051492,1.06118]"
sym-224-final-candidate2,matrices,"(256, 1024)",inductor_raw,reuse_8,2.083958,2.1082744,"[2.082385,2.111811,2.083958,2.072907,2.094128]"
sym-224-final-candidate2,matrices,"(256, 1024)",inductor_raw,reuse_16,4.123081,4.1299476,"[4.124794,4.121478,4.123081,4.131236,4.120216]"
sym-224-final-candidate2,matrices,"(256, 1024)",inductor_raw,reuse_32,8.233128,8.2541762,"[8.252485,8.254599,8.233128,8.211536,8.231424]"
sym-224-final-candidate2,matrices,"(256, 1024)",inductor_raw,reuse_64,16.443021,16.443223,"[16.443261,16.443071,16.426761,16.426149,16.443021]"
sym-224-final-candidate2,matrices,"(256, 1024)",inductor_packed,warm,0.324518,0.38649225,"[0.356118,0.341199,0.343995,0.43577,0.321312,0.339246,0.312405,0.311453,0.324778,0.387498,0.314479,0.319929,0.311333,0.307525,0.324258,0.374904,0.331321,0.316302,0.31542,0.314489,0.328426,0.383891,0.333745,0.308738,0.312505,0.308677,0.328756,0.385263,0.348193,0.322084]"
sym-224-final-candidate2,matrices,"(256, 1024)",inductor_packed,replace,0.31310099999999996,0.3368197499999999,"[0.377799,0.347622,0.319669,0.31547,0.310742,0.315882,0.312405,0.311553,0.319188,0.313397,0.311343,0.318356,0.312805,0.310471,0.319057,0.313487,0.310821,0.318556,0.312254,0.311253,0.318676,0.312285,0.310551,0.323617,0.311804,0.310351,0.318577,0.311133,0.311162,0.317485]"
sym-224-final-candidate2,matrices,"(256, 1024)",inductor_packed,invalidate_then_prepare,0.312029,0.318379,"[0.314629,0.310872,0.318296,0.312465,0.311102,0.318346,0.311543,0.310832,0.317304,0.313236,0.311192,0.316533,0.312345,0.312174,0.311043,0.318406,0.310762,0.310181,0.317274,0.311884,0.310933,0.318076,0.311153,0.309981,0.317374,0.312575,0.311353,0.318827,0.311833,0.310862]"
sym-224-final-candidate2,matrices,"(256, 1024)",inductor_packed,reuse_1,0.607106,0.6261198,"[0.628977,0.614691,0.599312,0.607106,0.599792]"
sym-224-final-candidate2,matrices,"(256, 1024)",inductor_packed,reuse_2,0.863334,0.8638008,"[0.863584,0.859727,0.863855,0.859347,0.863334]"
sym-224-final-candidate2,matrices,"(256, 1024)",inductor_packed,reuse_4,1.372423,1.3777616,"[1.372423,1.378395,1.368887,1.364308,1.375228]"
sym-224-final-candidate2,matrices,"(256, 1024)",inductor_packed,reuse_8,2.38934,2.4091756,"[2.38934,2.391214,2.388288,2.383779,2.413666]"
sym-224-final-candidate2,matrices,"(256, 1024)",inductor_packed,reuse_16,4.445275,4.4466030000000005,"[4.445275,4.446627,4.436669,4.444603,4.446507]"
sym-224-final-candidate2,matrices,"(256, 1024)",inductor_packed,reuse_32,8.533219,8.5456746,"[8.534101,8.533219,8.524863,8.520344,8.548568]"
sym-224-final-candidate2,matrices,"(256, 1024)",inductor_packed,reuse_64,16.693839,16.7058616,"[16.692787,16.696844,16.708116,16.685543,16.693839]"
sym-224-final-candidate2,matrices,"(256, 1024)",sym_raw,warm,0.5768535,0.62455485,"[0.628707,0.592147,0.584183,0.594522,0.580155,0.655688,0.618267,0.567411,0.570517,0.566619,0.596526,0.570697,0.553835,0.617757,0.549386,0.549456,0.552282,0.576338,0.566749,0.586958,0.58296,0.563092,0.595815,0.577369,0.56192,0.61948,0.575817,0.567761,0.572971,0.583711]"
sym-224-final-candidate2,matrices,"(256, 1024)",sym_raw,reuse_1,0.453795,0.5883579999999999,"[0.61473,0.48287,0.453795,0.445608,0.45167]"
sym-224-final-candidate2,matrices,"(256, 1024)",sym_raw,reuse_2,0.847414,0.8582422000000001,"[0.859647,0.852623,0.847414,0.838196,0.843967]"
sym-224-final-candidate2,matrices,"(256, 1024)",sym_raw,reuse_4,1.665712,1.667638,"[1.665712,1.665762,1.646315,1.660041,1.668107]"
sym-224-final-candidate2,matrices,"(256, 1024)",sym_raw,reuse_8,3.282661,3.2945378,"[3.277742,3.282661,3.285897,3.296698,3.28232]"
sym-224-final-candidate2,matrices,"(256, 1024)",sym_raw,reuse_16,6.528632,12.533943599999999,"[6.557026,6.528632,6.524614,6.521739,14.028173]"
sym-224-final-candidate2,matrices,"(256, 1024)",sym_raw,reuse_32,13.040111,13.0836538,"[13.063897,13.088593,13.037246,13.023098,13.040111]"
sym-224-final-candidate2,matrices,"(256, 1024)",sym_raw,reuse_64,25.989239,25.9991058,"[25.989239,25.971696,25.994369,25.986053,26.00029]"
sym-224-final-candidate2,matrices,"(256, 1024)",sym_packed,warm,0.393058,0.46186059999999995,"[0.395704,0.458543,0.39414,0.402898,0.385253,0.469153,0.401795,0.384963,0.406353,0.374764,0.370595,0.443895,0.381597,0.418186,0.379953,0.374673,0.384001,0.438615,0.386115,0.391606,0.386546,0.375615,0.43068,0.464575,0.382398,0.391976,0.385474,0.417645,0.401776,0.457942]"
sym-224-final-candidate2,matrices,"(256, 1024)",sym_packed,replace,0.4218985,0.4561876499999999,"[0.705233,0.473541,0.432925,0.434978,0.427204,0.427564,0.42554,0.427343,0.418206,0.416433,0.428406,0.415982,0.427795,0.416834,0.422604,0.415982,0.421303,0.422565,0.413457,0.426051,0.413998,0.422845,0.413618,0.420901,0.414629,0.422184,0.420641,0.415762,0.421613,0.415091]"
sym-224-final-candidate2,matrices,"(256, 1024)",sym_packed,invalidate_then_prepare,0.421267,0.42523955,"[0.438966,0.421362,0.417455,0.424599,0.421923,0.424428,0.416423,0.425019,0.421683,0.415771,0.424759,0.413878,0.423827,0.414719,0.421172,0.414008,0.413908,0.422434,0.414019,0.421543,0.41493,0.421773,0.419709,0.415171,0.424218,0.414419,0.42542,0.417054,0.421714,0.41516]"
sym-224-final-candidate2,matrices,"(256, 1024)",sym_packed,reuse_1,0.786257,0.85924,"[0.876579,0.789884,0.786257,0.778472,0.776849]"
sym-224-final-candidate2,matrices,"(256, 1024)",sym_packed,reuse_2,1.086689,1.0921798,"[1.089655,1.086689,1.084746,1.092811,1.085056]"
sym-224-final-candidate2,matrices,"(256, 1024)",sym_packed,reuse_4,1.721097,1.7252554,"[1.716449,1.725526,1.724173,1.71745,1.721097]"
sym-224-final-candidate2,matrices,"(256, 1024)",sym_packed,reuse_8,2.983542,2.9962698000000003,"[2.982249,2.983542,2.980415,2.991357,2.997498]"
sym-224-final-candidate2,matrices,"(256, 1024)",sym_packed,reuse_16,5.512406,5.5299166,"[5.512406,5.508749,5.532235,5.509271,5.520643]"
sym-224-final-candidate2,matrices,"(256, 1024)",sym_packed,reuse_32,10.568514,10.5952312,"[10.599964,10.568514,10.564548,10.558175,10.5763]"
sym-224-final-candidate2,matrices,"(256, 1024)",sym_packed,reuse_64,20.662266,20.732497,"[20.662266,20.639693,20.665361,20.749281,20.626227]"
sym-224-final-candidate2,matrices,"(1024, 4096)",torch_raw,warm,0.7874745,0.796708,"[0.704532,0.785596,0.778953,0.785145,0.790085,0.79313,0.787179,0.792529,0.787831,0.784103,0.785967,0.793782,0.789022,0.78804,0.776288,0.791748,0.78777,0.774876,0.786418,0.799102,0.783051,0.790114,0.79313,0.801457,0.776579,0.792269,0.786147,0.779505,0.790094,0.778953]"
sym-224-final-candidate2,matrices,"(1024, 4096)",torch_raw,reuse_1,0.661139,0.7673416,"[0.79272,0.665828,0.659416,0.658925,0.661139]"
sym-224-final-candidate2,matrices,"(1024, 4096)",torch_raw,reuse_2,1.300537,1.3081452,"[1.309143,1.300126,1.300537,1.304154,1.299605]"
sym-224-final-candidate2,matrices,"(1024, 4096)",torch_raw,reuse_4,2.587117,2.602534,"[2.586025,2.605692,2.589902,2.582238,2.587117]"
sym-224-final-candidate2,matrices,"(1024, 4096)",torch_raw,reuse_8,5.161659,5.1744914,"[5.176417,5.161659,5.155547,5.166789,5.152342]"
sym-224-final-candidate2,matrices,"(1024, 4096)",torch_raw,reuse_16,10.317517,10.3238868,"[10.306366,10.323238,10.317517,10.324049,10.310954]"
sym-224-final-candidate2,matrices,"(1024, 4096)",torch_raw,reuse_32,19.722977,19.8184384,"[19.841262,19.717527,19.722977,19.722867,19.727144]"
sym-224-final-candidate2,matrices,"(1024, 4096)",torch_raw,reuse_64,39.356884,39.4315188,"[39.434663,39.418942,39.356884,39.325946,39.308612]"
sym-224-final-candidate2,matrices,"(1024, 4096)",torch_packed,warm,0.6753560000000001,0.68311705,"[0.674193,0.68266,0.681348,0.667411,0.669144,0.675617,0.662632,0.669635,0.677631,0.677299,0.68789,0.671829,0.678623,0.673963,0.678602,0.660468,0.670176,0.678461,0.657101,0.675666,0.670837,0.675095,0.683491,0.676117,0.670597,0.678863,0.672341,0.679383,0.672911,0.681858]"
sym-224-final-candidate2,matrices,"(1024, 4096)",torch_packed,replace,4.621214500000001,5.389468249999997,"[9.016038,4.700981,4.609357,4.625799,4.644935,4.616771,4.610459,4.607744,4.60054,4.594479,4.648461,4.599819,4.634946,4.658721,4.633604,4.606943,4.620478,4.602324,4.622692,5.952776,4.683649,4.593957,4.592134,4.633172,4.621951,4.621951,4.608485,4.618083,4.634385,4.59481]"
sym-224-final-candidate2,matrices,"(1024, 4096)",torch_packed,invalidate_then_prepare,4.5466075,4.5919031,"[4.601222,4.56392,4.539685,4.582376,4.537421,4.551196,4.546908,4.575674,4.550365,4.538202,4.564081,4.52663,4.576315,4.541688,4.544514,4.546307,4.576214,4.599698,4.535887,4.542459,4.542801,4.555945,4.534304,4.572266,4.539955,4.567338,4.539865,4.580322,4.536148,4.538061]"
sym-224-final-candidate2,matrices,"(1024, 4096)",torch_packed,reuse_1,5.252352,5.2843002,"[5.289472,5.252352,5.233055,5.263613,5.233476]"
sym-224-final-candidate2,matrices,"(1024, 4096)",torch_packed,reuse_2,5.816757,5.8229784,"[5.773734,5.768415,5.816757,5.819892,5.82375]"
sym-224-final-candidate2,matrices,"(1024, 4096)",torch_packed,reuse_4,6.832851,6.8543968,"[6.799628,6.832851,6.822631,6.833092,6.859723]"
sym-224-final-candidate2,matrices,"(1024, 4096)",torch_packed,reuse_8,8.937079,8.967952200000001,"[8.937079,8.961885,8.969469,8.909015,8.911119]"
sym-224-final-candidate2,matrices,"(1024, 4096)",torch_packed,reuse_16,13.109022,13.1330198,"[13.104343,13.096198,13.134651,13.126495,13.109022]"
sym-224-final-candidate2,matrices,"(1024, 4096)",torch_packed,reuse_32,21.451058,21.4999848,"[21.430498,21.430298,21.494992,21.501233,21.451058]"
sym-224-final-candidate2,matrices,"(1024, 4096)",torch_packed,reuse_64,38.147311,38.1577048,"[38.152832,38.158923,38.140588,38.098689,38.147311]"
sym-224-final-candidate2,matrices,"(1024, 4096)",inductor_raw,warm,0.620587,0.6343344,"[0.636471,0.611394,0.613739,0.616835,0.605352,0.600834,0.619419,0.620292,0.62522,0.623868,0.626904,0.620672,0.607266,0.622765,0.615872,0.622796,0.627024,0.628507,0.612877,0.623226,0.622986,0.624769,0.61949,0.592458,0.631723,0.620502,0.617636,0.605433,0.623117,0.64583]"
sym-224-final-candidate2,matrices,"(1024, 4096)",inductor_raw,reuse_1,0.485585,0.5593992,"[0.57768,0.485484,0.485585,0.479113,0.486276]"
sym-224-final-candidate2,matrices,"(1024, 4096)",inductor_raw,reuse_2,0.953636,0.9549384,"[0.953285,0.953636,0.95048,0.953656,0.955259]"
sym-224-final-candidate2,matrices,"(1024, 4096)",inductor_raw,reuse_4,1.888566,1.8933254000000002,"[1.894087,1.888566,1.878397,1.890279,1.882284]"
sym-224-final-candidate2,matrices,"(1024, 4096)",inductor_raw,reuse_8,3.757344,3.7674895999999998,"[3.768235,3.742677,3.764508,3.752004,3.757344]"
sym-224-final-candidate2,matrices,"(1024, 4096)",inductor_raw,reuse_16,7.476638,7.491514,"[7.46738,7.494592,7.476638,7.479202,7.476557]"
sym-224-final-candidate2,matrices,"(1024, 4096)",inductor_raw,reuse_32,14.943536,14.9558134,"[14.941803,14.943536,14.952743,14.935821,14.956581]"
sym-224-final-candidate2,matrices,"(1024, 4096)",inductor_raw,reuse_64,29.852526,29.8666764,"[29.860802,29.820965,29.819473,29.852526,29.868145]"
sym-224-final-candidate2,matrices,"(1024, 4096)",inductor_packed,warm,0.6209575,0.6316376499999999,"[0.599051,0.591556,0.629388,0.612557,0.608809,0.623327,0.622356,0.59296,0.605884,0.621744,0.600173,0.629349,0.60377,0.592178,0.622706,0.589983,0.597948,0.594221,0.633907,0.630701,0.624499,0.617546,0.620692,0.618528,0.630271,0.627705,0.621223,0.624018,0.632404,0.625852]"
sym-224-final-candidate2,matrices,"(1024, 4096)",inductor_packed,replace,4.6183695,4.66340945,"[4.790131,4.634755,4.618915,4.596493,4.619676,4.592986,4.610209,4.603116,4.621881,4.601863,4.609568,4.615589,4.667999,4.615959,4.596383,4.61072,4.629807,4.639094,4.629075,4.617824,4.636469,4.623725,4.608305,4.648913,4.634835,4.604327,4.626851,4.617473,4.6578,4.604447]"
sym-224-final-candidate2,matrices,"(1024, 4096)",inductor_packed,invalidate_then_prepare,4.5443335000000005,4.5832863,"[4.542019,4.578579,4.587105,4.53231,4.531189,4.552459,4.535046,4.529285,4.556046,4.578619,4.566296,4.565263,4.533543,4.532591,4.594599,4.552589,4.535066,4.532882,4.548411,4.525738,4.545686,4.546417,4.542981,4.550685,4.535357,4.560665,4.52658,4.556657,4.53733,4.531949]"
sym-224-final-candidate2,matrices,"(1024, 4096)",inductor_packed,reuse_1,5.194552,5.2469276,"[5.123887,5.259095,5.198258,5.194552,5.19408]"
sym-224-final-candidate2,matrices,"(1024, 4096)",inductor_packed,reuse_2,5.679966,5.7023544,"[5.673343,5.679966,5.658936,5.690476,5.705324]"
sym-224-final-candidate2,matrices,"(1024, 4096)",inductor_packed,reuse_4,6.618983,6.6432602,"[6.60117,6.614295,6.647278,6.627189,6.618983]"
sym-224-final-candidate2,matrices,"(1024, 4096)",inductor_packed,reuse_8,8.451974,8.470213,"[8.432267,8.474347,8.451974,8.44971,8.453677]"
sym-224-final-candidate2,matrices,"(1024, 4096)",inductor_packed,reuse_16,12.154405,12.166642000000001,"[12.138585,12.156158,12.169263,12.154405,12.13068]"
sym-224-final-candidate2,matrices,"(1024, 4096)",inductor_packed,reuse_32,19.471127,21.2318828,"[19.438234,21.648464,19.565558,19.449186,19.471127]"
sym-224-final-candidate2,matrices,"(1024, 4096)",inductor_packed,reuse_64,34.082721,34.101608999999996,"[34.080898,34.065678,34.104713,34.082721,34.089193]"
sym-224-final-candidate2,matrices,"(1024, 4096)",sym_raw,warm,1.1822365000000001,1.1953343,"[1.217528,1.181791,1.183023,1.181129,1.18687,1.177863,1.189695,1.184876,1.183173,1.190206,1.180127,1.196489,1.187671,1.19209,1.182512,1.172894,1.181961,1.185617,1.172683,1.17671,1.181049,1.180558,1.175067,1.178394,1.161552,1.186529,1.193923,1.154048,1.178454,1.18685]"
sym-224-final-candidate2,matrices,"(1024, 4096)",sym_raw,reuse_1,0.84561,1.3484854,"[1.465911,0.878783,0.84561,0.841393,0.837124]"
sym-224-final-candidate2,matrices,"(1024, 4096)",sym_raw,reuse_2,1.634282,1.6454532000000002,"[1.635394,1.634282,1.647968,1.619594,1.618131]"
sym-224-final-candidate2,matrices,"(1024, 4096)",sym_raw,reuse_4,3.205234,3.2245528,"[3.226214,3.217908,3.196167,3.202508,3.205234]"
sym-224-final-candidate2,matrices,"(1024, 4096)",sym_raw,reuse_8,6.38584,6.3965306,"[6.398324,6.38584,6.389357,6.379077,6.38079]"
sym-224-final-candidate2,matrices,"(1024, 4096)",sym_raw,reuse_16,12.741533,12.7548662,"[12.749447,12.756221,12.737846,12.741533,12.740009]"
sym-224-final-candidate2,matrices,"(1024, 4096)",sym_raw,reuse_32,25.449221,25.4506734,"[25.449431,25.44863,25.449221,25.447257,25.450984]"
sym-224-final-candidate2,matrices,"(1024, 4096)",sym_raw,reuse_64,50.896599,51.070514,"[51.110897,50.877863,50.864738,50.908982,50.896599]"
sym-224-final-candidate2,matrices,"(1024, 4096)",sym_packed,warm,0.961586,0.9746321,"[0.951672,0.950079,0.967452,0.979285,0.94513,0.963434,0.975137,0.963285,0.974015,0.961551,0.964336,0.956802,0.949398,0.967422,0.968054,0.927556,0.941774,0.967833,0.945971,0.962393,0.941082,0.959688,0.927937,0.966811,0.961201,0.936924,0.961621,0.969135,0.943156,0.970789]"
sym-224-final-candidate2,matrices,"(1024, 4096)",sym_packed,replace,4.875544,4.91166305,"[5.068021,4.916582,4.889782,4.900592,4.863631,4.870264,4.842762,4.852921,4.862269,4.865465,4.875454,4.880654,4.901363,4.862479,4.876937,4.865936,4.879712,4.890422,4.867488,4.875634,4.886816,4.877898,4.905651,4.85772,4.882026,4.853422,4.835488,4.856237,4.899129,4.859383]"
sym-224-final-candidate2,matrices,"(1024, 4096)",sym_packed,invalidate_then_prepare,4.833524000000001,4.8644069,"[4.854635,4.809258,4.826481,4.842511,4.827683,4.833654,4.84223,4.791274,4.849063,4.833394,4.822774,4.868681,4.858232,4.870915,4.854705,4.790211,4.811723,4.83661,4.83699,4.838444,4.859183,4.82084,4.842752,4.827723,4.81585,4.836079,4.831981,4.829636,4.815951,4.802706]"
sym-224-final-candidate2,matrices,"(1024, 4096)",sym_packed,reuse_1,5.732917,5.7587022,"[5.76066,5.732917,5.750871,5.712929,5.689644]"
sym-224-final-candidate2,matrices,"(1024, 4096)",sym_packed,reuse_2,6.39086,6.4077076,"[6.372514,6.408984,6.402602,6.39086,6.38033]"
sym-224-final-candidate2,matrices,"(1024, 4096)",sym_packed,reuse_4,7.687319,7.6992772,"[7.689322,7.687319,7.665777,7.701766,7.66152]"
sym-224-final-candidate2,matrices,"(1024, 4096)",sym_packed,reuse_8,10.315994,10.3235942,"[10.325091,10.290335,10.317607,10.299693,10.315994]"
sym-224-final-candidate2,matrices,"(1024, 4096)",sym_packed,reuse_16,15.519603,15.5274918,"[15.527578,15.497711,15.517399,15.519603,15.527147]"
sym-224-final-candidate2,matrices,"(1024, 4096)",sym_packed,reuse_32,25.904658,25.9094734,"[25.909788,25.877747,25.882817,25.908215,25.904658]"
sym-224-final-candidate2,matrices,"(1024, 4096)",sym_packed,reuse_64,46.640293,53.003943400000004,"[46.632459,54.581816,46.692453,46.640293,46.626768]"
sym-224-final-candidate2,matrices,"(4096, 1024)",torch_raw,warm,0.7674165,0.7784797,"[0.679895,0.758094,0.760859,0.776038,0.768564,0.773052,0.759957,0.7721,0.776939,0.775707,0.757112,0.765888,0.776689,0.757553,0.766269,0.756902,0.77735,0.757673,0.772451,0.775476,0.760278,0.774184,0.760448,0.779404,0.756951,0.762292,0.771399,0.761721,0.774485,0.789493]"
sym-224-final-candidate2,matrices,"(4096, 1024)",torch_raw,reuse_1,0.674775,0.7695168,"[0.792238,0.674324,0.678632,0.669615,0.674775]"
sym-224-final-candidate2,matrices,"(4096, 1024)",torch_raw,reuse_2,1.326706,1.33596,"[1.325584,1.325343,1.327728,1.326706,1.338018]"
sym-224-final-candidate2,matrices,"(4096, 1024)",torch_raw,reuse_4,2.627814,2.6318792,"[2.625069,2.627904,2.632873,2.627814,2.622143]"
sym-224-final-candidate2,matrices,"(4096, 1024)",torch_raw,reuse_8,5.220671,5.224405,"[5.222465,5.22489,5.220671,5.210723,5.208548]"
sym-224-final-candidate2,matrices,"(4096, 1024)",torch_raw,reuse_16,10.421936,10.4256946,"[10.411005,10.421936,10.426504,10.422457,10.41369]"
sym-224-final-candidate2,matrices,"(4096, 1024)",torch_raw,reuse_32,20.029841,20.678348800000002,"[20.819686,20.113,20.00281,20.029841,20.001478]"
sym-224-final-candidate2,matrices,"(4096, 1024)",torch_raw,reuse_64,39.99538,40.014576399999996,"[40.015969,40.009006,39.99538,39.984279,39.985331]"
sym-224-final-candidate2,matrices,"(4096, 1024)",torch_packed,warm,0.662737,0.6744936,"[0.669665,0.658113,0.670738,0.653805,0.662532,0.658354,0.662542,0.668343,0.664425,0.669896,0.676088,0.662341,0.654446,0.662742,0.658604,0.665297,0.656129,0.668313,0.648675,0.667881,0.674895,0.659266,0.661539,0.660698,0.662732,0.668543,0.651921,0.670597,0.662903,0.674003]"
sym-224-final-candidate2,matrices,"(4096, 1024)",torch_packed,replace,4.793448,4.85086665,"[5.162741,4.793768,4.841119,4.793128,4.744284,4.801834,4.774873,4.838123,4.796724,4.831941,4.783859,4.78419,4.772297,4.7631,4.75243,4.839776,4.759413,4.818215,4.785974,4.756437,4.734505,4.858842,4.796633,4.806302,4.808266,4.772888,4.79991,4.737571,4.823615,4.790612]"
sym-224-final-candidate2,matrices,"(4096, 1024)",torch_packed,invalidate_then_prepare,4.7303025000000005,4.7744567,"[4.724596,4.711602,4.732152,4.761507,4.771957,4.773459,4.76833,4.755715,4.711272,4.68998,4.744495,4.787977,4.739746,4.775273,4.689239,4.72628,4.7313,4.735267,4.719757,4.772758,4.736489,4.716681,4.698316,4.705209,4.679651,4.676194,4.728304,4.731129,4.729476,4.672377]"
sym-224-final-candidate2,matrices,"(4096, 1024)",torch_packed,reuse_1,5.452523,5.480933,"[5.415332,5.417707,5.484123,5.452523,5.468173]"
sym-224-final-candidate2,matrices,"(4096, 1024)",torch_packed,reuse_2,5.997461,6.0156516,"[5.942266,6.016818,6.010986,5.997461,5.966762]"
sym-224-final-candidate2,matrices,"(4096, 1024)",torch_packed,reuse_4,7.062238,7.1094598,"[7.046047,7.114858,7.062238,7.087867,7.050045]"
sym-224-final-candidate2,matrices,"(4096, 1024)",torch_packed,reuse_8,9.182967,9.189625,"[9.094488,9.135987,9.185361,9.190691,9.182967]"
sym-224-final-candidate2,matrices,"(4096, 1024)",torch_packed,reuse_16,13.367715,13.395081000000001,"[13.384397,13.31241,13.367715,13.360231,13.397752]"
sym-224-final-candidate2,matrices,"(4096, 1024)",torch_packed,reuse_32,21.708387,21.7366226,"[21.708497,21.650057,21.708387,21.67275,21.743654]"
sym-224-final-candidate2,matrices,"(4096, 1024)",torch_packed,reuse_64,38.39866,38.4206832,"[38.368703,38.397989,38.39866,38.408628,38.423697]"
sym-224-final-candidate2,matrices,"(4096, 1024)",inductor_raw,warm,0.6118655,0.6325525,"[0.616624,0.61947,0.628526,0.623016,0.621504,0.60924,0.596366,0.60393,0.602057,0.606435,0.61971,0.593099,0.623577,0.598941,0.616634,0.59899,0.634969,0.603219,0.629599,0.603218,0.600834,0.638375,0.602237,0.614491,0.600313,0.596606,0.615943,0.594061,0.621213,0.626523]"
sym-224-final-candidate2,matrices,"(4096, 1024)",inductor_raw,reuse_1,0.485745,0.4877246,"[0.486747,0.485474,0.484162,0.485745,0.487969]"
sym-224-final-candidate2,matrices,"(4096, 1024)",inductor_raw,reuse_2,0.9555,0.9581104,"[0.948837,0.95003,0.958385,0.9555,0.957012]"
sym-224-final-candidate2,matrices,"(4096, 1024)",inductor_raw,reuse_4,1.888786,1.8964572,"[1.888786,1.89055,1.87457,1.888045,1.897934]"
sym-224-final-candidate2,matrices,"(4096, 1024)",inductor_raw,reuse_8,3.745433,3.7608936,"[3.745232,3.745433,3.762134,3.744941,3.755932]"
sym-224-final-candidate2,matrices,"(4096, 1024)",inductor_raw,reuse_16,7.492848,7.5112146,"[7.51511,7.484071,7.490203,7.495633,7.492848]"
sym-224-final-candidate2,matrices,"(4096, 1024)",inductor_raw,reuse_32,14.971569,14.9793746,"[14.974325,14.963434,14.971569,14.970226,14.980637]"
sym-224-final-candidate2,matrices,"(4096, 1024)",inductor_raw,reuse_64,29.912811,29.937716,"[29.938289,29.909334,29.935424,29.912811,29.904014]"
sym-224-final-candidate2,matrices,"(4096, 1024)",inductor_packed,warm,0.6204465,0.6305073,"[0.621132,0.631833,0.595714,0.625572,0.597829,0.590083,0.626543,0.587368,0.623548,0.595895,0.628887,0.622656,0.587558,0.633416,0.616143,0.622556,0.601525,0.626103,0.600954,0.61985,0.620452,0.616203,0.62458,0.620441,0.626162,0.624389,0.584133,0.624449,0.600684,0.598951]"
sym-224-final-candidate2,matrices,"(4096, 1024)",inductor_packed,replace,4.806191999999999,5.02076385,"[5.140449,4.847802,4.822143,4.853432,4.863461,10.610565,4.824657,4.802966,4.825839,4.775284,4.874482,4.853011,4.78437,4.760485,4.816241,4.7633,4.774001,4.728184,4.7687,4.821121,4.685152,4.786314,4.794139,4.724566,4.772498,4.841059,4.807404,4.762018,4.823765,4.80498]"
sym-224-final-candidate2,matrices,"(4096, 1024)",inductor_packed,invalidate_then_prepare,4.7155595,4.7723779,"[4.729395,4.774051,4.667629,4.70553,4.719738,4.730488,4.640256,4.72118,4.641228,4.770333,4.766957,4.708797,4.678789,4.681855,4.711381,4.740707,4.665865,4.744094,4.725709,4.672648,4.681765,4.791755,4.723715,4.740568,4.682146,4.764382,4.665855,4.688248,4.701342,4.736269]"
sym-224-final-candidate2,matrices,"(4096, 1024)",inductor_packed,reuse_1,5.473592,5.4775100000000005,"[5.422305,5.431262,5.478111,5.473592,5.475106]"
sym-224-final-candidate2,matrices,"(4096, 1024)",inductor_packed,reuse_2,5.89751,5.964494,"[5.895837,5.89751,5.914142,5.977082,5.85522]"
sym-224-final-candidate2,matrices,"(4096, 1024)",inductor_packed,reuse_4,6.849392,6.8961842,"[6.832561,6.901332,6.875593,6.821329,6.849392]"
sym-224-final-candidate2,matrices,"(4096, 1024)",inductor_packed,reuse_8,8.681932,8.7219106,"[8.667254,8.720717,8.722209,8.681932,8.65416]"
sym-224-final-candidate2,matrices,"(4096, 1024)",inductor_packed,reuse_16,12.392327,12.4537078,"[12.392327,12.337323,12.468552,12.394331,12.366708]"
sym-224-final-candidate2,matrices,"(4096, 1024)",inductor_packed,reuse_32,19.716424,19.760598599999998,"[19.68266,19.751461,19.716424,19.762883,19.67712]"
sym-224-final-candidate2,matrices,"(4096, 1024)",inductor_packed,reuse_64,34.30248,34.340359400000004,"[34.349589,34.292891,34.303441,34.30248,34.300786]"
sym-224-final-candidate2,matrices,"(4096, 1024)",sym_raw,warm,1.13452,1.1589036,"[1.158336,1.112839,1.129761,1.131234,1.110144,1.15542,1.136805,1.146443,1.106096,1.133468,1.15539,1.123098,1.138027,1.142245,1.135031,1.112138,1.135683,1.123299,1.137616,1.125784,1.1182,1.142545,1.199475,1.143006,1.138358,1.119922,1.130603,1.107629,1.134009,1.159368]"
sym-224-final-candidate2,matrices,"(4096, 1024)",sym_raw,reuse_1,0.822416,1.0493902,"[1.100155,0.846331,0.822416,0.816224,0.812177]"
sym-224-final-candidate2,matrices,"(4096, 1024)",sym_raw,reuse_2,1.59116,1.6017656,"[1.600948,1.59116,1.579879,1.60197,1.579097]"
sym-224-final-candidate2,matrices,"(4096, 1024)",sym_raw,reuse_4,3.139839,3.1532542,"[3.153665,3.136192,3.139839,3.151611,3.131703]"
sym-224-final-candidate2,matrices,"(4096, 1024)",sym_raw,reuse_8,6.248528,6.2645290000000005,"[6.267665,6.246444,6.251985,6.239631,6.248528]"
sym-224-final-candidate2,matrices,"(4096, 1024)",sym_raw,reuse_16,12.481067,12.492710800000001,"[12.481067,12.494412,12.485906,12.476688,12.461749]"
sym-224-final-candidate2,matrices,"(4096, 1024)",sym_raw,reuse_32,24.935753,24.9489908,"[24.951694,24.905696,24.935753,24.917248,24.938178]"
sym-224-final-candidate2,matrices,"(4096, 1024)",sym_raw,reuse_64,49.74733,49.8052306,"[49.773089,49.737451,49.813266,49.740016,49.74733]"
sym-224-final-candidate2,matrices,"(4096, 1024)",sym_packed,warm,0.939003,0.95446055,"[0.942184,0.949298,0.944739,0.912267,0.94518,0.95578,0.908179,0.926565,0.903731,0.944949,0.946472,0.92426,0.916094,0.943136,0.913049,0.948697,0.912127,0.949418,0.921365,0.905054,0.942394,0.935822,0.954207,0.925182,0.910133,0.945992,0.909362,0.948446,0.920253,0.954668]"
sym-224-final-candidate2,matrices,"(4096, 1024)",sym_packed,replace,5.094360999999999,5.14680555,"[5.219659,5.095032,5.101123,5.085264,5.130921,5.100022,5.117285,5.103368,5.111353,5.076517,5.14653,5.06777,5.022715,5.09369,5.065125,5.041941,5.106023,5.064985,5.0569,5.089671,5.093378,5.036801,5.113507,5.095162,5.115451,5.039326,5.040509,5.134527,5.147031,5.038916]"
sym-224-final-candidate2,matrices,"(4096, 1024)",sym_packed,invalidate_then_prepare,5.0559475,5.11971485,"[5.096165,5.082979,5.11486,5.103337,5.053343,5.028826,5.098689,5.052761,4.976155,5.032513,5.024608,5.037763,5.014258,5.070816,5.108848,5.040258,5.00967,5.0885,5.058552,5.044276,5.10986,5.142452,4.988209,5.080064,5.031511,5.047832,4.980244,5.082027,5.102756,5.123687]"
sym-224-final-candidate2,matrices,"(4096, 1024)",sym_packed,reuse_1,6.010976,6.1567558,"[5.925774,6.030563,6.010976,5.977012,6.188304]"
sym-224-final-candidate2,matrices,"(4096, 1024)",sym_packed,reuse_2,6.870783,6.8972578,"[6.857739,6.888257,6.870783,6.899508,6.836488]"
sym-224-final-candidate2,matrices,"(4096, 1024)",sym_packed,reuse_4,8.111897,12.6598548,"[13.757146,8.27069,8.057623,8.111897,8.000073]"
sym-224-final-candidate2,matrices,"(4096, 1024)",sym_packed,reuse_8,10.64972,10.678215400000001,"[10.646453,10.682862,10.659629,10.622307,10.64972]"
sym-224-final-candidate2,matrices,"(4096, 1024)",sym_packed,reuse_16,15.745874,15.7777882,"[15.782403,15.759329,15.745874,15.624042,15.710987]"
sym-224-final-candidate2,matrices,"(4096, 1024)",sym_packed,reuse_32,26.02114,26.050784,"[26.033824,26.055024,25.971846,26.02114,25.990261]"
sym-224-final-candidate2,matrices,"(4096, 1024)",sym_packed,reuse_64,46.587924,46.6176424,"[46.587924,46.560481,46.605508,46.620676,46.545433]"
sym-224-final-candidate2,models,llm_decode,torch_raw,warm,31.1425775,31.18524975,"[31.105712,31.129798,31.115581,31.168321,31.121893,31.136311,31.155137,31.126291,31.104239,31.153965,31.126572,31.116793,31.147482,31.142853,31.139426,31.142843,31.179743,31.15143,31.088159,31.183971,31.186296,31.159405,31.143785,31.129818,31.186516,31.149506,31.138335,31.142312,31.154365,31.117374]"
sym-224-final-candidate2,models,llm_decode,torch_packed,warm,26.1716465,26.232218850000002,"[26.145847,26.234175,26.125078,26.196314,26.185844,26.13111,26.129546,26.18946,26.154725,26.164403,26.101203,26.191034,26.176235,26.18915,26.18897,26.153372,26.151518,26.177548,26.17892,26.209599,26.253803,26.159343,26.191274,26.155376,26.147741,26.229828,26.166557,26.167058,26.161327,26.182337]"
sym-224-final-candidate2,models,llm_decode,inductor_raw,warm,26.653053,26.9518626,"[26.647222,26.69339,26.676167,27.084726,26.603449,26.544967,26.536502,26.667611,26.586717,26.789474,26.612175,26.610743,26.603349,26.707497,26.658663,26.634849,26.653524,26.756259,26.641151,26.654717,27.684478,26.689573,26.652582,26.671469,26.629989,26.670446,26.686237,26.634088,26.603168,26.585535]"
sym-224-final-candidate2,models,llm_decode,inductor_packed,warm,26.460316499999998,26.880128199999998,"[26.404981,26.463503,26.415651,26.707296,26.448203,26.443395,26.359925,26.405112,26.327653,26.586206,26.490243,26.494642,26.394912,26.500723,26.447402,26.70946,26.441731,26.45713,26.384202,26.551249,29.076569,26.763614,26.442783,26.464394,26.975458,26.482268,26.488821,26.628095,26.453824,26.432683]"
sym-224-final-candidate2,models,llm_decode,sym_raw,warm,32.3954285,33.4728979,"[32.462817,32.401009,32.284276,32.364409,32.607843,32.382423,32.244631,32.209183,32.275259,32.31727,32.901592,32.2967,32.419274,32.831749,32.35469,32.284287,32.298563,32.580721,32.803345,33.94033,34.954111,32.36518,32.360201,32.471593,32.406358,32.402672,32.452016,32.389848,32.354249,32.40659]"
sym-224-final-candidate2,models,llm_decode,sym_packed,warm,25.1035575,26.2187444,"[25.312711,25.068657,25.101208,26.726263,25.050402,25.266392,24.987291,25.03941,24.988344,25.020244,25.097161,25.251234,25.115726,25.088514,25.025755,25.105907,25.049861,25.324112,25.993988,25.27531,26.402636,25.077985,25.068255,25.279839,25.125003,25.126176,25.142096,25.087472,25.053237,25.302902]"
sym-224-final-candidate2,models,moe_sparse,torch_raw,warm,3.4504055,3.46732315,"[3.468004,3.45015,3.426544,3.451192,3.451753,3.431013,3.460519,3.441503,3.444799,3.440762,3.457284,3.466491,3.469506,3.464969,3.429741,3.449689,3.459087,3.447665,3.456602,3.442064,3.437375,3.458937,3.448597,3.456071,3.447435,3.458706,3.444459,3.450661,3.456943,3.446322]"
sym-224-final-candidate2,models,moe_sparse,torch_packed,warm,3.0628925000000002,3.0859678,"[3.060678,3.084353,3.062391,3.055678,3.068052,3.059476,3.053685,3.083251,3.070808,3.053174,3.053545,3.07211,3.052432,3.075546,3.062993,3.063604,3.064446,3.072751,3.068243,3.097278,3.058634,3.064776,3.055418,3.07211,3.05103,3.087289,3.05628,3.059426,3.062792,3.057282]"
sym-224-final-candidate2,models,moe_sparse,inductor_raw,warm,3.632798,3.67146445,"[3.663456,3.627267,3.636204,3.668836,3.673615,3.605595,4.02267,3.632728,3.632337,3.666271,3.64968,3.614293,3.625464,3.629882,3.638078,3.648277,3.632868,3.60258,3.634581,3.631105,3.64946,3.666011,3.627969,3.620465,3.6288,3.618209,3.631966,3.649279,3.634481,3.62369]"
sym-224-final-candidate2,models,moe_sparse,inductor_packed,warm,3.546113,3.66322885,"[3.542475,3.539059,3.557935,3.639912,3.542836,3.533619,3.56063,3.549389,3.55002,3.633839,3.556242,3.532707,3.53427,3.544239,3.527126,3.640873,3.544981,3.530403,3.547245,3.540622,3.561471,3.68152,4.026317,3.529832,3.530734,3.542486,3.550541,3.629672,3.549299,3.522097]"
sym-224-final-candidate2,models,moe_sparse,sym_raw,warm,4.6192355,4.656982,"[4.612303,4.619507,4.618585,4.590682,4.617523,4.659653,4.62692,4.620268,4.603476,4.602324,4.624115,4.64212,4.598547,4.622352,4.617152,4.606341,4.598858,4.656938,4.62637,4.618985,4.634254,4.612153,4.611201,4.657018,4.619486,4.613956,4.617262,4.619918,4.628835,4.644143]"
sym-224-final-candidate2,models,moe_sparse,sym_packed,warm,3.529616,3.5966776499999997,"[3.512218,3.506086,3.542756,3.512779,3.504793,3.584997,3.566902,3.517298,3.529951,3.549169,3.524421,3.58124,3.541003,3.52376,3.533308,3.525403,3.510234,3.596027,3.543107,3.517458,3.526175,3.520143,3.529281,3.59721,3.541384,3.507178,3.531294,3.524592,3.579406,3.619011]"
sym-224-final-control2,matrices,"(256, 1024)",sym_raw,warm,0.5601015,0.6406064,"[0.642383,0.637755,0.591266,0.54111,0.636051,0.56185,0.533826,0.638435,0.539628,0.504892,0.591166,0.519179,0.489402,0.567019,0.553724,0.475175,0.577289,0.590474,0.557943,0.645048,0.569835,0.497077,0.558353,0.548475,0.479333,0.564455,0.564075,0.527374,0.59381,0.496305]"
sym-224-final-control2,matrices,"(256, 1024)",torch_raw,warm,0.257896,0.2936262,"[0.295943,0.260055,0.292557,0.259124,0.249675,0.27824,0.242903,0.245267,0.262309,0.264544,0.248874,0.266437,0.244476,0.230098,0.281316,0.257681,0.252341,0.287448,0.265796,0.246519,0.267119,0.246509,0.249515,0.258111,0.23646,0.230639,0.294501,0.264043,0.24704,0.255266]"
sym-224-final-control2,matrices,"(256, 1024)",inductor_raw,warm,0.3694235,0.4273227,"[0.365546,0.36216,0.389913,0.428265,0.374954,0.379532,0.426171,0.377468,0.362501,0.419208,0.365476,0.343204,0.368962,0.32533,0.386626,0.405091,0.341721,0.412706,0.460316,0.340348,0.422084,0.388289,0.354646,0.350568,0.369885,0.348263,0.36249,0.411473,0.345488,0.350307]"
sym-224-final-control2,matrices,"(1024, 4096)",sym_raw,warm,1.169262,1.2091337999999998,"[1.035171,1.215414,1.163576,1.15016,1.190618,1.168696,1.142746,1.525164,1.175759,1.151934,1.172162,1.177673,1.146443,1.201458,1.185107,1.18688,1.157253,1.167012,1.143838,1.173445,1.174697,1.153667,1.166221,1.17612,1.141714,1.17647,1.169828,1.197491,1.1451,1.167824]"
sym-224-final-control2,matrices,"(1024, 4096)",torch_raw,warm,0.7801055,0.7923962,"[0.784002,0.793181,0.78731,0.77744,0.780236,0.783292,0.784033,0.778081,0.779534,0.775186,0.779775,0.788582,0.779975,0.771219,0.795355,0.786658,0.785466,0.782971,0.791437,0.779674,0.790866,0.777911,0.771519,0.77739,0.786137,0.778633,0.785897,0.779234,0.773754,0.778813]"
sym-224-final-control2,matrices,"(1024, 4096)",inductor_raw,warm,0.604125,0.633035,"[0.614239,0.600353,0.617857,0.596526,0.63551,0.598239,0.611315,0.606144,0.790125,0.600233,0.594563,0.63001,0.603559,0.626924,0.620982,0.601395,0.597027,0.605533,0.604691,0.626693,0.614711,0.597999,0.596526,0.593079,0.602938,0.624639,0.622725,0.595433,0.602527,0.602317]"
sym-224-final-control2,matrices,"(4096, 1024)",sym_raw,warm,1.1201984999999999,1.1469273,"[1.00833,1.129451,1.115204,1.106347,1.141894,1.119262,1.105234,1.114021,1.124953,1.112398,1.142205,1.159939,1.12382,1.111827,1.100306,1.125022,1.150791,1.121465,1.099875,1.12366,1.093172,1.109233,1.104634,1.114693,1.114643,1.138788,1.124652,1.121135,1.121175,1.125583]"
sym-224-final-control2,matrices,"(4096, 1024)",torch_raw,warm,0.7591005,0.77278085,"[0.774305,0.764466,0.760348,0.757262,0.764336,0.765017,0.76176,0.747834,0.76668,0.759827,0.767571,0.753835,0.754757,0.756781,0.755529,0.755739,0.770598,0.768844,0.757983,0.765016,0.758164,0.756982,0.75102,0.770918,0.776108,0.752483,0.758374,0.748355,0.755479,0.764987]"
sym-224-final-control2,matrices,"(4096, 1024)",inductor_raw,warm,0.6017110000000001,0.6514266,"[0.683542,0.627305,0.597798,0.6094,0.620191,0.592428,0.610302,0.599591,0.592669,0.606195,0.61442,0.645018,0.608259,0.610482,0.601265,0.594381,0.65667,0.597278,0.592318,0.603429,0.59362,0.586707,0.58807,0.596035,0.61424,0.602157,0.589954,0.619059,0.59346,0.600333]"
sym-224-final-main3,matrices,"(256, 1024)",sym_raw,warm,0.5399025,0.6295251,"[0.653655,0.61441,0.573773,0.533065,0.60362,0.543785,0.509229,0.641892,0.507697,0.497307,0.580977,0.527314,0.505242,0.566258,0.518307,0.507055,0.566639,0.509631,0.49351,0.580435,0.53602,0.508839,0.571077,0.513588,0.512075,0.564144,0.556479,0.497156,0.582028,0.548114]"
sym-224-final-main3,matrices,"(256, 1024)",torch_raw,warm,0.2465995,0.28412315,"[0.285002,0.255957,0.287257,0.249946,0.239266,0.268531,0.247852,0.261298,0.25738,0.236681,0.234406,0.266968,0.238123,0.234256,0.259965,0.245347,0.231551,0.256428,0.236571,0.232393,0.269844,0.23645,0.23092,0.283049,0.238404,0.228826,0.277799,0.23618,0.230869,0.265575]"
sym-224-final-main3,matrices,"(256, 1024)",inductor_raw,warm,0.35338749999999997,0.38851755000000004,"[0.348424,0.333986,0.360136,0.397486,0.355006,0.353493,0.388319,0.350908,0.353282,0.366949,0.333696,0.363302,0.38868,0.326702,0.340288,0.384713,0.32574,0.364764,0.373591,0.337823,0.363382,0.372319,0.341279,0.332984,0.380935,0.322915,0.33102,0.370115,0.33589,0.342963]"
sym-224-final-main3,matrices,"(1024, 4096)",sym_raw,warm,1.159638,1.17884465,"[1.01869,1.152224,1.170459,1.172232,1.133238,1.140461,1.13463,1.742898,1.184255,1.167283,1.156873,1.159538,1.158806,1.164558,1.16063,1.157344,1.158266,1.148147,1.130212,1.163726,1.160089,1.153606,1.160971,1.162243,1.147405,1.161011,1.163806,1.163936,1.136494,1.159738]"
sym-224-final-main3,matrices,"(1024, 4096)",torch_raw,warm,0.7756270000000001,0.7896405,"[0.784985,0.775287,0.772831,0.775537,0.774845,0.776669,0.773182,0.7671,0.817938,0.777852,0.767722,0.786457,0.773432,0.791868,0.775717,0.774164,0.780326,0.780346,0.771018,0.765487,0.786918,0.783903,0.769014,0.773392,0.77205,0.777591,0.780797,0.786187,0.775377,0.778001]"
sym-224-final-main3,matrices,"(1024, 4096)",inductor_raw,warm,0.5989955,0.7179888999999995,"[0.611565,0.597107,0.600162,0.607908,0.59349,0.609571,0.590344,0.606064,0.839018,0.599011,0.607516,0.602117,0.591807,0.59898,0.603739,0.592679,0.603379,0.5985,0.599221,0.805063,0.59341,0.595194,0.593921,0.594141,0.59376,0.601546,0.605713,0.592508,0.594963,0.586888]"
sym-224-final-main3,matrices,"(4096, 1024)",sym_raw,warm,1.1014675,1.137384,"[0.965779,1.115775,1.096327,1.099373,1.09736,1.091538,1.08183,1.096207,1.089244,1.090657,1.102179,1.098031,1.106557,1.115063,1.095105,1.151343,1.102509,1.107218,1.100756,1.103832,1.120323,1.100355,1.114763,1.097019,1.097299,1.106357,1.117548,1.109412,1.279066,1.107309]"
sym-224-final-main3,matrices,"(4096, 1024)",torch_raw,warm,0.7508794999999999,0.7724023999999999,"[0.749106,0.776609,0.757413,0.749687,0.754537,0.756871,0.751952,0.754016,0.749928,0.755007,0.750639,0.746862,0.748576,0.753264,0.755629,0.75112,0.741702,0.747563,0.743606,0.7457,0.760919,0.760959,0.746922,0.747102,0.747012,0.747703,0.749467,0.767261,0.916425,0.751261]"
sym-224-final-main3,matrices,"(4096, 1024)",inductor_raw,warm,0.5968465000000001,0.6213848,"[0.596466,0.606876,0.627575,0.590274,0.604361,0.594873,0.592548,0.597227,0.587168,0.592769,0.592599,0.594682,0.599482,0.602968,0.613538,0.613819,0.598499,0.59335,0.592078,0.597598,0.605904,0.590093,0.592057,0.591336,0.599211,0.603048,0.587719,0.597268,0.748746,0.592378]"
sym-224-final-candidate3,matrices,"(256, 1024)",inductor_raw,warm,0.39405500000000004,0.4308057,"[0.424499,0.431892,0.400773,0.385935,0.401365,0.433936,0.380164,0.406393,0.393108,0.365095,0.38323,0.395814,0.376426,0.415892,0.405812,0.395002,0.388199,0.375274,0.391465,0.402586,0.429478,0.376877,0.370225,0.388981,0.388009,0.40429,0.397858,0.399561,0.36751,0.384412]"
sym-224-final-candidate3,matrices,"(256, 1024)",inductor_raw,reuse_1,0.291014,0.400637,"[0.421202,0.318377,0.285453,0.283891,0.291014]"
sym-224-final-candidate3,matrices,"(256, 1024)",inductor_raw,reuse_2,0.545829,0.5498794,"[0.545829,0.550629,0.539878,0.546881,0.534608]"
sym-224-final-candidate3,matrices,"(256, 1024)",inductor_raw,reuse_4,1.064277,1.0713886,"[1.066651,1.072573,1.059658,1.059097,1.064277]"
sym-224-final-candidate3,matrices,"(256, 1024)",inductor_raw,reuse_8,2.092434,2.1012432000000003,"[2.101672,2.090421,2.091452,2.092434,2.099528]"
sym-224-final-candidate3,matrices,"(256, 1024)",inductor_raw,reuse_16,4.160773,4.1761425999999995,"[4.160773,4.162517,4.179549,4.150874,4.154761]"
sym-224-final-candidate3,matrices,"(256, 1024)",inductor_raw,reuse_32,8.266271,8.2867514,"[8.288593,8.279385,8.266271,8.2607,8.26588]"
sym-224-final-candidate3,matrices,"(256, 1024)",inductor_raw,reuse_64,16.514087,16.5575034,"[16.514087,16.535397,16.509639,16.56303,16.512714]"
sym-224-final-candidate3,matrices,"(256, 1024)",inductor_packed,warm,0.318246,0.39501149999999996,"[0.338926,0.419619,0.318868,0.315381,0.321552,0.336481,0.312054,0.397437,0.31495,0.308808,0.318687,0.318246,0.310641,0.384111,0.319148,0.313246,0.314899,0.313747,0.322144,0.38366,0.317054,0.328736,0.318246,0.324889,0.311583,0.392047,0.317935,0.31491,0.313236,0.313798]"
sym-224-final-candidate3,matrices,"(256, 1024)",inductor_packed,replace,0.3123295,0.3415018499999999,"[0.476618,0.354996,0.320861,0.325009,0.312445,0.310872,0.319057,0.311013,0.312475,0.319829,0.311994,0.310882,0.319459,0.311574,0.311373,0.318276,0.312154,0.312004,0.318907,0.312616,0.312214,0.324198,0.312174,0.310752,0.32048,0.311553,0.310912,0.319698,0.311704,0.310141]"
sym-224-final-candidate3,matrices,"(256, 1024)",inductor_packed,invalidate_then_prepare,0.311408,0.31997654999999997,"[0.321923,0.313908,0.310612,0.318657,0.312144,0.310752,0.319288,0.312034,0.310812,0.318917,0.311493,0.309279,0.30982,0.319899,0.310431,0.310682,0.319879,0.311323,0.31026,0.318506,0.310992,0.310442,0.317935,0.310872,0.31002,0.319328,0.312264,0.309529,0.32004,0.311022]"
sym-224-final-candidate3,matrices,"(256, 1024)",inductor_packed,reuse_1,0.607867,0.6306728,"[0.634969,0.607066,0.613488,0.607867,0.603189]"
sym-224-final-candidate3,matrices,"(256, 1024)",inductor_packed,reuse_2,0.866059,0.8702025999999999,"[0.869505,0.870377,0.866059,0.862442,0.864887]"
sym-224-final-candidate3,matrices,"(256, 1024)",inductor_packed,reuse_4,1.38093,1.3834203999999999,"[1.383635,1.377193,1.38093,1.382562,1.373195]"
sym-224-final-candidate3,matrices,"(256, 1024)",inductor_packed,reuse_8,2.406602,2.408957,"[2.408877,2.406602,2.399649,2.398076,2.408977]"
sym-224-final-candidate3,matrices,"(256, 1024)",inductor_packed,reuse_16,4.447629,4.4572006,"[4.457968,4.454131,4.44281,4.445435,4.447629]"
sym-224-final-candidate3,matrices,"(256, 1024)",inductor_packed,reuse_32,8.536846,8.5591348,"[8.533109,8.536846,8.560762,8.531666,8.552626]"
sym-224-final-candidate3,matrices,"(256, 1024)",inductor_packed,reuse_64,16.724958,16.7542312,"[16.71026,16.724958,16.692947,16.743764,16.756848]"
sym-224-final-candidate3,matrices,"(256, 1024)",sym_raw,warm,0.5739380000000001,0.62125195,"[0.636812,0.598048,0.55662,0.588521,0.602998,0.623407,0.570456,0.563913,0.566348,0.586106,0.618618,0.569254,0.578812,0.565497,0.57273,0.58327,0.567861,0.557372,0.575466,0.558944,0.575146,0.584683,0.57218,0.571558,0.563663,0.57231,0.56169,0.576548,0.58339,0.580967]"
sym-224-final-candidate3,matrices,"(256, 1024)",sym_raw,reuse_1,0.455136,0.5895142,"[0.614149,0.490975,0.453824,0.455136,0.44098]"
sym-224-final-candidate3,matrices,"(256, 1024)",sym_raw,reuse_2,0.848646,0.8634976,"[0.865317,0.85622,0.848646,0.841222,0.847183]"
sym-224-final-candidate3,matrices,"(256, 1024)",sym_raw,reuse_4,1.665451,1.674895,"[1.675069,1.674199,1.654631,1.658688,1.665451]"
sym-224-final-candidate3,matrices,"(256, 1024)",sym_raw,reuse_8,3.300895,3.3078746,"[3.308119,3.300895,3.306897,3.289494,3.293903]"
sym-224-final-candidate3,matrices,"(256, 1024)",sym_raw,reuse_16,6.567136,6.5860692,"[6.588145,6.538,6.567136,6.577766,6.542308]"
sym-224-final-candidate3,matrices,"(256, 1024)",sym_raw,reuse_32,13.088373,13.261683999999999,"[13.088373,13.086309,13.10206,13.30159,13.064337]"
sym-224-final-candidate3,matrices,"(256, 1024)",sym_raw,reuse_64,26.151538,26.179461200000002,"[26.171326,26.123264,26.151538,26.111082,26.181495]"
sym-224-final-candidate3,matrices,"(256, 1024)",sym_packed,warm,0.39028799999999997,0.4483908999999999,"[0.411083,0.428636,0.38851,0.454906,0.393629,0.379613,0.400924,0.392527,0.390333,0.458043,0.400663,0.3781,0.378431,0.388489,0.379021,0.438575,0.38315,0.391034,0.390243,0.40934,0.389321,0.440428,0.38871,0.391917,0.378401,0.37823,0.388529,0.439326,0.384292,0.389281]"
sym-224-final-candidate3,matrices,"(256, 1024)",sym_packed,replace,0.4198095,0.4571740499999999,"[0.566018,0.471588,0.436371,0.439557,0.422354,0.426191,0.419269,0.415982,0.424488,0.415361,0.426563,0.416253,0.424167,0.415691,0.412957,0.422364,0.413047,0.419699,0.412686,0.421743,0.413377,0.411784,0.423186,0.412606,0.421252,0.416934,0.421142,0.413868,0.413127,0.41992]"
sym-224-final-candidate3,matrices,"(256, 1024)",sym_packed,invalidate_then_prepare,0.416543,0.4254017,"[0.421112,0.427344,0.415882,0.426542,0.415,0.415111,0.424008,0.41446,0.422515,0.416773,0.423737,0.414329,0.415341,0.422634,0.41498,0.422855,0.415711,0.421543,0.416313,0.41486,0.423206,0.415662,0.423707,0.414669,0.421713,0.41502,0.415982,0.417515,0.413588,0.423868]"
sym-224-final-candidate3,matrices,"(256, 1024)",sym_packed,reuse_1,0.775868,0.8311069999999999,"[0.843166,0.782871,0.775868,0.771279,0.773503]"
sym-224-final-candidate3,matrices,"(256, 1024)",sym_packed,reuse_2,1.088333,1.097275,"[1.099443,1.088333,1.088603,1.085106,1.086189]"
sym-224-final-candidate3,matrices,"(256, 1024)",sym_packed,reuse_4,1.724844,1.7299328,"[1.72768,1.730496,1.721959,1.71754,1.724844]"
sym-224-final-candidate3,matrices,"(256, 1024)",sym_packed,reuse_8,2.991045,2.9955742,"[2.994091,2.995945,2.985204,2.984964,2.991045]"
sym-224-final-candidate3,matrices,"(256, 1024)",sym_packed,reuse_16,5.539298,5.5463134,"[5.540831,5.539298,5.532295,5.547684,5.531554]"
sym-224-final-candidate3,matrices,"(256, 1024)",sym_packed,reuse_32,10.645301,17.047917399999996,"[18.526078,11.135275,10.605164,10.645301,10.578233]"
sym-224-final-candidate3,matrices,"(256, 1024)",sym_packed,reuse_64,20.662125,20.682946400000002,"[20.655522,20.684788,20.662125,20.67558,20.651114]"
sym-224-final-candidate3,matrices,"(256, 1024)",torch_raw,warm,0.261057,0.28213345,"[0.279362,0.284401,0.271878,0.260075,0.267319,0.262039,0.263151,0.262159,0.259233,0.260947,0.256558,0.262831,0.260206,0.258632,0.260205,0.274333,0.251138,0.260947,0.261318,0.254445,0.272959,0.256017,0.263922,0.292958,0.262379,0.257129,0.259304,0.251148,0.256468,0.261167]"
sym-224-final-candidate3,matrices,"(256, 1024)",torch_raw,reuse_1,0.223165,0.36659559999999997,"[0.402005,0.224958,0.223165,0.21012,0.207205]"
sym-224-final-candidate3,matrices,"(256, 1024)",torch_raw,reuse_2,0.395232,0.4081994,"[0.409119,0.395232,0.395002,0.404521,0.392768]"
sym-224-final-candidate3,matrices,"(256, 1024)",torch_raw,reuse_4,0.776299,0.7861012,"[0.78756,0.775798,0.780266,0.765848,0.776299]"
sym-224-final-candidate3,matrices,"(256, 1024)",torch_raw,reuse_8,1.539422,1.5415352,"[1.539422,1.536266,1.541496,1.527789,1.541545]"
sym-224-final-candidate3,matrices,"(256, 1024)",torch_raw,reuse_16,3.05115,3.0568184,"[3.042183,3.055408,3.05115,3.057171,3.048124]"
sym-224-final-candidate3,matrices,"(256, 1024)",torch_raw,reuse_32,6.079026,6.0816596,"[6.081742,6.079026,6.068225,6.08133,6.049459]"
sym-224-final-candidate3,matrices,"(256, 1024)",torch_raw,reuse_64,12.10462,12.1187448,"[12.10462,12.121492,12.070505,12.085103,12.107756]"
sym-224-final-candidate3,matrices,"(256, 1024)",torch_packed,warm,0.22417700000000002,0.249949,"[0.224267,0.232703,0.217394,0.224087,0.218125,0.271057,0.217735,0.227193,0.217324,0.214498,0.21509,0.247111,0.227383,0.218355,0.227383,0.232433,0.227333,0.242382,0.217104,0.217905,0.218857,0.217053,0.23102,0.244886,0.220439,0.239345,0.218025,0.229036,0.217154,0.252271]"
sym-224-final-candidate3,matrices,"(256, 1024)",torch_packed,replace,0.312946,0.33845194999999995,"[0.400663,0.347672,0.315611,0.324428,0.312785,0.311222,0.327183,0.313107,0.310522,0.318146,0.311644,0.31018,0.32031,0.311242,0.310782,0.317755,0.313296,0.310201,0.309189,0.319128,0.310682,0.309971,0.318347,0.313507,0.30965,0.318236,0.311814,0.30985,0.317404,0.310852]"
sym-224-final-candidate3,matrices,"(256, 1024)",torch_packed,invalidate_then_prepare,0.3116585,0.32020555,"[0.318686,0.320581,0.312926,0.30981,0.320029,0.311664,0.30975,0.318316,0.311383,0.30963,0.32035,0.311473,0.30949,0.318907,0.311653,0.30958,0.316933,0.311944,0.309639,0.317695,0.311393,0.310491,0.31549,0.312646,0.309429,0.30986,0.318175,0.310592,0.309599,0.31514]"
sym-224-final-candidate3,matrices,"(256, 1024)",torch_packed,reuse_1,0.530661,0.5540577999999999,"[0.559897,0.530701,0.518197,0.530661,0.516885]"
sym-224-final-candidate3,matrices,"(256, 1024)",torch_packed,reuse_2,0.701305,0.7022736,"[0.694162,0.701616,0.702438,0.692979,0.701305]"
sym-224-final-candidate3,matrices,"(256, 1024)",torch_packed,reuse_4,1.053376,1.056989,"[1.056993,1.053376,1.049368,1.056973,1.05021]"
sym-224-final-candidate3,matrices,"(256, 1024)",torch_packed,reuse_8,1.764781,1.7709548,"[1.768518,1.764059,1.771564,1.764781,1.756254]"
sym-224-final-candidate3,matrices,"(256, 1024)",torch_packed,reuse_16,3.187319,3.1956272,"[3.187319,3.197569,3.176489,3.18786,3.176209]"
sym-224-final-candidate3,matrices,"(256, 1024)",torch_packed,reuse_32,6.012619,6.0471775999999995,"[6.019212,6.012619,6.00743,6.010224,6.054169]"
sym-224-final-candidate3,matrices,"(256, 1024)",torch_packed,reuse_64,11.685251,11.6914032,"[11.687316,11.692425,11.681073,11.653151,11.685251]"
sym-224-final-candidate3,matrices,"(1024, 4096)",inductor_raw,warm,0.604346,0.64473455,"[0.486036,0.603569,0.592859,0.649577,0.596876,0.602407,0.606585,0.611986,0.618137,0.599832,0.613589,0.604632,0.592579,0.597909,0.608519,0.622966,0.601285,0.60406,0.650598,0.605323,0.6038,0.590956,0.638386,0.597698,0.608118,0.607096,0.638816,0.614169,0.602768,0.595624]"
sym-224-final-candidate3,matrices,"(1024, 4096)",inductor_raw,reuse_1,0.498129,0.6166275999999999,"[0.644156,0.495985,0.506514,0.497618,0.498129]"
sym-224-final-candidate3,matrices,"(1024, 4096)",inductor_raw,reuse_2,0.958676,0.9792368,"[0.981319,0.970908,0.958676,0.95006,0.942885]"
sym-224-final-candidate3,matrices,"(1024, 4096)",inductor_raw,reuse_4,1.894378,1.9057936,"[1.894378,1.89021,1.896832,1.908034,1.888696]"
sym-224-final-candidate3,matrices,"(1024, 4096)",inductor_raw,reuse_8,3.777543,3.80968,"[3.757745,3.777543,3.792792,3.813902,3.767244]"
sym-224-final-candidate3,matrices,"(1024, 4096)",inductor_raw,reuse_16,7.527394,7.56728,"[7.527394,7.518687,7.531412,7.510942,7.576247]"
sym-224-final-candidate3,matrices,"(1024, 4096)",inductor_raw,reuse_32,15.005944,15.0164934,"[15.01882,15.005944,14.945981,15.007187,14.973813]"
sym-224-final-candidate3,matrices,"(1024, 4096)",inductor_raw,reuse_64,29.871181,29.910436,"[29.913111,29.899736,29.848558,29.842386,29.871181]"
sym-224-final-candidate3,matrices,"(1024, 4096)",inductor_packed,warm,0.598304,0.6542254999999999,"[0.627064,0.596696,0.59898,0.661529,0.615742,0.596025,0.596766,0.587259,0.625812,0.587498,0.618307,0.590504,0.600784,0.595905,0.604882,0.592027,0.600003,0.59895,0.599451,0.604421,0.815543,0.590655,0.645299,0.596746,0.595163,0.597658,0.589613,0.594462,0.600193,0.584352]"
sym-224-final-candidate3,matrices,"(1024, 4096)",inductor_packed,replace,4.6396855,4.71673745,"[9.449484,4.728194,4.69472,4.682076,4.620097,4.612463,4.634475,4.611983,4.669451,4.6317,4.672007,4.66895,4.664312,4.627092,4.635527,4.636809,4.659503,4.62143,4.682757,4.702735,4.639345,4.633824,4.677457,4.607574,4.679541,4.659884,4.640026,4.635006,4.622111,4.634155]"
sym-224-final-candidate3,matrices,"(1024, 4096)",inductor_packed,invalidate_then_prepare,4.5882225,4.8251446499999995,"[4.570823,4.561446,4.591994,4.557208,4.557729,4.567878,4.574811,4.553902,4.58458,4.592686,6.036936,4.751949,4.577086,4.597915,4.601562,4.599418,4.608726,4.602694,4.568589,4.606642,4.567057,4.597435,4.583338,4.588829,4.594229,4.603937,4.586734,4.5637,4.885032,4.587616]"
sym-224-final-candidate3,matrices,"(1024, 4096)",inductor_packed,reuse_1,5.274724,5.422147,"[5.457793,5.251791,5.274724,5.234037,5.279563]"
sym-224-final-candidate3,matrices,"(1024, 4096)",inductor_packed,reuse_2,5.721545,5.742717,"[5.669346,5.693531,5.721545,5.725253,5.747083]"
sym-224-final-candidate3,matrices,"(1024, 4096)",inductor_packed,reuse_4,6.663318,6.6680798,"[6.663318,6.660533,6.663799,6.65874,6.66915]"
sym-224-final-candidate3,matrices,"(1024, 4096)",inductor_packed,reuse_8,8.47588,8.661182799999999,"[8.467685,8.447165,8.490458,8.47588,8.703864]"
sym-224-final-candidate3,matrices,"(1024, 4096)",inductor_packed,reuse_16,12.145919,12.1702952,"[12.133445,12.145919,12.140338,12.160116,12.17284]"
sym-224-final-candidate3,matrices,"(1024, 4096)",inductor_packed,reuse_32,19.494372,19.5253144,"[19.477129,19.45682,19.494372,19.527765,19.515512]"
sym-224-final-candidate3,matrices,"(1024, 4096)",inductor_packed,reuse_64,34.169687,34.336058799999996,"[34.194654,34.169687,34.37141,34.111756,34.136744]"
sym-224-final-candidate3,matrices,"(1024, 4096)",sym_raw,warm,1.1543035,1.1969502,"[1.20228,1.15542,1.156382,1.214332,1.167273,1.140552,1.152104,1.142516,1.145972,1.152023,1.142746,1.161873,1.175859,1.147194,1.158246,1.150892,1.138648,1.155581,1.163756,1.170048,1.130633,1.150691,1.190436,1.148988,1.136665,1.177092,1.143888,1.157945,1.15509,1.153517]"
sym-224-final-candidate3,matrices,"(1024, 4096)",sym_raw,reuse_1,0.855088,1.1156723999999998,"[1.180027,0.858254,0.855088,0.831173,0.843065]"
sym-224-final-candidate3,matrices,"(1024, 4096)",sym_raw,reuse_2,1.625746,1.6336044,"[1.634452,1.630214,1.623301,1.614294,1.625746]"
sym-224-final-candidate3,matrices,"(1024, 4096)",sym_raw,reuse_4,3.205714,3.2278202,"[3.231884,3.211565,3.205714,3.199132,3.204663]"
sym-224-final-candidate3,matrices,"(1024, 4096)",sym_raw,reuse_8,6.392232,6.4653616000000005,"[6.397432,6.38569,6.392232,6.482344,6.372204]"
sym-224-final-candidate3,matrices,"(1024, 4096)",sym_raw,reuse_16,12.730181,12.793124800000001,"[12.721714,12.80845,12.731824,12.730181,12.723378]"
sym-224-final-candidate3,matrices,"(1024, 4096)",sym_raw,reuse_32,25.447467,25.4605002,"[25.462045,25.433991,25.429013,25.447467,25.454321]"
sym-224-final-candidate3,matrices,"(1024, 4096)",sym_raw,reuse_64,50.887301,50.9731902,"[50.887301,50.994074,50.889655,50.879926,50.841063]"
sym-224-final-candidate3,matrices,"(1024, 4096)",sym_packed,warm,0.9422395,0.96061905,"[0.954587,0.957974,0.943236,0.954527,0.942084,0.928598,0.926384,0.96066,0.948165,0.93494,0.943827,0.941001,0.927036,0.936774,0.952473,0.952694,0.934008,0.980457,0.940841,0.943807,0.931394,0.942144,0.943947,0.960569,0.935271,0.925473,0.942966,0.942335,0.91928,0.938447]"
sym-224-final-candidate3,matrices,"(1024, 4096)",sym_packed,replace,4.9024255,4.9942253999999995,"[5.026872,4.90976,4.908106,4.954324,4.905912,4.860585,4.896093,4.901163,4.903688,4.913828,4.891425,4.883168,4.898879,4.94165,4.92609,4.938334,4.887517,4.8527,4.880173,4.890373,4.84209,4.93095,4.871086,4.949224,5.433707,4.89416,4.861497,4.906473,4.885974,4.926441]"
sym-224-final-candidate3,matrices,"(1024, 4096)",sym_packed,invalidate_then_prepare,4.8687215,4.9114804,"[4.8945,4.868,4.858212,4.874572,4.861287,4.812273,5.072209,4.903347,4.879722,4.842071,4.834767,4.890082,4.875594,4.875224,4.840828,4.918135,4.83094,4.867018,4.859153,4.892978,4.891715,4.872207,4.858982,4.869443,4.870935,4.833484,4.82082,4.846319,4.871276,4.827392]"
sym-224-final-candidate3,matrices,"(1024, 4096)",sym_packed,reuse_1,5.814853,5.8331114,"[5.825633,5.814853,5.834981,5.762543,5.764867]"
sym-224-final-candidate3,matrices,"(1024, 4096)",sym_packed,reuse_2,6.458298,6.4727622,"[6.417149,6.409695,6.473658,6.469179,6.458298]"
sym-224-final-candidate3,matrices,"(1024, 4096)",sym_packed,reuse_4,7.801876,7.849920200000001,"[7.801876,7.818829,7.780225,7.766649,7.857693]"
sym-224-final-candidate3,matrices,"(1024, 4096)",sym_packed,reuse_8,10.41404,12.0073704,"[10.374144,12.364785,10.577712,10.373413,10.41404]"
sym-224-final-candidate3,matrices,"(1024, 4096)",sym_packed,reuse_16,15.639742,15.6526458,"[15.639742,15.654399,15.631797,15.616147,15.645633]"
sym-224-final-candidate3,matrices,"(1024, 4096)",sym_packed,reuse_32,26.133184,26.1544318,"[26.134947,26.106713,26.104348,26.159303,26.133184]"
sym-224-final-candidate3,matrices,"(1024, 4096)",sym_packed,reuse_64,47.077055,47.096829,"[47.100961,47.080301,47.035767,47.021009,47.077055]"
sym-224-final-candidate3,matrices,"(1024, 4096)",torch_raw,warm,0.778888,0.7925377,"[0.776429,0.778612,0.78237,0.776108,0.784183,0.774985,0.77698,0.772832,0.773383,0.779154,0.783061,0.788852,0.793471,0.774736,0.771419,0.77738,0.775837,0.797288,0.778622,0.773664,0.783732,0.777821,0.78253,0.788371,0.790715,0.790304,0.786237,0.791397,0.775697,0.789624]"
sym-224-final-candidate3,matrices,"(1024, 4096)",torch_raw,reuse_1,0.637905,0.9412967999999999,"[1.015825,0.637905,0.633497,0.643184,0.631513]"
sym-224-final-candidate3,matrices,"(1024, 4096)",torch_raw,reuse_2,1.252335,1.2600874000000002,"[1.254709,1.252335,1.261432,1.246082,1.244039]"
sym-224-final-candidate3,matrices,"(1024, 4096)",torch_raw,reuse_4,2.490452,2.4968484,"[2.497716,2.485774,2.487377,2.490452,2.493378]"
sym-224-final-candidate3,matrices,"(1024, 4096)",torch_raw,reuse_8,4.965335,4.9931122000000006,"[4.965335,4.966237,4.956318,4.956108,4.999831]"
sym-224-final-candidate3,matrices,"(1024, 4096)",torch_raw,reuse_16,9.916644,9.936547599999999,"[9.94098,9.916644,9.911364,9.918818,9.900633]"
sym-224-final-candidate3,matrices,"(1024, 4096)",torch_raw,reuse_32,19.789684,19.8119844,"[19.78266,19.815483,19.79799,19.769135,19.789684]"
sym-224-final-candidate3,matrices,"(1024, 4096)",torch_raw,reuse_64,39.591181,39.6138916,"[39.571543,39.591181,39.608714,39.615186,39.576843]"
sym-224-final-candidate3,matrices,"(1024, 4096)",torch_packed,warm,0.6637390000000001,0.67769055,"[0.678051,0.676348,0.667401,0.664235,0.674845,0.66707,0.668623,0.662081,0.676378,0.667181,0.661309,0.676539,0.662551,0.658804,0.66179,0.660668,0.663243,0.665597,0.67725,0.663022,0.660087,0.657211,0.680065,0.662011,0.662912,0.663052,0.662451,0.670777,0.659105,0.675206]"
sym-224-final-candidate3,matrices,"(1024, 4096)",torch_packed,replace,4.6492635,4.70145475,"[4.843814,4.690932,4.707334,4.688898,4.675734,4.66881,4.633733,4.694269,4.688548,4.68447,4.639134,4.632321,4.667759,4.632491,4.681585,4.629145,4.655516,4.633533,4.634775,4.612423,4.623855,4.629726,4.635677,4.680313,4.618525,4.687476,4.62665,4.643011,4.681775,4.620137]"
sym-224-final-candidate3,matrices,"(1024, 4096)",torch_packed,invalidate_then_prepare,4.5738345,4.720803549999999,"[4.57395,4.554864,4.589078,4.622452,4.578178,4.569311,4.578168,4.801273,4.575122,4.565744,4.55809,4.555545,4.841749,4.591994,4.573719,4.561836,4.607303,4.568841,4.56372,4.582857,4.571365,4.592004,4.557379,4.550134,4.589109,4.592104,4.596052,4.558099,4.565954,4.561877]"
sym-224-final-candidate3,matrices,"(1024, 4096)",torch_packed,reuse_1,5.243705,5.3130154,"[5.222475,5.233115,5.243705,5.278221,5.321714]"
sym-224-final-candidate3,matrices,"(1024, 4096)",torch_packed,reuse_2,5.801798,5.8412988,"[5.775528,5.801798,5.800115,5.849809,5.807258]"
sym-224-final-candidate3,matrices,"(1024, 4096)",torch_packed,reuse_4,6.877025,6.96767,"[6.877025,6.870162,6.857237,6.93161,6.976685]"
sym-224-final-candidate3,matrices,"(1024, 4096)",torch_packed,reuse_8,8.978928,9.0001966,"[8.982355,8.942308,9.004657,8.956225,8.978928]"
sym-224-final-candidate3,matrices,"(1024, 4096)",torch_packed,reuse_16,13.179717,13.2008712,"[13.205947,13.145833,13.180568,13.179717,13.175709]"
sym-224-final-candidate3,matrices,"(1024, 4096)",torch_packed,reuse_32,21.578601,21.599358000000002,"[21.599931,21.597066,21.578601,21.562048,21.566257]"
sym-224-final-candidate3,matrices,"(1024, 4096)",torch_packed,reuse_64,38.380054,45.5569024,"[47.333784,38.449376,38.380054,38.371137,38.314269]"
sym-224-final-candidate3,matrices,"(4096, 1024)",inductor_raw,warm,0.5982095000000001,0.6330528499999999,"[0.47817,0.612135,0.610984,0.600674,0.590896,0.585946,0.598059,0.610493,0.639338,0.603379,0.600684,0.595925,0.62499,0.59868,0.588911,0.587057,0.588802,0.597628,0.583241,0.642163,0.602648,0.596827,0.625371,0.596947,0.596265,0.595544,0.614019,0.59886,0.588902,0.59836]"
sym-224-final-candidate3,matrices,"(4096, 1024)",inductor_raw,reuse_1,0.485885,0.5740915999999999,"[0.593691,0.495694,0.478421,0.484853,0.485885]"
sym-224-final-candidate3,matrices,"(4096, 1024)",inductor_raw,reuse_2,0.949017,0.9537804000000001,"[0.95031,0.949017,0.946763,0.954648,0.946983]"
sym-224-final-candidate3,matrices,"(4096, 1024)",inductor_raw,reuse_4,1.88566,1.8936116,"[1.876994,1.89047,1.874379,1.88566,1.894397]"
sym-224-final-candidate3,matrices,"(4096, 1024)",inductor_raw,reuse_8,3.743979,3.7596216,"[3.761443,3.735092,3.752336,3.734982,3.743979]"
sym-224-final-candidate3,matrices,"(4096, 1024)",inductor_raw,reuse_16,7.45724,7.459937,"[7.45724,7.448053,7.445508,7.459825,7.459965]"
sym-224-final-candidate3,matrices,"(4096, 1024)",inductor_raw,reuse_32,14.910683,14.9555046,"[14.927275,14.88322,14.962562,14.891116,14.910683]"
sym-224-final-candidate3,matrices,"(4096, 1024)",inductor_raw,reuse_64,29.819934,29.8392342,"[29.775239,29.840783,29.819934,29.833039,29.806498]"
sym-224-final-candidate3,matrices,"(4096, 1024)",inductor_packed,warm,0.596125,0.6151242499999999,"[0.616454,0.588991,0.607988,0.594612,0.605954,0.592338,0.596075,0.596175,0.603849,0.592758,0.596887,0.602948,0.604852,0.591847,0.597377,0.585204,0.594592,0.584212,0.613499,0.586407,0.583642,0.586296,0.595524,0.612957,0.617265,0.603289,0.590334,0.599903,0.607687,0.594322]"
sym-224-final-candidate3,matrices,"(4096, 1024)",inductor_packed,replace,4.8006615,4.992887649999999,"[5.121292,4.797676,4.806423,4.781405,4.813145,4.833104,4.796333,4.77894,4.813577,4.821662,4.777487,4.746749,4.756868,4.788708,4.759593,4.742851,4.8262,4.827051,5.191255,4.835949,4.803647,4.74173,4.808566,4.776015,4.795842,4.825168,4.804919,4.761486,4.817403,4.781294]"
sym-224-final-candidate3,matrices,"(4096, 1024)",inductor_packed,invalidate_then_prepare,4.741118,4.7798492999999995,"[4.74696,4.75255,4.781355,4.747971,4.739455,4.650846,4.714738,4.676064,4.669912,4.798387,4.703696,4.764513,4.665494,4.777076,4.751108,4.755496,4.771236,4.703296,4.73662,4.72626,4.755305,4.719978,4.709337,4.742781,4.759243,4.654083,4.716301,4.711682,4.745677,4.778009]"
sym-224-final-candidate3,matrices,"(4096, 1024)",inductor_packed,reuse_1,5.464616,5.4719896,"[5.37786,5.473833,5.464616,5.464616,5.463854]"
sym-224-final-candidate3,matrices,"(4096, 1024)",inductor_packed,reuse_2,5.969467,5.9937852000000005,"[5.995737,5.969467,5.918099,5.985978,5.962924]"
sym-224-final-candidate3,matrices,"(4096, 1024)",inductor_packed,reuse_4,6.91096,6.947735799999999,"[6.951477,6.906512,6.932771,6.903817,6.91096]"
sym-224-final-candidate3,matrices,"(4096, 1024)",inductor_packed,reuse_8,8.740694,8.9533594,"[8.725355,8.740694,8.737418,8.989949,8.807001]"
sym-224-final-candidate3,matrices,"(4096, 1024)",inductor_packed,reuse_16,12.380315,12.465439,"[12.370977,12.380315,12.400083,12.481778,12.348014]"
sym-224-final-candidate3,matrices,"(4096, 1024)",inductor_packed,reuse_32,19.753936,19.8388352,"[19.747574,19.805604,19.847143,19.699061,19.753936]"
sym-224-final-candidate3,matrices,"(4096, 1024)",inductor_packed,reuse_64,34.483354,34.573106599999996,"[34.494525,34.379396,34.592752,34.483354,34.356553]"
sym-224-final-candidate3,matrices,"(4096, 1024)",sym_raw,warm,1.1085305,1.1496891,"[1.117117,1.095636,1.102068,1.135433,1.118841,1.11286,1.104804,1.111997,1.152705,1.105135,1.146003,1.086729,1.109142,1.096989,1.088492,1.115404,1.158606,1.118059,1.108481,1.123931,1.114423,1.115314,1.10858,1.087681,1.10302,1.089194,1.092711,1.101558,1.10805,1.100065]"
sym-224-final-candidate3,matrices,"(4096, 1024)",sym_raw,reuse_1,0.834068,4.0942186,"[4.897306,0.881869,0.830461,0.820302,0.834068]"
sym-224-final-candidate3,matrices,"(4096, 1024)",sym_raw,reuse_2,1.608664,1.6117527999999999,"[1.611859,1.608664,1.592702,1.611328,1.592853]"
sym-224-final-candidate3,matrices,"(4096, 1024)",sym_raw,reuse_4,3.164486,3.177252,"[3.180336,3.164486,3.164326,3.164175,3.164916]"
sym-224-final-candidate3,matrices,"(4096, 1024)",sym_raw,reuse_8,6.306619,6.3306472000000005,"[6.336236,6.306619,6.308292,6.305728,6.301329]"
sym-224-final-candidate3,matrices,"(4096, 1024)",sym_raw,reuse_16,12.588912,12.6113426,"[12.603881,12.588912,12.613208,12.586066,12.585595]"
sym-224-final-candidate3,matrices,"(4096, 1024)",sym_raw,reuse_32,25.141925,25.1643644,"[25.140413,25.137418,25.168406,25.148198,25.141925]"
sym-224-final-candidate3,matrices,"(4096, 1024)",sym_raw,reuse_64,50.306635,54.2473814,"[50.306635,50.300253,50.286487,50.314099,55.230702]"
sym-224-final-candidate3,matrices,"(4096, 1024)",sym_packed,warm,0.9149425,0.9531451,"[0.922557,0.906767,0.90842,0.911536,0.932145,0.921936,0.902839,0.927306,0.912628,0.914431,0.91861,0.913911,0.908811,0.906476,0.900715,0.972011,0.916565,0.920834,0.915454,0.970327,0.92948,0.905735,0.919491,0.906066,0.9191,0.92971,0.907839,0.907067,0.929209,0.906055]"
sym-224-final-candidate3,matrices,"(4096, 1024)",sym_packed,replace,5.0903480000000005,5.1696025,"[5.374985,5.138254,5.046139,5.101876,5.103629,5.10956,5.085374,5.134547,5.107937,5.045648,5.069323,5.135469,5.090193,5.090503,5.074653,5.053673,5.034106,5.119619,5.149555,5.074403,5.186005,5.134448,5.05243,5.038054,5.075916,5.132333,5.071497,5.055146,5.092006,5.064013]"
sym-224-final-candidate3,matrices,"(4096, 1024)",sym_packed,invalidate_then_prepare,5.0387395,5.0870192,"[5.061609,4.998278,5.337474,5.038043,5.009019,5.056238,5.039436,4.964734,5.068822,4.934757,5.034156,5.021091,4.996946,5.043074,5.05725,5.076256,5.065957,4.982457,4.961218,5.030078,5.008557,4.991835,5.039646,5.050136,5.043022,4.978741,5.090153,5.033635,5.047552,5.083189]"
sym-224-final-candidate3,matrices,"(4096, 1024)",sym_packed,reuse_1,6.029532,6.0709302,"[6.072433,5.982202,5.947435,6.064919,6.029532]"
sym-224-final-candidate3,matrices,"(4096, 1024)",sym_packed,reuse_2,6.704286,6.7157786,"[6.717532,6.693586,6.693546,6.704286,6.708765]"
sym-224-final-candidate3,matrices,"(4096, 1024)",sym_packed,reuse_4,7.980837,8.0554272,"[8.058545,7.980837,8.042956,7.978924,7.973864]"
sym-224-final-candidate3,matrices,"(4096, 1024)",sym_packed,reuse_8,10.608841,10.774994,"[10.608841,10.813321,10.579606,10.564487,10.621686]"
sym-224-final-candidate3,matrices,"(4096, 1024)",sym_packed,reuse_16,15.783616,15.8267898,"[15.783616,15.752316,15.801109,15.760662,15.83321]"
sym-224-final-candidate3,matrices,"(4096, 1024)",sym_packed,reuse_32,26.092606,26.159696200000003,"[26.103357,26.060575,26.092606,26.071586,26.173781]"
sym-224-final-candidate3,matrices,"(4096, 1024)",sym_packed,reuse_64,46.814646,46.838162,"[46.724023,46.838761,46.728101,46.835766,46.814646]"
sym-224-final-candidate3,matrices,"(4096, 1024)",torch_raw,warm,0.7681830000000001,0.77850925,"[0.759216,0.774575,0.768574,0.760749,0.755639,0.7723,0.773462,0.768864,0.764986,0.771639,0.760658,0.760368,0.765047,0.750369,0.774665,0.765859,0.764426,0.758965,0.769896,0.767792,0.769014,0.768984,0.779695,0.77198,0.769125,0.758645,0.77706,0.789804,0.762883,0.764606]"
sym-224-final-candidate3,matrices,"(4096, 1024)",torch_raw,reuse_1,0.643064,0.6841766,"[0.692889,0.649327,0.643064,0.639438,0.641171]"
sym-224-final-candidate3,matrices,"(4096, 1024)",torch_raw,reuse_2,1.266863,1.2736512,"[1.274577,1.266863,1.269948,1.255841,1.258917]"
sym-224-final-candidate3,matrices,"(4096, 1024)",torch_raw,reuse_4,2.507284,2.525222,"[2.51049,2.502846,2.505972,2.507284,2.528905]"
sym-224-final-candidate3,matrices,"(4096, 1024)",torch_raw,reuse_8,4.993359,5.0000334,"[5.000883,4.996635,4.980314,4.985774,4.993359]"
sym-224-final-candidate3,matrices,"(4096, 1024)",torch_raw,reuse_16,9.982198,10.001462799999999,"[9.984382,10.005733,9.982198,9.978892,9.961469]"
sym-224-final-candidate3,matrices,"(4096, 1024)",torch_raw,reuse_32,19.952254,19.9803832,"[19.980798,19.921695,19.945341,19.978724,19.952254]"
sym-224-final-candidate3,matrices,"(4096, 1024)",torch_raw,reuse_64,39.934625,39.9539974,"[39.904998,39.934625,39.948331,39.91094,39.955414]"
sym-224-final-candidate3,matrices,"(4096, 1024)",torch_packed,warm,0.6519969999999999,0.6645705000000001,"[0.650108,0.652903,0.652152,0.653885,0.650689,0.650168,0.664235,0.649977,0.648675,0.652242,0.655178,0.651661,0.649757,0.658103,0.663874,0.648585,0.656971,0.651902,0.647423,0.649938,0.652793,0.648666,0.662141,0.652092,0.649848,0.663063,0.643626,0.672491,0.664845,0.650839]"
sym-224-final-candidate3,matrices,"(4096, 1024)",torch_packed,replace,4.7984425,4.86641985,"[5.156249,4.718275,4.843453,4.829877,4.816833,4.870464,4.767288,4.815419,4.796995,4.837372,4.781145,4.762539,4.761737,4.79941,4.740416,4.830167,4.770033,4.785021,4.758361,4.820238,4.822464,4.807805,4.797475,4.820258,4.729536,4.861477,4.771125,4.770674,4.825819,4.721861]"
sym-224-final-candidate3,matrices,"(4096, 1024)",torch_packed,invalidate_then_prepare,4.7041375,4.93081645,"[4.935568,4.675944,4.698086,4.708966,4.707223,4.735378,4.67404,4.724467,4.714948,4.654985,4.669953,4.726561,4.679751,4.640176,4.720209,6.432849,4.925009,4.762128,4.692756,4.7417,4.696754,4.67347,4.822553,4.683458,4.620859,4.673639,4.701052,4.751879,4.660384,4.707464]"
sym-224-final-candidate3,matrices,"(4096, 1024)",torch_packed,reuse_1,5.517447,5.552279400000001,"[5.517447,5.560469,5.469124,5.519521,5.439598]"
sym-224-final-candidate3,matrices,"(4096, 1024)",torch_packed,reuse_2,6.050992,6.0696262,"[6.050992,6.051303,6.00267,5.982221,6.074207]"
sym-224-final-candidate3,matrices,"(4096, 1024)",torch_packed,reuse_4,7.134585,7.144400399999999,"[7.134585,7.056998,7.075593,7.143062,7.144735]"
sym-224-final-candidate3,matrices,"(4096, 1024)",torch_packed,reuse_8,9.164331,9.1920436,"[9.16365,9.178658,9.19539,9.109026,9.164331]"
sym-224-final-candidate3,matrices,"(4096, 1024)",torch_packed,reuse_16,13.379478,13.4497976,"[13.369048,13.41792,13.379478,13.457767,13.35992]"
sym-224-final-candidate3,matrices,"(4096, 1024)",torch_packed,reuse_32,21.789161,21.798837799999998,"[21.799932,21.789161,21.705803,21.794461,21.779163]"
sym-224-final-candidate3,matrices,"(4096, 1024)",torch_packed,reuse_64,38.504491,38.6049708,"[38.504491,38.554066,38.617697,38.483962,38.485174]"
sym-224-final-candidate3,models,llm_decode,inductor_raw,warm,26.6626665,26.9354333,"[26.685145,26.621724,26.640029,26.626482,26.663463,26.721063,26.654787,26.759547,26.707847,26.657322,26.705834,27.233859,26.652042,26.66187,26.652433,26.629729,26.653595,26.653013,26.645939,26.667431,26.676087,26.72486,26.704712,27.061922,26.780836,26.702066,26.655699,26.580184,26.603468,26.679704]"
sym-224-final-candidate3,models,llm_decode,inductor_packed,warm,26.5711325,26.7667996,"[26.578531,26.742725,26.506855,26.549236,26.597608,26.587708,26.522144,26.786497,26.495162,27.079936,26.648455,26.662181,26.48844,26.664335,26.476868,26.434427,26.474022,26.583761,26.517755,26.700183,26.535891,26.544617,26.624299,26.611574,26.563734,26.644758,26.516243,26.470205,26.406534,26.579093]"
sym-224-final-candidate3,models,llm_decode,sym_raw,warm,32.383054,32.747667299999996,"[32.423371,32.267554,32.277804,32.358608,32.430495,32.308984,32.392362,32.348409,32.373326,32.393083,32.355021,32.952519,32.423031,32.384597,32.335594,32.381511,32.318872,32.497293,32.476443,32.490339,32.317079,32.490128,32.403053,32.35966,33.030507,32.419354,32.458298,32.341185,32.327458,32.339181]"
sym-224-final-candidate3,models,llm_decode,sym_packed,warm,25.108055999999998,25.4110891,"[25.062725,25.13864,25.081781,25.267185,25.148919,25.122168,25.082012,25.106719,25.024592,25.465693,25.141244,25.134562,25.055581,25.077703,25.001558,25.477815,25.096219,25.132718,25.078906,25.097942,25.063457,25.344351,25.085668,25.098212,25.131656,25.147406,25.160662,25.257616,25.033379,25.109393]"
sym-224-final-candidate3,models,llm_decode,torch_raw,warm,31.183165000000002,31.24942285,"[31.21498,31.179292,31.202576,31.182698,31.18327,31.176808,31.202817,31.185535,31.142502,31.182639,31.16251,31.174203,31.199601,31.199161,31.127694,31.152711,31.18306,31.171397,31.215902,31.393941,31.187639,31.241851,31.153593,31.192026,31.144897,31.201585,31.203508,31.179032,31.162661,31.255618]"
sym-224-final-candidate3,models,llm_decode,torch_packed,warm,26.2085665,26.2906623,"[26.224979,26.217243,26.2102,26.219308,26.245838,26.206933,26.21031,26.190262,26.227814,26.163241,26.176345,27.236014,26.239496,26.214588,26.190572,26.199109,26.177919,26.212364,26.169242,26.189611,26.200512,26.212705,26.183099,26.254414,26.177318,26.193478,26.21519,26.193699,26.202025,26.32032]"
sym-224-final-candidate3,models,moe_sparse,inductor_raw,warm,3.6399559999999997,3.67428455,"[3.633399,3.647716,3.630984,3.619613,3.64939,3.884377,3.661853,3.651514,3.635262,3.590006,3.615705,3.651534,3.619913,3.650953,3.627117,3.630032,3.634,3.647636,3.627828,3.66522,3.649088,3.681701,3.660861,3.64465,3.651954,3.626836,3.634982,3.61302,3.622678,3.656683]"
sym-224-final-candidate3,models,moe_sparse,inductor_packed,warm,3.543343,3.7107004999999997,"[3.543718,3.640442,3.559819,3.532136,3.542075,3.563786,3.542556,3.652706,3.531836,3.535062,3.539099,3.542957,3.543208,3.652686,3.543478,3.536244,3.748838,3.588945,3.554108,3.631074,3.537787,4.102853,3.543067,3.543507,3.542386,3.664088,3.541133,3.52355,3.537146,3.560079]"
sym-224-final-candidate3,models,moe_sparse,sym_raw,warm,4.6093975,4.720222,"[4.702875,4.581134,4.600801,4.664312,4.593747,5.002526,4.585452,4.595611,4.601211,4.640065,4.606992,4.606732,4.609728,4.609067,4.592915,4.654553,4.611832,4.632712,4.616791,4.601562,4.604328,4.734415,4.619286,4.582827,4.616401,4.598687,4.604508,4.633834,4.620318,4.640126]"
sym-224-final-candidate3,models,moe_sparse,sym_packed,warm,3.525028,3.59708595,"[3.514543,3.524662,3.548467,3.566582,3.527828,3.502018,3.522127,3.518651,3.520764,3.572753,3.554819,3.51304,3.625514,3.524973,3.510114,3.576,3.527777,3.5185,3.508231,3.525083,3.527768,3.610806,3.526986,3.514643,3.541093,3.522998,3.514492,3.580317,3.54466,3.511207]"
sym-224-final-candidate3,models,moe_sparse,torch_raw,warm,3.4462325,3.47412105,"[3.450641,3.445401,3.444669,3.444088,3.448156,3.447064,3.438818,3.448106,3.453606,3.430994,3.443147,3.44498,3.442535,3.443076,3.456452,3.437025,3.454127,3.452685,3.467834,3.454759,3.461732,3.424461,3.479265,3.4448,3.505766,3.421556,3.44505,3.459899,3.456302,3.442325]"
sym-224-final-candidate3,models,moe_sparse,torch_packed,warm,3.064124,3.0885863999999996,"[3.067251,3.05641,3.053975,3.059637,3.058544,3.083542,3.059336,3.060838,3.067542,3.058965,3.052442,3.082169,3.07762,3.064765,3.063483,3.061169,3.057582,3.073542,3.070738,3.06679,3.065688,3.067882,3.100253,3.090705,3.058404,3.064806,3.062502,3.059807,3.044237,3.085997]"
sym-224-final-control3,matrices,"(256, 1024)",sym_raw,warm,0.5216179999999999,0.6080521999999999,"[0.654557,0.615983,0.583491,0.542142,0.598359,0.528406,0.503909,0.578001,0.515501,0.491466,0.571488,0.510853,0.48839,0.574083,0.524308,0.501966,0.560447,0.514009,0.499812,0.558794,0.518928,0.492638,0.574474,0.518427,0.499922,0.57248,0.509059,0.495333,0.557652,0.510332]"
sym-224-final-control3,matrices,"(256, 1024)",torch_raw,warm,0.242056,0.27633285,"[0.301223,0.250326,0.278019,0.258282,0.241009,0.261918,0.241129,0.239937,0.262049,0.239085,0.246079,0.257561,0.238414,0.237272,0.274272,0.238423,0.233485,0.258291,0.240227,0.233314,0.260817,0.238875,0.242983,0.26801,0.238424,0.232793,0.258693,0.240207,0.230489,0.259333]"
sym-224-final-control3,matrices,"(256, 1024)",inductor_raw,warm,0.347456,0.3873269,"[0.369824,0.342532,0.378391,0.408007,0.345868,0.345838,0.389351,0.329136,0.341921,0.384392,0.325109,0.336661,0.376417,0.356539,0.352672,0.379352,0.329968,0.338745,0.384853,0.328546,0.345138,0.374774,0.354495,0.349044,0.373952,0.326922,0.337513,0.38362,0.324398,0.337573]"
sym-224-final-control3,matrices,"(1024, 4096)",sym_raw,warm,1.161251,1.2615121999999996,"[1.020583,1.168635,1.16017,1.1396,1.159969,1.160029,1.163535,1.14477,2.747272,1.323911,1.185247,1.170759,1.163104,1.144309,1.168605,1.16079,1.184866,1.162283,1.162003,1.145862,1.162504,1.136344,1.177502,1.159969,1.153516,1.159589,1.157544,1.142876,1.161712,1.165529]"
sym-224-final-control3,matrices,"(1024, 4096)",torch_raw,warm,0.7795695,0.7927792,"[0.779835,0.781739,0.780276,0.775888,0.772521,0.791698,0.779023,0.774134,0.828127,0.77737,0.780466,0.793582,0.78776,0.774916,0.775426,0.773242,0.772812,0.781027,0.782049,0.785646,0.791798,0.776929,0.784254,0.779304,0.779124,0.782971,0.781388,0.779233,0.773242,0.777009]"
sym-224-final-control3,matrices,"(1024, 4096)",inductor_raw,warm,0.6025475,0.6265702,"[0.596977,0.602247,0.613759,0.609832,0.60386,0.610572,0.606806,0.600463,0.60907,0.739889,0.602848,0.61966,0.612586,0.597147,0.596416,0.586607,0.619059,0.632224,0.601626,0.595454,0.594842,0.601064,0.612126,0.615081,0.59387,0.594312,0.600193,0.593851,0.615763,0.590043]"
sym-224-final-control3,matrices,"(4096, 1024)",sym_raw,warm,1.1217215,1.1477981,"[0.97673,1.141384,1.117327,1.097249,1.096648,1.153046,1.133288,1.118971,1.10259,1.098121,1.124882,1.104613,1.154298,1.136995,1.124642,1.136003,1.136324,1.130653,1.126715,1.111978,1.1237,1.095617,1.131134,1.117037,1.119743,1.131184,1.125072,1.1024,1.109122,1.107058]"
sym-224-final-control3,matrices,"(4096, 1024)",torch_raw,warm,0.7588205,0.77183515,"[0.763043,0.749638,0.759797,0.772561,0.773923,0.759877,0.749788,0.759186,0.755829,0.758455,0.747824,0.770948,0.769936,0.769776,0.763985,0.761761,0.749407,0.755478,0.750068,0.754306,0.755889,0.75119,0.767111,0.755779,0.755919,0.768293,0.764486,0.762873,0.757713,0.757142]"
sym-224-final-control3,matrices,"(4096, 1024)",inductor_raw,warm,0.605613,0.64450455,"[0.613258,0.605503,0.596386,0.654306,0.617987,0.617265,0.596736,0.647052,0.623177,0.58807,0.620281,0.622255,0.605723,0.604992,0.607537,0.606495,0.641391,0.590464,0.624028,0.602929,0.604952,0.59859,0.5987,0.5931,0.626133,0.589362,0.624579,0.599882,0.595343,0.59348]"
