run,selected,path,wire_bytes,first_completed_ms,p50_ms,p95_ms,native_executions,host_scratch_bytes,native_peak_scratch_bytes,samples_ms
baseline-1,4096,unfused,1048576,235.730964,1.2283415,1.38851,109,1310720,1310720,"[1.295764,1.172041,1.257312,1.359585,1.237905,1.145441,1.225351,1.189574,1.74953,1.353814,1.143848,1.231012,1.31974,1.168624,1.227004,1.393519,1.132186,1.175968,1.388729,1.191959,1.198531,1.296235,1.144078,1.20324,1.304661,1.254216,1.214321,1.434275,1.191577,1.270347,1.379762,1.195245,1.205464,1.286968,1.119341,1.184675,1.306013,1.299241,1.203691,1.26688,1.147715,1.317806,1.269064,1.150129,1.230952,1.305432,1.154218,1.222396,1.366648,1.223768,1.202068,1.243967,1.143827,1.274735,1.331482,1.184655,1.229679,1.275937,1.119913,1.2087,1.40471,1.248855,1.206686,1.355837,1.145851,1.218689,1.328366,1.147505,1.250489,1.312776,1.185687,1.290053,1.265326,1.127226,1.21366,1.362129,1.241983,1.222987,1.33066,1.174155,1.209451,1.294662,1.116496,1.274003,1.324669,1.201256,1.200845,1.38851,1.252463,1.19807,1.335109,1.161681,1.163255,1.2512,1.131384,1.224069,1.305322,1.133388,1.163455,1.278391]"
baseline-1,4096,torch,1048576,1.517342,0.5340525,0.585965,,,,"[0.956564,0.566128,0.516986,0.5514,0.494643,0.520081,0.53049,0.447965,0.661758,0.673781,0.528887,0.527515,0.539007,0.50352,0.507928,0.569865,0.496978,0.521324,0.583892,0.56705,0.494062,0.552933,0.592718,0.511956,0.531122,0.533977,0.516845,0.548605,0.489864,0.542002,0.5462,0.529619,0.520151,0.549997,0.479905,0.534128,0.570767,0.489113,0.510042,0.536272,0.568622,0.548464,0.542854,0.51992,0.50348,0.543565,0.443155,0.54087,0.548555,0.564786,0.523838,0.544677,0.582659,0.536402,0.564475,0.573712,0.543065,0.548104,0.585965,0.529519,0.547363,0.579223,0.535089,0.562892,0.505925,0.531001,0.532785,0.500284,0.533266,0.544737,0.537614,0.532074,0.550288,0.592959,0.554826,0.545279,0.58275,0.526053,0.532866,0.566899,0.537594,0.558714,0.531072,0.533066,0.525281,0.481158,0.521533,0.558103,0.442845,0.521424,0.572009,0.486598,0.512747,0.517997,0.499672,0.544587,0.529829,0.516935,0.488131,0.522336]"
baseline-1,4096,inductor_pinned,1048576,1848.504272,0.5821335,0.666507,,1048576,,"[0.567801,0.599281,0.663512,0.554866,0.581788,0.65733,0.570987,0.574854,1.021296,0.543525,0.557311,0.670675,0.560417,0.582479,0.66278,0.559585,0.57259,0.656478,0.566609,0.568853,0.661107,0.536923,0.584353,0.642402,0.549326,0.592548,0.664404,0.560798,0.562651,0.676887,0.542293,0.597426,0.645046,0.573452,0.57252,0.640829,0.570105,0.576588,0.662319,0.517737,0.574343,0.666507,0.580094,0.571458,0.684151,0.556931,0.585405,0.622855,0.528146,0.599341,0.659023,0.574414,0.589873,0.640127,0.578751,0.584172,0.666277,0.568012,0.572029,0.647942,0.567761,0.59901,0.598739,0.587659,0.590955,0.633194,0.554316,0.568002,0.680173,0.511385,0.608508,0.665145,0.563032,0.584172,0.613057,0.555137,0.585705,0.647912,0.566849,0.579113,0.66276,0.567651,0.58313,0.619549,0.52476,0.605613,0.653252,0.568894,0.56752,0.654395,0.558293,0.560558,0.622434,0.516625,0.574594,0.658602,0.534328,0.567991,0.598879,0.557011]"
baseline-1,16384,unfused,4194304,9.297489,2.529362,3.66778,218,6029312,6029312,"[3.654043,3.76929,2.521727,2.730762,2.552485,2.495888,2.482412,2.540482,2.524583,2.762321,2.494996,2.524271,2.501759,2.553056,2.510747,2.727154,2.570349,2.638166,3.81156,2.577011,2.534652,2.74582,2.583173,2.547476,2.492041,2.536726,2.561663,2.487242,2.521326,2.523751,2.814159,2.463628,2.512389,2.494516,2.490098,2.476823,2.462074,2.566011,4.89839,2.730642,2.585037,2.639339,2.478385,2.56533,2.540933,2.441375,2.523791,2.499084,2.474308,2.505006,2.511277,2.554799,3.563072,2.50731,2.767311,2.522789,2.549239,2.728698,2.542286,2.55526,4.576253,2.504474,2.501029,2.458849,2.500036,2.481732,2.453007,2.529943,3.552542,2.741061,2.526616,2.490509,2.428061,3.566028,3.440851,2.472685,2.524462,2.5231,2.732826,2.546233,2.511107,3.66778,2.557225,2.528781,2.47544,2.516137,2.488625,2.706847,3.32396,3.198614,2.743506,2.507941,2.486711,3.709759,2.488655,3.613247,2.485459,2.502531,2.532417,2.441626]"
baseline-1,16384,torch,4194304,3.08499,1.7298529999999999,2.897296,,,,"[2.711024,2.877728,1.753447,1.820013,2.837753,1.733521,1.722169,1.596141,3.181511,1.727249,1.602764,1.720455,2.675708,2.897296,1.739351,2.726053,1.593456,1.71189,1.884455,1.893001,1.743819,1.731506,1.876369,1.705818,1.773225,1.897339,1.693836,1.692914,1.905295,1.715146,1.735664,1.600138,1.709415,1.715627,1.884485,1.710216,1.733801,1.88737,1.698234,1.698525,1.879686,2.17866,2.164713,2.10436,1.713722,1.724824,2.871457,1.70679,1.735414,1.573278,1.699707,1.713242,2.262788,1.713993,1.700367,2.896996,1.696089,1.721047,1.895135,1.724754,1.739852,1.60125,1.705798,1.716188,2.923034,1.690439,1.69091,2.876025,1.747957,1.713222,1.581664,2.18385,1.705247,2.328032,1.720907,1.697612,1.580421,1.713863,1.72311,1.88152,1.678326,1.736676,2.970684,1.719825,1.737979,1.900556,1.688946,4.710727,1.869126,1.677986,1.718291,1.902299,1.7282,1.693715,1.850521,2.187476,1.69672,1.922056,3.120196,1.697683]"
baseline-1,16384,inductor_pinned,4194304,5.929326,1.557874,1.697663,,4194304,,"[1.649371,1.531259,1.675511,1.524496,1.524736,1.679949,1.565724,1.570442,1.695399,1.533633,1.571905,1.676622,1.597503,1.529105,1.681292,1.539875,1.546919,1.657096,1.64897,1.545706,1.671153,1.576464,1.544093,1.704636,1.554553,1.537892,1.671814,1.527852,1.539264,1.658088,1.567737,1.562288,1.697663,1.513144,1.538733,1.682534,1.543952,1.51633,1.677094,1.627651,1.530157,1.683355,1.514678,1.515239,1.700898,1.561195,1.692213,1.658168,1.563459,1.543922,1.67512,1.547238,1.552699,1.656575,1.596121,1.509057,1.724033,1.502675,1.565553,1.653519,1.535055,1.540276,1.680901,1.498397,1.519626,1.709555,1.604898,1.528413,1.661244,1.512212,1.52632,1.676062,1.534445,1.527421,1.669259,1.500631,1.518275,1.663238,1.520298,1.549604,1.734873,1.547539,1.605949,1.687403,1.551156,1.548832,1.660713,1.533012,1.504949,1.678807,1.534234,1.533773,1.682574,1.544814,1.521059,1.64854,1.547058,1.530217,1.666845,1.52137]"
baseline-1,65536,unfused,16777216,14.686617,6.5895115,14.472325,327,6029312,6029312,"[14.51366,14.459469,6.454236,23.655838,6.757809,6.442244,6.63616,6.529518,6.444278,6.614989,6.489443,14.449079,14.442537,6.505573,6.38203,6.57238,14.272586,14.320397,14.504955,6.412247,6.516804,6.715579,6.489012,6.37666,13.905183,6.420392,6.434089,6.591024,6.714728,6.426795,13.734682,14.397873,14.180734,14.031362,6.433768,13.604947,6.652731,6.422657,14.400488,6.610321,14.209919,6.446262,6.658402,14.281023,6.414462,6.595032,6.408741,6.417998,14.260304,6.4293,6.504822,6.706093,6.483653,6.465959,14.370723,6.454898,6.437766,6.587999,14.254935,6.427867,6.638745,6.492779,6.469866,14.452317,6.490205,6.429811,14.976506,6.465749,6.44504,6.681466,6.410906,14.379811,6.693358,14.390271,6.467773,6.702415,6.42404,6.446983,6.63035,13.781983,6.401267,6.658733,6.454538,14.027105,14.628741,6.507168,14.141672,6.632674,6.42948,6.397851,6.567111,14.472325,6.453346,7.361529,6.467282,6.384206,6.624549,6.478564,6.408071,6.612006]"
baseline-1,65536,torch,16777216,15.888966,7.321283,15.45604,,,,"[15.023252,15.391877,15.363513,22.877038,15.215976,7.143557,7.153315,7.422663,7.148807,7.11889,7.294181,7.81842,7.135401,7.273492,7.115564,7.103501,7.392085,7.971719,7.376326,7.395823,7.156542,7.136905,7.974946,7.81288,7.137616,7.334227,7.135773,7.140481,7.323596,7.151332,7.125714,15.325994,15.210887,14.469869,14.660108,14.614863,7.15047,14.963471,14.896785,7.822548,7.372199,14.9898,8.013588,15.203914,15.725208,15.45604,7.283411,7.287068,7.183523,7.309471,7.42564,7.243316,15.131789,7.181238,7.183432,7.285285,7.136294,7.16627,15.355932,7.190596,16.217327,7.292519,7.147496,7.11294,15.340462,13.920694,15.228882,7.319269,7.186779,15.156055,15.473254,7.848178,7.120665,15.579183,7.838399,14.326911,8.08235,7.114503,7.090217,8.066349,7.11818,7.12376,7.26101,15.170663,7.083344,7.323297,15.212583,7.107219,15.143693,7.100637,7.116256,7.258916,7.120044,7.140513,7.26648,7.815646,7.111468,7.34548,7.160029,7.11789]"
baseline-1,65536,inductor_pinned,16777216,20.614911,4.560319,4.753768,,16777216,,"[4.597734,4.576744,4.78677,4.707982,4.560985,4.71748,4.557819,4.518956,4.724593,4.526309,4.670571,4.741495,4.5537,4.551046,4.721828,4.520198,4.541478,4.7014,4.553981,4.527622,4.705137,4.673346,4.517513,4.734111,4.530888,4.520809,4.720986,4.524916,4.726136,4.713042,4.530086,4.531009,4.724012,4.577977,4.523956,4.711499,4.546959,4.549233,4.714504,4.54787,4.532211,4.69083,4.577285,4.535927,4.751645,4.549153,4.561166,4.710447,4.506112,4.51607,4.751344,4.550756,4.543532,4.753768,4.591122,4.567929,4.732619,5.012617,4.565433,4.719925,4.550035,4.551678,4.747097,4.536849,4.552399,4.727399,4.667886,4.527232,4.732208,4.546678,4.551358,4.792813,4.556497,4.535107,4.760552,4.551618,4.559653,4.763948,4.520579,4.543853,4.694938,4.587325,4.525869,4.735935,4.514929,4.520188,4.712872,4.519197,4.535948,4.717251,4.540928,4.519738,4.745654,4.576575,4.519908,4.698144,4.52614,4.511973,4.716419,4.552309]"
baseline-2,4096,unfused,1048576,235.482095,1.2433640000000001,1.66755,109,1310720,1310720,"[1.627815,1.465378,1.268316,1.309023,1.176391,1.235965,1.298232,1.227088,1.429551,1.331695,1.14915,1.237638,1.33921,1.21249,2.409161,1.325924,2.416434,1.209825,1.280248,1.687227,1.204035,1.40277,1.216067,1.215225,1.289165,1.166453,1.195158,1.335443,1.177103,2.41411,1.416425,1.139442,1.222439,1.311628,1.118953,1.205197,1.304634,1.213502,1.255973,1.33436,1.242427,1.223912,1.322849,1.166042,1.195368,1.384225,1.749845,1.310215,1.258297,1.247998,1.219173,1.309914,1.491196,1.21795,1.378764,1.162786,1.211258,1.30742,1.173918,1.171623,1.342225,1.216748,1.239762,1.356643,1.264458,1.168918,1.35513,1.164189,1.205958,1.347465,1.203894,1.244301,1.295417,1.17532,1.147618,1.274136,1.607978,1.198974,1.319192,1.192222,1.203623,1.361391,1.17489,1.176623,1.310997,1.165832,1.19148,1.319803,1.135786,1.205537,1.328519,1.123642,1.66755,1.340102,1.129483,1.227829,1.30791,1.185419,1.203793,1.290819]"
baseline-2,4096,torch,1048576,1.489053,0.5345690000000001,0.732314,,,,"[0.55099,0.509422,0.529941,0.534509,0.592899,0.560048,0.532466,0.474937,0.513009,0.556812,0.56081,0.526425,0.553035,0.502088,0.869382,0.536073,0.506737,0.66745,0.860265,0.57719,0.543016,0.554919,0.509262,0.497009,0.538547,0.903056,0.552654,0.549899,0.505686,0.920369,0.548015,0.559727,0.56635,0.536924,0.550851,0.495406,0.547504,0.501236,0.532686,0.537695,0.504283,0.532145,0.50803,0.537505,0.523539,0.531083,0.520504,0.539249,0.529941,0.537235,0.518439,0.560458,0.657301,0.510164,0.531394,0.54012,0.520132,0.555198,0.494894,0.515754,0.561641,0.534629,0.513921,0.549958,0.490567,0.525482,0.53432,0.533838,0.515194,0.529801,0.56673,0.519311,0.537154,0.516145,0.493192,0.532697,0.577491,0.732314,0.54559,0.531784,0.510624,0.539078,0.512337,0.501928,0.505636,0.557533,0.527596,0.556602,0.540671,0.516375,0.534129,0.552544,0.890031,0.562632,0.557744,0.511917,0.565188,0.481309,0.530012,0.553967]"
baseline-2,4096,inductor_pinned,1048576,1851.635533,0.590175,0.675716,,1048576,,"[0.558806,0.594974,0.660387,0.542685,0.5718,0.710582,0.581548,0.604362,0.885713,0.571068,0.584194,0.649056,0.565789,0.600805,0.675716,0.566279,0.588061,0.660808,0.557473,0.599643,0.671519,0.553426,0.563955,0.649748,0.561231,0.567352,0.64053,0.536503,0.567913,0.675556,0.56662,0.605283,0.632054,0.542826,0.590556,0.659185,0.580186,0.595675,0.684683,0.5558,0.569546,0.652463,0.559507,0.578723,0.645389,0.543066,0.596016,0.657181,0.570167,0.585125,0.623147,0.611165,0.604381,0.648876,0.558335,0.578052,0.668393,0.612898,0.597589,0.671258,0.564897,0.61912,0.684954,0.560509,0.574715,0.665407,0.559817,0.588,0.613589,0.561661,0.580246,0.659946,0.537716,0.567262,0.654015,0.567562,0.585606,0.649266,0.558475,0.593761,0.656691,0.548486,0.594823,0.665587,0.556291,0.609752,0.655638,0.54526,0.590816,0.669936,0.55064,0.585677,0.641191,0.558034,0.589794,0.67224,0.562492,0.557133,0.68805,0.561781]"
baseline-2,16384,unfused,4194304,9.05796,2.5453935000000003,3.679781,218,6029312,6029312,"[3.845884,2.495294,2.547031,2.500213,2.509561,2.508328,2.778228,2.50962,2.863509,2.76863,2.508268,2.545188,2.771195,2.527675,2.545599,2.746868,2.502326,3.511803,2.771855,2.501986,2.486707,2.71054,3.44647,2.535018,2.801031,2.537062,2.518858,2.739785,2.486356,2.507717,2.763871,2.518047,2.477229,2.775443,2.510342,2.499592,2.787285,2.533486,2.579963,2.736069,2.49877,2.544527,2.748882,2.521293,2.579733,2.73175,2.48251,2.538054,4.543281,2.513077,2.491496,2.745807,2.55137,4.840704,2.692035,2.495123,2.497167,3.671615,2.511635,2.495624,2.555137,2.502548,2.497117,3.809296,2.567409,2.529749,2.831709,2.513668,2.581406,2.787225,2.57283,2.581135,2.483231,2.480916,2.49847,2.720078,2.522064,2.53051,2.804949,2.526392,2.542142,2.769391,2.592167,3.366659,2.512075,2.540268,2.809327,3.839122,2.504922,2.539227,3.679781,2.558333,2.554415,3.650044,3.593569,2.579773,2.456591,2.53545,2.557111,2.416034]"
baseline-2,16384,torch,4194304,3.143027,1.739806,2.876163,,,,"[2.786223,1.605272,1.738514,1.740748,1.892455,1.675024,1.727212,1.888427,1.796764,1.73081,2.799348,1.716382,1.750437,2.885129,1.732743,1.718556,1.915368,1.731801,1.738754,1.881974,1.719007,1.738864,1.60431,1.729036,1.746619,2.81619,2.681946,1.731892,2.822341,1.704489,2.907833,1.908364,1.712044,1.745978,1.59899,1.712665,1.723386,1.910198,2.765053,1.719257,1.930356,1.735399,1.738043,1.908135,1.698007,2.790441,1.585625,1.7102,2.190417,2.849202,1.710481,2.662129,1.899158,1.73144,2.737942,1.616223,1.730118,1.745708,1.892134,1.70981,2.168286,1.901112,5.457849,2.790562,1.602487,1.707485,1.743764,1.881023,1.766427,1.765074,1.887616,1.705952,1.75753,1.878909,2.675244,1.750296,1.931468,1.722744,1.734597,1.617094,1.70459,1.709139,4.074036,2.778088,1.730068,1.6407,1.745757,1.73136,1.575997,1.701815,1.723476,1.609179,2.876163,1.727844,2.818254,1.706724,1.716523,2.888867,2.686545,1.697697]"
baseline-2,16384,inductor_pinned,4194304,5.890557,1.5578725,1.717554,,4194304,,"[1.545389,1.582809,1.705722,1.53539,1.505153,1.667159,1.505133,1.561911,2.017952,1.565056,1.523568,1.717554,1.557412,1.544107,1.689792,1.569044,1.534869,1.713798,1.479816,1.541822,1.698708,1.501356,1.485486,1.665256,1.532124,1.528798,1.695904,1.582639,1.543996,1.692878,1.535951,1.537114,1.680704,1.536682,1.576829,1.721763,1.523718,1.55614,1.701183,1.518819,1.528528,1.706584,1.571228,1.562751,1.688369,1.528868,1.569806,1.707927,1.516424,1.53547,1.676617,1.532465,1.538716,1.692036,1.545289,1.492489,1.735488,1.533096,1.50889,1.697607,1.537935,1.552302,1.704259,1.546692,1.509942,1.711343,1.558333,1.529689,1.692537,1.556961,1.49813,1.707044,1.527886,1.518729,1.683881,1.544006,1.545579,1.664935,1.564956,1.558404,1.710401,1.491698,1.516565,1.681106,1.562632,1.606595,1.78392,1.558694,1.559797,1.679132,1.539057,1.591527,1.685894,1.511535,1.548515,1.68349,1.553064,1.520282,1.801603,1.494253]"
baseline-2,65536,unfused,16777216,14.935183,6.6244795,14.679342,327,6029312,6029312,"[14.69562,6.492885,6.396693,6.600038,6.444894,6.413064,6.657125,14.253877,14.461288,6.725324,14.438315,14.54727,14.473592,14.53666,14.389693,14.623734,6.438533,14.264917,14.422425,14.647961,14.638994,6.631428,6.446909,6.425468,14.861554,6.587414,6.477646,6.649722,6.481264,6.617471,7.195011,6.443442,6.424626,6.800667,6.42615,6.433764,13.820829,6.467448,6.480853,13.837099,13.670635,14.385966,6.610107,6.488788,15.044591,14.435019,6.426741,14.233329,14.591154,14.448515,6.518825,14.003845,13.679432,13.628947,6.627079,6.43708,6.350577,6.609095,6.414267,6.439094,6.602883,6.400652,6.402455,6.651956,6.433925,6.419407,14.75796,6.523324,6.428835,14.679793,6.488328,6.441289,14.525671,6.476565,6.502765,6.654933,14.21787,6.460485,6.614045,6.360075,6.428124,14.63085,6.422894,14.44012,6.62188,14.305656,6.438934,14.679342,6.522823,6.449604,6.618243,14.505193,14.465889,6.583137,14.61444,14.37121,14.675896,14.431193,6.503336,14.506456]"
baseline-2,65536,torch,16777216,16.206695,7.708808,15.791574,,,,"[16.056881,15.303038,7.174202,7.129437,14.965881,7.143825,7.175965,16.322093,15.588848,15.328726,15.570484,15.070239,7.16259,7.292526,15.95512,15.852646,7.333313,7.143805,7.31055,7.439994,15.042646,8.249454,7.327763,7.128015,7.301343,15.337985,15.293982,7.232012,7.711528,7.159625,7.997578,7.306042,14.992622,7.116353,7.32064,7.166007,7.168191,7.449903,14.466027,7.184993,15.257954,14.748591,7.15125,7.330508,7.104181,15.132196,15.281488,15.150621,15.285977,7.389289,7.180595,15.178925,14.64735,7.162982,7.226612,14.621672,7.104831,7.065518,7.624444,7.099291,7.095083,7.277238,7.219438,7.766342,7.273471,15.175328,7.105133,7.94536,15.334649,14.939292,16.57307,15.587548,7.706088,15.369916,8.186907,7.991207,7.38945,7.100324,7.121003,7.400481,7.060708,14.893306,8.036552,15.151615,7.092139,15.610552,7.120582,15.479644,7.422022,15.791574,7.162261,14.764413,15.062536,7.76006,15.203964,14.87369,7.144728,7.305923,14.918264,15.16489]"
baseline-2,65536,inductor_pinned,16777216,21.202572,4.5736195,4.792454,,16777216,,"[4.56852,4.546498,4.709015,4.566816,4.572968,4.717732,4.59495,4.777505,4.768858,4.580893,4.577767,4.741096,4.525439,4.543954,4.789057,4.553802,4.544665,4.802442,4.585773,4.567849,4.80159,4.575673,4.52615,4.747378,4.562749,4.567779,4.800529,4.586534,4.60567,4.743511,4.619406,4.549475,4.760633,4.574271,4.528264,4.734845,4.561898,4.538283,4.725918,4.671595,4.547461,4.792454,4.545978,4.546369,4.732711,4.67453,4.54198,4.765342,4.548553,4.537773,4.746798,4.571697,4.539186,4.787444,4.540076,4.538574,4.708205,4.575344,4.532553,4.743892,4.562529,4.516733,4.743931,4.545978,4.558261,4.741607,4.546759,4.54168,4.777355,4.547241,4.543764,4.749603,4.569663,4.56783,4.756356,4.551819,4.537352,4.801632,4.540467,4.538635,4.755433,4.53107,4.593407,4.80065,4.533445,4.528315,4.768288,4.551228,4.718404,4.757498,4.731448,4.596964,4.761415,4.545227,4.55177,4.72659,4.530048,4.535789,4.731609,4.538554]"
baseline-3,4096,unfused,1048576,237.814947,1.2253555,1.575337,109,1310720,1310720,"[1.425724,1.161665,1.203193,1.433348,1.24879,1.167977,1.284126,1.129233,1.211929,1.354599,1.755196,1.204757,1.319203,1.221438,1.141497,2.402699,1.581068,1.207592,1.263718,1.233861,1.215406,1.287612,1.206459,1.165001,1.326245,1.166875,1.208464,1.263978,1.121008,1.178206,1.34456,1.207482,1.205799,1.389315,1.178998,1.168208,1.350232,1.194757,1.179849,1.359378,1.20141,1.575337,1.296389,1.1326,1.297501,1.289717,1.18554,1.226497,1.256544,1.160613,1.224404,1.289467,1.159761,1.227369,1.274248,1.311137,1.251395,1.312359,1.169369,1.207121,1.268997,1.174018,1.276492,1.326937,1.156886,1.145244,1.304465,1.173327,1.181102,1.350571,1.177856,1.178286,2.3074,1.226307,1.157888,1.334421,1.272324,1.186622,1.363947,1.232158,1.239161,1.258999,1.197432,1.149051,1.303433,1.198384,1.170101,1.347576,1.208744,1.198895,2.317288,1.115338,1.149041,1.352876,1.157537,1.218733,1.348307,1.163659,1.392281,1.336856]"
baseline-3,4096,torch,1048576,1.436244,0.53978,0.908757,,,,"[0.942331,0.570398,0.514372,0.522807,0.559838,0.514502,0.540872,0.574235,0.535391,7.269375,0.648746,0.520663,0.56588,0.570989,0.513861,0.903237,0.583282,0.533859,0.825269,0.506727,0.51354,0.536203,0.843294,0.538307,0.544539,0.538969,0.496307,0.529731,0.56605,0.522147,0.499704,0.50307,0.494565,0.53416,0.595435,0.518129,0.552153,0.582531,0.500145,0.531875,0.507759,0.524551,0.908757,0.553155,0.543156,0.536834,0.553075,0.512148,0.543196,0.571129,0.506697,0.525392,0.585526,0.517357,0.536614,0.510624,0.507849,0.543607,0.48153,0.530312,0.543727,0.569667,0.891113,0.541824,0.475729,0.503601,0.564527,0.557023,0.554988,0.543036,0.580988,0.504172,1.005439,0.548927,0.528679,0.551472,0.546863,0.536213,0.540591,1.64597,0.522898,0.527787,0.515604,0.516105,0.523379,0.549728,0.558385,0.551663,0.574365,0.546132,1.038793,0.551371,0.505155,0.548126,0.531525,0.510665,0.569236,0.480769,0.501127,0.526585]"
baseline-3,4096,inductor_pinned,1048576,1854.741833,0.5823750000000001,0.66703,,1048576,,"[0.691396,0.595014,0.634128,0.504584,0.618108,0.65618,0.529931,0.593602,0.616855,0.927593,0.556351,0.656861,0.547735,0.575798,0.615283,0.565789,0.581639,0.642865,0.551492,0.574094,0.595725,0.565278,0.576179,0.645319,0.536895,0.573924,0.631613,0.557844,0.587981,0.666139,0.543687,0.575778,0.658675,0.555059,0.60837,0.663714,0.558225,0.600194,0.647724,0.55607,0.570448,0.682038,0.576569,0.57146,0.621955,0.56078,0.568945,0.637966,0.558936,0.556752,0.636433,0.552754,0.565659,0.619371,0.55564,0.573684,0.656169,0.577571,0.580026,0.645369,0.513751,0.58774,0.633878,0.547274,0.567462,0.660729,0.526805,0.565559,0.66703,0.528388,0.607338,0.619871,0.583111,0.579175,0.665317,0.524832,0.584344,0.66169,0.524682,0.59244,0.616384,0.549237,0.572621,0.669715,0.507209,0.567822,0.649857,0.52891,0.590335,0.622316,0.585647,0.592139,0.650689,0.563195,0.589033,0.620012,0.570267,0.575467,0.748554,0.539119]"
baseline-3,16384,unfused,4194304,9.23545,2.528683,3.49312,218,6029312,6029312,"[2.71986,2.575607,2.547584,2.759033,2.512748,2.544838,2.461741,2.510173,2.47693,2.752881,2.496176,2.449598,2.754435,2.550539,2.522686,2.440481,2.569465,2.479665,2.743294,2.500395,2.530883,2.479095,2.581117,2.528267,2.765726,3.49312,2.516305,2.749606,2.483843,2.561701,2.481379,2.485216,2.568794,2.447034,2.533076,2.509812,2.71517,2.802766,2.485346,2.795191,2.56178,2.473554,2.438097,2.494022,3.528196,2.747332,2.549387,3.660506,2.499513,2.529099,2.514912,2.753893,2.596115,2.502809,2.749496,2.528157,2.539048,3.682057,2.499113,5.010077,2.478123,2.489804,2.529409,2.763802,2.508711,3.658963,2.46605,2.51422,2.487661,2.436103,2.52433,2.476009,2.468585,2.509722,2.550028,2.457263,2.49265,2.537906,2.492309,2.588391,2.531013,2.475367,2.523408,3.407719,2.770685,3.417137,2.559006,2.714489,2.600785,2.536453,2.760146,2.515994,2.488041,2.460129,2.547984,2.509482,2.444449,2.510153,2.500886,2.786405]"
baseline-3,16384,torch,4194304,3.120115,1.7153315,2.753022,,,,"[2.744405,1.867359,1.711564,1.736801,1.918024,2.733635,1.768762,2.829596,1.703679,1.721733,1.612096,1.722885,1.690354,1.876827,1.804009,1.686427,1.61448,1.715442,1.717154,1.596026,1.695153,1.708709,1.877778,1.707466,1.722364,1.890993,1.752601,1.696296,1.575867,1.721984,1.727865,1.872849,1.692478,2.772399,2.946978,1.733395,1.69881,1.889721,1.747131,1.703619,2.90517,1.691436,1.6993,1.583291,2.685925,1.752221,1.893458,2.753022,1.702718,1.88445,2.724779,1.704551,5.159389,1.715922,1.696786,1.565328,1.705663,1.718166,1.888819,1.703529,1.68871,2.072746,1.712696,1.706564,1.583802,1.687859,1.690474,1.581748,1.689994,1.734207,1.607998,1.723126,1.690173,1.587309,1.691286,1.695513,1.896904,2.75164,1.723536,1.839266,1.662081,1.73067,1.866086,2.748463,1.703229,2.089077,1.705042,1.725461,1.595805,2.690974,1.715221,1.591377,1.687639,1.708037,1.575818,1.705152,1.731662,1.608279,1.701224,1.704421]"
baseline-3,16384,inductor_pinned,4194304,5.872225,1.555269,1.694893,,4194304,,"[1.536514,1.520072,1.670517,1.554126,1.539949,1.681347,1.545441,1.533698,1.687899,1.512958,1.561922,1.667631,1.546803,1.527737,1.694341,1.558605,1.57216,1.658253,1.550449,1.548365,1.671548,1.539409,1.513199,1.670225,1.546553,1.524992,1.691126,1.557362,1.553265,1.675385,1.539879,1.546713,1.675746,1.512227,1.519611,1.66197,3.410945,1.515343,1.668072,1.589604,1.518328,1.707837,1.521345,1.564877,1.67253,1.515714,1.556631,1.684563,1.554848,1.51363,1.683361,1.521284,1.511927,1.686045,1.555729,1.545681,1.702627,1.500105,1.536183,1.691877,1.528578,1.55062,1.686046,1.520974,1.535521,1.694893,1.534179,1.562653,1.68252,1.525513,1.524761,1.668243,1.536172,1.567261,1.666329,1.504943,1.566059,1.695233,1.502569,1.534299,1.692999,1.530612,1.538527,1.693059,1.534329,1.561921,1.680936,1.527997,1.547905,1.658985,1.577441,1.533067,1.722595,1.576498,1.547093,1.675426,1.562062,1.538407,1.68828,1.55569]"
baseline-3,65536,unfused,16777216,15.117996,6.52503,14.524367,327,6029312,6029312,"[14.613894,6.423979,14.874727,11.36251,6.463714,14.361016,6.611934,6.448495,6.43009,6.592627,6.45099,6.370137,6.552262,6.423688,14.461266,6.658813,6.502327,6.41397,6.788548,6.46152,14.39444,11.655916,6.525941,6.489843,6.60974,6.443786,6.405694,6.70501,6.420303,14.159897,14.63778,6.50435,6.556479,6.636541,6.416826,6.434859,6.57834,6.395765,6.427325,6.584702,6.389193,6.412648,11.323046,6.434018,6.535049,6.664784,6.395806,13.571766,6.753331,6.428567,6.6097,6.591465,6.449858,6.423328,13.683748,6.444017,6.495444,6.623777,6.508419,6.402068,6.628566,6.549126,6.425082,6.733293,6.463043,6.3981,6.649475,6.432695,6.40853,6.677389,6.487038,6.453866,6.566288,6.381379,6.561299,14.563761,14.329859,14.417264,6.674433,6.438036,6.451621,13.689088,14.376177,14.088273,6.524119,6.408981,14.754983,6.742181,6.42439,6.39282,14.524367,6.427777,6.389334,6.615301,6.463795,6.447444,6.748403,6.444739,6.473103,14.496545]"
baseline-3,65536,torch,16777216,15.989112,7.286459499999999,15.476444,,,,"[16.084914,7.957766,8.20298,7.188483,15.476444,15.100324,7.094506,7.626491,7.995398,7.121567,15.521069,7.139321,7.118201,7.268405,15.196044,15.122476,7.617183,7.503468,7.11261,7.288753,14.910605,15.752968,15.715817,7.246784,7.112761,7.366981,7.111668,7.102972,7.326454,7.115315,7.109555,15.402305,7.157045,7.136936,7.261722,7.122128,7.110627,14.903513,15.138075,7.092863,7.241234,7.072444,7.098533,7.250371,14.382187,7.119684,14.502084,7.781644,7.201939,7.290807,7.122579,7.109365,7.283634,7.521623,7.157586,7.296548,7.091721,14.934451,15.416753,15.079094,7.121037,8.071843,7.097492,7.119965,15.112128,7.162114,7.111619,15.376908,7.267353,7.130665,7.26067,7.264818,7.079729,15.403388,7.917351,15.355046,15.369083,15.243485,7.108443,7.32912,7.112611,16.170597,15.467901,7.159019,7.095979,7.284166,7.866506,7.126507,7.261081,14.917681,7.907323,8.105407,7.099797,7.977906,7.268215,7.169919,15.261421,7.33951,14.850124,15.162503]"
baseline-3,65536,inductor_pinned,16777216,20.535904,4.56157,4.765605,,16777216,,"[4.564315,4.554206,4.750586,4.632603,4.558193,4.714919,4.525681,4.529369,4.750687,4.517546,4.559947,4.762098,4.536122,4.525381,4.802375,4.546892,4.619429,4.819287,4.552282,4.550469,4.791324,4.585655,4.546782,4.739867,4.565027,4.531593,4.76843,4.54592,4.523668,4.744375,4.543686,4.554767,4.736259,4.554537,4.542474,4.724988,4.561179,4.54604,4.70465,4.531262,4.523387,4.708277,4.55147,4.537123,4.71015,4.561961,4.541872,4.746359,4.632875,4.597568,4.721502,4.547794,4.534148,4.730459,4.545049,4.549628,4.738865,4.56677,4.55638,4.712075,4.521895,4.529019,4.729748,4.536112,4.55663,4.750547,4.559126,4.523157,4.731782,4.543596,4.557443,4.73625,4.578832,4.553956,4.71524,4.712285,4.542324,4.758803,4.550219,4.532876,4.75231,4.554917,4.53998,4.765605,4.540591,4.621063,4.785544,4.558565,4.526043,4.763923,4.594232,4.575667,4.70969,4.546582,4.535651,4.750177,4.715982,4.570988,4.752601,4.607998]"
candidate-1,4096,torch,1048576,1.992991,0.5236974999999999,0.565307,,,,"[0.565307,0.552473,0.511385,0.611815,0.525902,0.537465,0.51375,0.557282,0.50343,0.509171,0.525492,0.552512,0.511816,0.532395,0.548525,0.516024,0.484774,0.537514,0.522245,0.543015,0.553414,0.54594,0.528487,0.538606,0.577731,0.534289,0.537674,0.53504,0.506726,0.536051,0.536382,0.48779,0.506646,0.538025,0.558264,0.55657,0.526794,0.48794,0.517306,0.47665,0.56141,0.533176,0.547253,0.489534,0.522866,0.506926,0.501186,0.554817,0.493702,0.517356,0.530652,0.511716,0.51907,0.525972,0.485826,0.538567,0.488962,0.53015,0.54591,0.497228,0.516054,0.511505,0.521654,0.517937,0.570797,0.522876,0.518107,0.513289,0.521955,0.528196,0.520973,0.527365,0.569745,0.50349,0.499112,0.484324,0.563313,0.511665,0.522306,0.544227,0.562732,0.50866,0.524519,0.477031,0.537404,0.846237,0.517397,0.515673,0.563924,0.546852,0.520302,0.529249,0.528297,0.522306,0.492881,0.554907,0.500074,0.493812,0.496738,0.511695]"
candidate-1,4096,torch_pinned,1048576,3.278857,0.3822765,0.465909,,1048576,,"[0.387641,0.412619,0.368666,0.367353,0.422437,0.401477,0.341916,0.406136,0.38144,0.395015,0.403822,0.342547,0.318561,0.392972,0.388954,0.343769,0.330534,0.396398,0.330995,0.392811,0.37104,0.401057,0.359318,0.335533,0.341044,0.465909,0.416656,0.329763,0.400986,0.352124,0.394103,0.33416,0.374456,0.390226,0.343288,0.409653,0.395226,0.396007,0.393062,0.347235,0.373555,0.399704,0.402209,0.313191,0.407058,0.375579,0.410916,0.400797,0.335363,0.471961,0.409142,0.303804,0.439058,0.305156,1.417194,0.400786,0.353648,0.467783,0.341575,0.408942,0.372833,0.415935,0.402059,0.358977,0.340052,0.451802,0.383113,0.390527,0.412258,0.415574,0.37613,0.387071,0.399394,0.478984,0.379857,0.353176,0.398111,0.364037,0.360881,0.377022,0.371181,0.387491,0.295808,0.309744,0.338027,0.375338,0.374366,0.387792,0.374917,0.482199,0.375669,0.391018,0.359128,0.375919,0.337106,0.406417,0.329221,0.389866,0.306829,0.368465]"
candidate-1,4096,inductor,2097152,1991.148983,0.82103,0.961634,,,,"[0.871765,0.804207,0.921519,0.789309,0.788658,0.847579,0.774742,0.760465,0.846708,0.85301,0.932249,0.785762,0.822061,0.755486,0.799269,0.805219,0.776986,0.892745,0.948069,0.848892,0.791644,0.777697,0.812564,0.836428,0.833482,0.82154,0.892825,0.825338,0.765384,0.841077,0.742291,0.759964,0.846006,0.83765,0.908144,0.792936,0.764493,0.776445,0.756778,0.825958,0.829996,0.888186,0.8955,0.736049,0.774311,0.791273,0.770734,0.785793,0.826039,0.806391,0.989327,0.718365,0.849994,0.741599,1.142086,0.798026,0.778188,0.806472,0.961634,0.788839,0.758992,0.782606,0.81564,0.777227,0.819537,0.95358,0.938912,0.798506,0.75236,0.81099,0.82115,0.75253,0.860003,0.90624,0.974148,0.827392,0.86364,0.825708,0.835787,0.8214,0.841858,0.79471,0.875723,0.747591,0.826029,1.049981,0.835537,0.786684,0.810569,0.827642,0.914205,0.82091,0.82709,0.829395,0.74704,0.799729,0.849393,0.783839,0.983757,0.813545]"
candidate-1,4096,inductor_host,1048576,69.519624,0.539999,0.755987,,,,"[0.524149,0.539738,0.583932,0.713787,0.538216,0.494132,0.545058,0.515182,0.539598,0.541161,0.552573,0.771045,0.520893,0.499312,0.51364,0.499172,0.486287,0.576027,0.573953,0.737673,0.530982,0.520182,0.495716,0.556981,0.505504,0.553305,0.56194,0.76274,0.506235,0.539909,0.545359,0.470658,0.529389,0.560337,0.549236,0.758161,0.53521,0.495515,0.500935,0.540791,0.548665,0.522636,0.520653,0.751137,0.504993,0.528076,0.542895,0.484323,0.526563,0.522245,0.553515,0.747711,0.532084,0.522325,0.576027,0.51902,0.510163,0.561018,0.540841,0.732332,0.540089,0.500855,0.532134,0.541151,0.53004,0.55619,0.547072,0.755987,0.542003,0.525982,0.537023,0.553865,0.517477,0.555709,0.542914,0.755225,0.543736,0.557652,0.555869,0.509782,0.501356,0.516134,0.551922,0.739575,0.530221,0.548024,0.528497,0.505123,0.559897,0.541301,0.573242,0.764953,0.557733,0.515372,0.521143,0.52979,0.533266,0.483292,0.562101,0.75738]"
candidate-1,4096,inductor_pinned,1048576,85.716818,0.42657449999999997,0.656208,,1048576,,"[0.407298,0.452574,0.438057,0.486648,0.624017,0.41351,0.417077,0.396028,0.39718,0.384375,0.427226,0.453436,0.653714,0.419541,0.383874,0.416065,0.418189,0.434429,0.422257,0.467102,0.657621,0.424111,0.410916,0.387952,0.436564,0.422708,0.430503,0.475147,0.656208,0.432556,0.422247,0.406707,0.382162,0.413661,0.430883,0.464446,0.686856,0.411216,0.428258,0.411737,0.424471,0.43454,0.426755,0.483102,0.662901,0.417689,0.432376,0.407339,0.419381,0.405696,0.426394,0.467272,0.655497,0.389976,0.439349,0.437145,0.41839,0.426905,0.409833,0.458244,0.626222,0.403311,0.422748,0.423369,0.40804,0.451752,0.437285,0.473904,0.655397,0.437286,0.394855,0.384396,0.419532,0.396919,0.425664,0.434419,0.653733,0.458285,0.430984,0.419913,0.423058,0.395627,0.409002,0.473093,0.6676,0.436313,0.425883,0.432005,0.462502,0.432536,0.432767,0.48215,0.659595,0.42384,0.416717,0.409833,0.373715,0.41334,0.382231,0.481128]"
candidate-1,4096,unfused,1048576,267.90604,1.1876365,1.346682,109,1310720,1310720,"[1.185938,1.226945,1.204342,1.194685,1.253035,1.346682,1.175368,1.137166,1.168455,1.145932,1.211166,1.262422,1.188172,1.317947,1.276809,1.114092,1.152345,1.196898,1.17146,1.180548,1.176981,1.286248,1.186549,1.142746,1.186469,1.186569,1.195446,1.158236,1.143728,1.293551,1.174005,1.130734,1.099324,1.168305,1.198873,1.185988,1.273864,1.2506,1.157474,1.204533,1.196618,1.178263,1.24511,1.201597,1.211036,1.272411,1.140502,1.150972,1.204473,1.154117,1.19248,1.138508,1.20265,1.375045,1.148036,1.121977,1.164758,1.226594,1.180047,1.201447,1.189275,1.279625,1.154999,1.15528,1.188492,1.384923,1.198491,1.13901,1.187101,1.254898,1.119272,1.131425,1.235422,1.127167,1.263233,1.170609,1.212428,1.38274,1.201888,1.206487,1.149479,1.162364,1.161973,1.18707,1.193742,1.389302,1.233888,1.158656,1.24016,1.20794,1.1767,1.19757,1.217668,1.356169,1.174155,1.143619,1.211767,1.181529,1.138689,1.108111]"
candidate-1,4096,ring1,1048576,77.220175,1.2519425,1.565614,109,1310720,1310720,"[1.279645,1.281789,1.297468,1.276539,1.279484,1.312277,1.597144,1.254117,1.320622,1.254227,1.268805,1.276539,1.246663,1.226785,1.581715,1.219601,1.30901,1.284954,1.2614,1.221916,1.248676,1.254678,1.564562,1.243957,1.221064,1.188232,1.230192,1.271109,1.223399,1.250981,1.565614,1.22393,1.209492,1.202269,1.217598,1.255649,1.182452,1.308258,1.52136,1.16582,1.248506,1.21335,1.219371,1.247595,1.266971,1.254909,1.618995,1.242885,1.164858,1.202779,1.194724,1.305504,1.215835,1.31945,1.61102,1.260569,1.25616,1.231063,1.214382,1.272952,1.298861,1.199704,1.536159,1.200956,1.216275,1.261761,1.158717,1.169888,1.179836,1.22943,1.495993,1.254938,1.214963,1.302708,1.252904,1.225442,1.257393,1.334208,1.583098,1.199363,1.237085,1.215925,1.235792,1.2827,1.223298,1.246663,1.539085,1.248025,1.257583,1.274816,1.285386,1.25083,1.241553,1.225703,1.565204,1.265197,1.212027,1.234881,1.203451,1.258184]"
candidate-1,4096,ring2,1048576,74.226756,1.2034310000000001,1.630838,109,1310720,1310720,"[1.347924,1.184926,1.260298,1.25612,1.179395,1.180768,1.201989,1.649743,1.435579,1.265368,1.33555,1.275306,1.356189,1.167633,1.325592,1.66934,1.310613,1.269196,1.325551,1.294282,1.202499,1.283843,1.202118,1.630838,1.28792,1.347122,1.269315,1.258956,1.325652,1.29831,1.201768,1.635907,1.289233,1.263805,1.26629,1.20282,1.139691,1.179917,1.212969,1.532302,1.142265,1.167383,1.217317,1.173184,1.161141,1.23485,1.180898,1.65845,1.325311,1.177943,1.186229,1.194124,1.191068,1.178454,1.201417,1.523455,1.263634,1.180427,1.174847,1.18189,1.180297,1.143749,1.195596,1.608545,1.193562,1.201518,1.182692,1.173224,1.158997,1.168736,1.210644,1.510119,1.204342,1.170759,1.169957,1.168274,1.143187,1.212428,1.204042,1.534335,1.230111,1.23445,1.167143,1.180378,1.176089,2.361917,1.18174,1.523064,1.177892,1.166471,1.095106,1.131866,1.207288,1.169436,1.210114,1.560405,1.182511,1.16602,1.246613,1.129301]"
candidate-1,16384,torch,4194304,3.206231,1.6680380000000001,2.600658,,,,"[1.62169,2.133606,1.72187,1.645815,1.660384,1.652979,1.659943,1.688236,1.580132,1.659512,2.137975,2.600658,1.655294,1.782294,1.66393,1.657428,1.913221,1.668458,1.700779,1.678137,1.717031,1.692645,1.67469,1.676353,2.838777,1.691392,2.136802,1.667286,1.672726,1.686303,1.668378,4.301728,1.846895,1.664481,1.688707,2.688133,1.653731,1.649954,1.700229,1.669801,1.611741,2.125201,1.703305,1.655955,1.64297,1.662267,1.680812,1.668269,1.590161,1.646026,1.644844,1.649102,1.664882,1.741046,1.634925,1.66896,1.864659,1.71667,1.660443,1.669641,1.627041,1.667807,1.659873,1.667176,1.910947,1.6902,1.661265,1.683366,1.682756,1.741056,1.666956,1.656476,1.585672,1.650645,1.66418,1.66385,1.658801,1.665082,1.664882,1.678037,1.582857,1.672136,1.645816,1.696071,1.674861,1.704848,1.931966,1.652619,2.69163,1.653872,1.665834,1.65347,1.66333,1.656807,2.683926,1.670974,1.883003,1.660233,1.661055,1.666715]"
candidate-1,16384,torch_pinned,4194304,7.250212,1.5591875000000002,2.569018,,4194304,,"[1.561146,5.24049,1.583969,1.566206,1.578549,2.546195,1.542,1.593477,1.580693,1.433715,1.491735,2.517551,1.54199,1.493839,1.487867,1.572537,2.560092,1.668569,1.575784,2.631987,1.482798,1.57911,1.549684,1.557699,2.570611,1.402336,1.459494,1.550196,1.551058,1.554243,1.564101,2.525355,1.577377,1.424608,1.481876,2.537098,1.548653,1.550406,1.503858,1.487127,1.558351,1.708754,1.546058,1.54696,1.46784,1.475715,1.560024,1.532842,1.578979,1.424689,1.538604,1.562329,1.565845,2.569018,1.548012,1.541309,1.569912,1.73821,1.532953,1.586163,1.563982,1.454856,1.55255,1.591223,1.560645,1.74326,1.493028,1.548994,1.570725,1.555015,1.550958,1.486906,1.589159,2.722618,1.656116,1.55762,1.482127,1.584209,1.561758,1.564422,1.470646,1.407726,2.541186,1.593417,1.482598,1.561978,1.679079,2.307936,1.562248,1.962815,1.590412,1.537923,1.552199,1.475535,1.571155,1.474373,1.485323,2.708441,1.48381,1.505221]"
candidate-1,16384,inductor,8388608,3.182225,2.4071875,2.60719,,,,"[2.421449,2.709132,3.274018,2.42173,2.375583,2.367938,2.369551,2.375433,2.428974,2.422041,2.34177,2.384319,2.420478,2.365995,2.386343,2.404808,2.475903,3.171516,2.60719,2.453921,2.3688,2.418514,2.38416,2.4695,2.417142,2.37365,2.561314,2.3847,2.396092,2.380342,2.411771,2.429926,2.407503,2.473769,2.339996,2.431489,2.375243,2.425467,3.180832,2.340297,2.362339,2.351978,2.34207,2.423775,2.413134,2.367338,2.404358,2.359483,2.386193,2.521819,2.563668,2.481453,2.379841,2.387245,2.377506,2.412974,2.413244,2.440195,2.508484,2.398917,2.396483,2.398126,2.477094,2.396373,2.414797,2.42161,2.535194,2.471264,2.476865,2.406872,2.366126,2.3523,3.145036,2.397004,2.324607,2.391303,2.396903,2.357188,2.462748,2.365935,2.409226,2.361056,2.341479,2.423774,2.405059,2.393888,2.402484,2.390161,2.420969,2.439514,2.560863,2.4269,2.493035,2.468279,2.378639,2.392645,2.372026,2.455615,2.567916,2.414566]"
candidate-1,16384,inductor_host,4194304,1.593467,1.5698824999999998,1.873545,,,,"[1.577396,1.663048,1.586934,1.772706,1.550636,1.579872,1.551238,1.581635,1.604347,1.573219,1.591283,1.873545,1.553882,1.996458,1.596703,1.561928,1.569061,1.595922,1.565965,1.82311,1.532442,1.57924,1.557459,1.962103,1.592335,1.560075,1.575573,1.855902,1.569732,1.601242,1.550617,1.969086,1.565304,1.587796,1.582567,1.841094,1.471056,1.620057,1.567889,1.551438,1.546549,1.562047,1.577417,1.83297,1.546239,1.564182,1.608044,1.560495,1.57348,1.617322,1.552711,1.840835,1.546278,1.569712,1.554264,1.465977,1.559894,1.57324,1.487327,1.84431,1.469914,1.503687,1.585612,1.559553,1.564723,1.567108,1.55787,1.840183,1.570724,1.468782,1.569351,1.543432,1.570504,1.572608,1.591022,1.840574,1.517114,1.577006,1.553582,1.582657,1.54753,1.59518,1.502837,1.923851,1.47848,1.58437,1.564051,1.570033,1.550566,1.601642,1.563371,1.885879,1.604809,1.558952,1.5577,1.470876,1.469594,1.563781,1.559162,1.858347]"
candidate-1,16384,inductor_pinned,4194304,6.00382,1.4501315,1.688817,,4194304,,"[1.444977,1.49987,1.471106,1.474442,1.7169,1.462229,1.437883,1.45752,1.442372,1.514769,1.454625,1.511773,1.709976,1.472319,1.49474,1.435619,1.437923,1.479482,1.455086,1.490182,1.688817,1.437643,1.457621,1.473731,1.43623,1.437864,1.460797,1.450588,1.665753,1.453694,1.424709,1.443945,1.428736,1.449926,1.455537,1.450337,1.693426,1.447802,1.433946,1.440599,1.416944,1.43589,1.449917,1.45193,1.669661,1.43084,1.434708,1.444346,1.379433,1.466568,1.381117,1.461939,1.680121,1.453353,1.425851,1.364796,1.465095,1.443885,1.440599,1.476757,1.693716,1.449826,1.428045,1.441951,1.446149,1.452742,1.441531,1.476125,1.67442,1.371177,1.438865,1.458513,1.438726,1.453964,1.459364,1.441771,1.668228,1.451019,1.45155,1.440188,1.436301,1.452582,1.381857,1.510761,1.845714,1.440568,1.508247,1.435349,1.442222,1.453834,1.447592,1.486505,1.669762,1.437784,1.449195,1.373642,1.376818,1.427805,1.435338,1.448814]"
candidate-1,16384,unfused,4194304,8.59508,2.5437155000000002,3.503271,218,6029312,6029312,"[2.487544,2.886537,3.506888,2.539362,2.541015,2.903249,2.520666,2.536447,2.545894,3.554588,2.598163,2.51144,2.57025,2.496522,2.519925,2.476123,2.550994,2.525456,2.573747,2.55387,2.560572,2.520066,2.503565,3.428891,2.595718,3.05214,5.09806,2.548119,2.567545,2.492935,2.563468,2.606479,2.536597,2.528151,2.556355,2.588875,2.587673,3.764625,2.535324,2.540434,2.478698,2.485009,2.552327,2.551796,2.51142,2.762383,2.543119,2.497313,2.530656,2.820904,2.570682,2.55436,2.558148,2.482726,2.602071,3.503271,2.610276,2.539343,2.572504,2.507141,2.573677,2.745131,2.515096,2.482645,2.521118,2.540094,2.555913,2.506491,2.526759,2.747354,2.525897,2.521268,2.540615,2.535596,2.544312,2.710475,2.648719,3.752792,2.679366,2.542137,2.508344,2.512642,3.498944,2.50125,2.60704,2.464261,2.519364,2.508354,2.497453,2.564831,2.556655,2.503134,2.548209,2.714654,2.464391,2.484629,2.544322,2.506149,2.513815,2.542739]"
candidate-1,16384,ring1,4194304,7.644666,2.5968405,2.821315,218,6029312,6029312,"[2.535685,2.70268,2.607771,2.597772,2.635424,2.622659,2.785677,2.634823,2.621177,2.570681,2.631526,2.573576,2.568717,2.533582,2.827766,2.587943,2.647095,2.624613,2.656312,2.560402,2.636456,2.598053,2.817097,2.576813,2.595909,2.534493,2.609394,2.641585,2.554381,2.577815,2.781479,2.638759,2.616868,2.539072,2.55367,2.553779,4.951074,2.62268,5.398107,2.530625,2.529734,2.652566,2.558508,2.55927,2.558649,2.629402,2.794994,2.568216,2.569229,2.590659,2.6597,2.584968,2.558869,2.664308,2.790526,2.622179,2.649129,2.548028,2.61754,2.568177,2.556224,2.531077,2.870898,2.590399,2.583916,2.54877,2.592994,2.56957,2.563508,2.669778,2.812637,2.5435,2.629101,2.621428,2.603534,2.587753,2.759438,2.632799,2.821315,2.517501,2.534674,2.762012,2.598233,2.5649,2.565642,2.663647,2.753597,2.519334,2.521559,2.629623,2.568828,2.546366,2.637969,2.549221,2.852734,2.633209,2.552236,2.561274,2.546917,2.586351]"
candidate-1,16384,ring2,4194304,7.615191,2.5456835,2.77649,218,6029312,6029312,"[2.546455,2.659689,2.571302,2.509876,2.640633,2.556124,2.528251,2.758365,2.524845,2.525246,2.568037,2.55442,2.558188,2.514255,2.508163,2.767293,2.544351,2.479009,2.552417,2.58593,2.470032,2.560803,2.550152,2.77682,2.562747,2.550724,2.560031,2.482094,2.594055,2.500369,2.541807,2.772563,2.482485,2.549652,2.573296,2.482866,2.476253,2.50664,2.529995,2.768805,2.528983,2.488065,2.487545,2.530215,2.579858,2.479118,2.564019,2.766762,2.562636,2.557616,2.566143,2.505067,2.571053,2.536447,2.496,2.811516,2.507061,2.544912,2.488025,2.62288,2.549291,2.557376,2.495349,2.744861,2.487745,2.551335,2.496922,2.592983,2.476003,2.507622,2.563718,2.882209,2.510619,2.520286,2.547538,2.485621,2.513614,2.512632,2.501331,2.87192,2.491162,2.493165,2.567495,2.621187,2.522861,2.489829,2.525997,2.77649,2.572385,2.488877,2.60193,2.480872,2.500048,2.562026,2.482655,2.779847,2.535135,2.474681,2.550624,2.554802]"
candidate-1,65536,torch,16777216,17.705545,7.383706,15.392416,,,,"[15.279126,14.885163,7.812985,7.280441,15.027211,7.157108,7.838213,7.116811,7.266655,7.131019,7.872368,7.135167,8.308301,7.419383,7.863381,7.151607,7.310848,7.167487,15.181213,7.138784,7.097045,7.153011,7.130839,7.165935,11.630852,15.748544,14.911695,7.1579,7.897446,15.18502,15.91012,7.864093,7.348029,15.045528,15.277816,7.81459,15.34901,7.151317,7.122894,7.130478,7.335986,7.87823,15.130418,7.121151,14.949257,7.132372,7.112094,7.17378,7.948743,7.276424,7.157399,13.157275,15.230177,7.138354,8.013034,7.116533,7.310388,7.828156,7.145587,14.928378,15.632337,7.144115,15.036372,15.122584,7.310549,7.851821,15.254865,7.100503,7.831001,7.137273,7.151469,7.17338,7.322652,7.894813,7.191545,7.132243,7.142983,7.244695,14.739583,7.270484,7.307483,7.854657,7.106204,7.207305,15.274212,7.153744,17.421635,7.149847,15.186337,14.329649,15.289962,7.975496,14.443985,7.132002,15.392416,7.086277,7.312424,14.974628,14.829023,15.959867]"
candidate-1,65536,torch_pinned,16777216,29.934265,6.627724000000001,14.692199,,16777216,,"[14.504144,14.692199,6.584708,6.595177,14.514373,14.605355,6.567344,6.574529,6.598263,6.780828,6.642677,14.108548,6.650272,6.832876,6.623581,14.204219,6.59688,6.723129,6.588805,6.577164,6.611519,6.570992,6.636115,6.610868,6.627589,14.743126,6.588656,6.580791,6.574829,14.46955,14.657545,14.809141,6.612922,6.780057,6.639932,14.593445,6.57482,6.601901,6.586301,14.510378,6.627859,14.688104,14.52192,6.611889,6.609284,6.580621,6.589207,6.560773,6.583076,6.748858,6.61169,13.883215,6.68595,13.844752,6.615076,6.578938,6.556636,14.805175,14.482687,14.44721,6.576654,6.562367,6.608093,14.125523,6.624955,6.728591,6.596642,6.562327,6.572757,6.583206,6.589308,6.681402,6.6647,6.741215,6.559442,6.603465,6.563038,14.639594,6.603234,6.581694,6.580481,14.965359,6.665643,14.576776,14.496343,6.636948,6.584349,14.401816,6.621188,14.613466,6.711419,6.59024,6.658068,14.055812,6.630727,6.642519,6.582445,14.646268,14.819455,6.581434]"
candidate-1,65536,inductor,33554432,15.115127,7.8626065,15.316693,,,,"[14.964112,15.22273,7.943832,7.7252,15.519291,15.209726,7.707096,15.053742,7.722776,7.767189,7.976585,7.702247,14.421428,7.833565,7.922613,7.8314,7.731212,7.643095,7.886886,7.668363,7.720061,7.715843,7.756841,7.775385,7.731192,15.510815,7.881797,7.676538,15.100642,15.233071,15.092376,7.819388,7.697499,7.742874,7.905031,7.698862,7.928454,7.694053,7.748595,15.187907,15.416108,15.193097,15.097236,7.681118,7.693351,7.747123,7.755338,7.776198,7.692971,7.759957,7.847893,14.42125,14.397726,14.294541,15.022044,7.694443,15.144085,15.016223,15.235257,15.052262,15.389789,7.683724,15.062671,14.904473,7.696337,7.702028,15.274522,7.681319,7.769425,7.715323,7.746803,14.48402,7.80938,7.698712,7.87732,7.624632,7.716115,7.698021,14.985787,7.754848,15.085525,15.288019,7.916724,7.700195,15.263001,7.8989,15.154897,15.270616,14.955401,8.013737,7.878803,7.720755,7.656774,15.316693,14.911298,7.673405,14.77422,7.6972,15.461236,7.694575]"
candidate-1,65536,inductor_host,16777216,6.269693,5.078996500000001,6.213249,,,,"[5.08639,6.246889,5.045622,5.226103,5.08154,5.00665,5.046455,5.045893,5.051815,5.104735,5.046494,5.262161,5.080419,5.081521,5.147124,5.098904,5.096539,5.040704,5.11311,5.256902,5.046495,5.061994,5.08633,5.035564,5.050522,6.188089,5.041816,5.186899,5.026988,5.015987,6.210753,5.069808,5.064569,5.056984,5.057266,5.254788,5.083495,5.085309,5.024753,5.078836,5.213771,5.05961,5.228379,5.259187,5.045683,5.052607,5.299503,6.597984,5.087343,5.021719,5.077854,5.296157,5.069228,6.164986,5.073887,6.259905,5.041666,5.045213,5.064239,5.240282,5.044682,5.066253,5.073156,6.254275,9.529708,5.018042,5.079157,5.292099,5.037249,5.030255,5.152246,6.19835,5.168395,5.046586,5.035926,5.288894,5.100248,5.025296,5.182042,5.046997,5.02222,5.193754,5.090379,5.182272,5.124654,5.031438,5.167785,6.213249,5.050775,5.033021,5.096441,5.229291,5.03792,5.029264,5.069881,6.155871,5.00072,4.949654,5.013614,5.253457]"
candidate-1,65536,inductor_pinned,16777216,20.302527,4.5405655,4.72638,,16777216,,"[4.542884,4.544116,4.522716,4.574313,4.708246,4.565577,4.527806,4.522385,4.526804,4.522446,4.515442,4.562511,4.70489,4.650136,4.597868,4.590003,4.539007,4.54617,4.5304,4.75753,4.682748,4.501286,4.579604,4.538876,4.572099,4.548045,4.561429,4.554937,4.72638,4.514882,4.55668,4.530451,4.574103,4.504612,4.511946,4.520673,4.688679,4.538947,4.558714,4.51945,4.531623,4.532976,4.58845,4.516565,4.696615,4.555508,4.532045,4.520843,4.539629,4.546301,4.59862,4.585685,4.737221,4.538306,4.54554,4.532175,4.514041,4.533276,4.523448,4.520082,4.768541,4.531042,4.539649,4.5246,4.548335,4.523669,4.541482,4.546251,4.700072,4.528678,4.503651,4.514361,4.548255,4.566058,4.54536,4.562893,4.715291,4.509802,4.578422,4.509672,4.533788,4.553015,4.546833,4.511546,4.793218,4.521395,4.56649,4.538077,4.514742,4.521185,4.535591,4.56142,4.854745,4.534559,4.532937,4.552333,4.521645,4.509843,4.544408,4.516145]"
candidate-1,65536,unfused,16777216,6.914038,6.535907,14.503426,327,6029312,6029312,"[14.040439,14.343951,6.592662,6.45399,14.282065,6.740903,14.319796,6.435656,6.396994,6.523893,6.496381,6.455133,6.584908,6.755149,6.498475,6.476213,6.47421,6.476273,10.467697,6.440736,6.429054,7.545321,6.431959,6.46881,6.455234,13.815997,6.503705,6.525506,6.630255,14.585759,6.481524,14.49577,6.816095,14.579769,6.440847,14.290663,6.446939,6.726887,6.497264,6.446357,14.276777,14.410038,6.473789,6.504137,11.29562,6.644621,6.408446,14.503426,6.454313,6.50601,6.565452,6.613504,13.815727,6.616148,6.499238,6.461496,14.173142,14.384852,14.409629,6.490942,6.472477,11.049627,6.481995,6.49515,6.423756,6.55869,6.983342,6.480963,6.503696,6.610007,6.544213,14.247122,6.550164,6.473559,6.459794,6.490221,6.479651,6.60644,6.4366,14.309861,14.54195,14.523575,6.416282,6.46291,6.527601,6.656735,6.559382,6.50563,14.43084,6.429096,13.680835,13.870814,6.461267,10.741106,6.448583,6.831186,14.384313,14.597366,6.415761,6.439696]"
candidate-1,65536,ring1,16777216,6.624041,6.3826625,6.583838,327,6029312,6029312,"[6.388427,6.336509,6.494227,6.374741,6.401171,6.378268,6.511239,6.370113,6.391893,6.434825,6.417472,6.357909,6.486613,6.484439,6.492033,6.371816,6.361337,6.434574,6.411622,6.366416,6.321691,6.370173,6.50643,6.328264,6.344424,6.360746,6.338664,6.435987,6.341398,6.471875,6.528062,6.379652,6.339436,6.357881,6.356508,6.423905,6.342982,6.381615,6.5116,6.418345,6.274413,6.374021,6.440175,6.339596,6.334887,6.36833,6.478138,6.324698,6.47934,6.402464,6.260657,6.374181,6.406261,10.538452,6.583838,6.462328,6.437592,6.377789,6.429936,6.443212,6.298168,6.38371,6.504938,6.376255,6.29411,6.344947,6.387998,6.425428,6.384452,6.372118,6.517803,6.376296,6.361127,6.284532,6.42073,6.387307,6.335088,16.315848,6.763507,6.334767,6.373661,6.400602,6.365906,6.321223,6.528113,6.369674,6.756895,6.419117,6.485642,6.30396,6.385624,6.386406,6.377118,6.408076,6.541609,6.307306,6.362029,6.358824,6.345017,11.419617]"
candidate-1,65536,ring2,16777216,5.777955,5.5132515,5.723673,327,6029312,6029312,"[5.460025,5.466908,5.553542,5.499039,5.687794,5.519638,10.551714,5.592255,5.523004,5.665572,5.440418,5.495683,5.538263,5.562619,5.487176,5.723673,5.438414,5.544685,5.471537,5.558251,5.487628,5.521261,5.480774,5.620878,10.413494,5.495993,5.42,5.539476,5.449836,5.513076,5.62141,5.712241,5.444987,5.513427,5.453914,5.484522,5.425711,5.45743,5.459154,5.611381,5.439407,5.538314,5.521621,5.500902,5.502856,5.464124,5.430019,5.501734,5.46235,5.381628,5.539035,5.560846,5.53153,5.463422,5.532163,5.593648,5.477369,5.481196,5.546038,5.506935,5.427485,5.734444,5.512435,5.573741,5.390716,5.508287,5.436983,5.527243,5.516513,5.51515,5.541059,5.595262,5.529928,5.474654,5.497487,5.546029,5.455698,5.713936,5.503037,5.628424,5.799497,5.485695,5.492228,5.535228,5.880541,5.506474,5.589622,5.58895,5.551971,5.447713,5.503159,5.494291,5.539617,5.480946,5.564113,5.598699,5.607385,5.44573,5.541751,5.496706]"
candidate-2,4096,inductor,2097152,1999.703922,0.816837,1.025997,,,,"[0.920347,0.78955,0.843402,0.804249,0.805551,0.820569,0.77838,0.80498,0.897204,0.801523,0.831049,0.786595,0.811342,0.811402,0.832783,0.808025,0.977045,0.760296,0.804488,0.790162,0.799178,0.800913,0.772057,0.86845,0.923223,0.823525,0.839434,0.811512,0.78365,0.836218,0.801313,0.840016,2.331842,0.756629,0.804108,0.953009,0.832842,0.807374,0.833464,0.876535,0.924255,0.813025,0.79462,1.115075,0.786284,0.820839,0.767819,0.786425,0.991471,0.786646,0.824327,0.804309,0.793719,0.819488,0.781506,0.789551,0.968719,0.779262,0.81609,0.781435,0.774612,0.758101,0.876224,1.025997,0.89496,0.821031,0.812043,0.819707,0.816912,0.747722,0.788669,0.817023,0.853742,0.763672,0.816762,1.19147,1.278705,0.848552,0.809408,0.999677,0.887756,0.786826,0.809798,0.777768,0.787477,0.809628,0.839875,0.832662,0.928664,0.786986,0.772108,0.841719,0.848963,0.845516,0.864983,0.885713,0.97452,0.823494,1.151885,0.820699]"
candidate-2,4096,inductor_host,1048576,69.722831,0.5419735,0.740849,,,,"[0.608689,0.678852,0.523198,0.556391,0.530441,0.51361,0.551241,0.51335,0.585546,0.726893,0.552433,0.550539,0.562993,0.52407,0.532004,0.541593,0.583832,0.746429,0.511746,0.549257,0.49755,0.510573,0.520232,0.558705,0.593571,0.692417,0.519631,0.536673,0.537445,0.539769,0.530893,0.513309,0.606626,0.670255,0.56639,0.515713,0.511506,0.530782,0.536353,0.557513,0.62527,0.740849,0.510223,0.573413,0.517897,0.542334,0.541382,0.517727,0.540841,0.719078,0.495235,0.51338,0.542824,0.516204,0.538637,0.532766,0.606184,0.756859,0.538968,0.515343,0.514402,0.556761,0.527226,0.533196,1.725988,0.719518,0.505925,0.501747,0.506957,0.517768,0.553946,0.51904,0.568473,0.765546,0.511055,0.552213,0.564947,0.554868,0.541532,0.569996,0.560788,0.78364,0.560388,0.577861,0.52436,0.528568,0.499984,0.512137,0.578873,0.735399,0.541502,0.563604,0.504683,0.548466,0.562532,0.562893,0.564095,0.724588,0.569545,0.541613]"
candidate-2,4096,inductor_pinned,1048576,88.533616,0.4319955,0.652582,,1048576,,"[0.449108,0.468554,0.652853,0.410054,0.414372,0.415324,0.440271,0.434661,0.440622,0.474275,0.647021,0.424091,0.438658,0.383164,0.416707,0.389075,0.422418,0.468475,0.640859,0.441173,0.417358,0.440241,0.391188,0.403492,0.431504,0.460249,0.675115,0.438207,0.433058,0.434481,0.388183,0.430924,0.401688,0.466581,0.652582,0.409573,0.414082,0.424541,0.411818,0.385518,0.426815,0.482922,0.682649,0.432577,0.422438,0.390036,0.414192,0.387221,0.404894,0.469456,0.663372,0.419622,0.430282,0.443517,0.389195,0.404053,0.456833,0.48175,0.659795,0.383213,0.385648,0.397941,0.432496,0.405395,0.448056,0.484886,0.648414,0.385839,0.42905,0.399374,0.441143,0.388644,0.393773,0.4877,0.631533,0.39738,0.435061,0.422347,0.437366,0.417829,0.399374,0.468966,0.613869,0.421025,0.42884,0.438588,0.432266,0.424311,0.446403,0.488262,0.650709,0.431725,0.424191,0.398883,0.434921,0.435662,0.404143,0.465639,0.601436,0.434611]"
candidate-2,4096,unfused,1048576,272.748493,1.1931675,1.404271,109,1310720,1310720,"[1.227127,1.203722,1.243177,1.404271,1.178315,1.126246,1.176681,1.211928,1.182743,1.162284,1.222387,1.279747,1.21819,1.470616,1.210245,1.127639,1.185088,1.173656,1.161644,1.304452,1.13889,1.135734,1.212019,1.195296,1.168436,1.190037,1.2447,1.333597,1.233469,1.141826,1.188865,1.231264,1.167835,1.203342,1.215896,1.306396,1.107591,1.213731,1.186119,1.154711,1.141235,1.427696,1.260861,2.353093,1.168626,1.12841,1.124443,1.201608,1.177092,1.193844,1.233569,1.3984,1.160291,1.184477,1.200456,1.175789,1.212319,1.183955,1.156824,1.283823,1.118362,1.152526,1.249389,1.392669,1.589651,1.161372,1.205646,1.363945,1.185227,1.170099,1.142717,1.172894,1.269247,1.273675,1.23918,1.279806,1.165981,1.176532,1.156333,1.141124,1.194515,1.168065,1.206778,1.303081,1.156824,1.147607,1.213912,1.158908,1.192491,1.188864,1.21818,1.317798,1.23414,1.164479,1.190678,1.164448,1.157335,1.216808,2.566856,1.394704]"
candidate-2,4096,ring1,1048576,77.199348,1.2382024999999999,1.51494,109,1310720,1310720,"[1.235883,1.341132,1.226506,1.248196,1.484383,1.196439,1.194344,1.260159,1.268034,1.247646,1.188133,1.244209,1.504169,1.195738,1.215985,1.250501,1.21832,1.248587,1.239971,1.291498,1.543784,1.190938,1.31864,1.265299,1.213351,1.262904,1.19704,1.286229,1.495955,1.336373,1.210225,1.236454,1.247064,1.187442,1.214644,1.269126,1.488951,1.245241,1.18664,1.231925,1.210936,1.205887,1.259338,1.26609,1.529127,1.251172,1.151093,1.194896,1.192591,1.262944,1.204715,1.221346,1.51494,1.215845,1.180299,1.209374,1.20764,1.241263,1.261722,1.217869,1.576898,1.164749,1.208642,1.255821,1.209243,1.19199,1.204274,1.296127,1.591003,1.29261,1.215936,1.204745,1.22383,1.225564,1.314422,1.253216,1.54162,1.21257,1.230163,1.214583,1.181621,1.222929,1.234491,1.258256,1.511133,1.222599,1.200416,1.280578,1.225534,1.260991,1.20776,1.241394,1.48281,1.220293,1.239951,1.244149,1.219522,1.28217,1.285858,1.322156]"
candidate-2,4096,ring2,1048576,74.094757,1.1838199999999999,1.552511,109,1310720,1310720,"[1.150602,1.155893,1.141695,1.178635,1.204754,1.552511,1.160401,1.238237,1.184006,1.143059,1.173826,1.195136,1.219873,1.515821,1.157174,1.218951,1.183995,1.194666,1.200136,1.203502,1.173215,1.534638,1.246623,1.164128,1.183645,1.169648,1.192983,1.220394,1.189075,1.603828,1.219903,1.162615,1.196058,1.195618,1.166583,1.166252,1.187542,1.633324,1.162986,1.278424,1.207529,1.158697,1.365558,1.183305,1.214683,1.593318,1.211888,1.195467,1.144862,1.1703,1.190949,1.156874,1.192761,1.510962,1.147277,1.165099,1.300606,1.145172,1.20729,1.126146,1.227678,1.564023,1.157054,1.182873,1.176712,1.21785,1.133079,1.227117,1.158147,1.51476,1.172223,1.184346,1.160942,1.178094,1.153608,1.177834,1.181541,1.514439,1.166943,1.153608,1.163637,1.164409,1.165892,1.161202,1.224402,1.518226,1.17596,1.157445,1.153527,1.185358,1.193674,1.151594,1.203362,1.567169,1.252254,1.153238,1.173956,1.174878,1.153538,1.190037]"
candidate-2,4096,torch,1048576,1.098464,0.504608,0.552744,,,,"[0.497529,0.485697,0.510604,0.510473,0.519882,0.456692,0.536182,0.487971,0.507037,0.489955,0.520282,0.481849,0.485717,0.475959,0.488261,0.486578,0.494754,0.481409,0.478463,0.473244,0.49256,0.54051,0.543115,0.527045,0.49274,0.483543,0.494563,0.530121,0.535972,0.547874,0.505174,0.485607,0.827121,0.545791,0.512247,0.481019,0.558224,0.514421,0.493061,0.511786,0.493923,0.522787,0.50356,0.493222,0.501777,0.526314,0.552744,0.51928,0.512267,0.463415,0.468234,0.54028,0.512748,0.530552,0.549157,0.479756,0.517386,0.473945,0.475978,0.522447,0.493431,0.547283,0.50294,0.530872,0.495996,0.513569,0.516956,1.018603,0.521655,0.470919,0.494113,0.532836,0.502939,0.496598,0.503781,0.515944,0.524971,0.557643,0.504042,0.511926,0.491889,0.474726,0.53497,0.501507,0.481199,0.531043,0.476449,0.50826,0.483233,0.490216,0.488964,0.483533,0.522456,0.53524,0.573703,0.52968,0.544387,0.499643,0.471049,0.52407]"
candidate-2,4096,torch_pinned,1048576,0.678891,0.37355499999999997,0.449148,,1048576,,"[0.378434,0.375478,0.346183,0.388473,0.306919,0.306398,0.413711,0.409443,0.338098,0.299155,0.392501,0.290809,0.355992,1.442894,0.398231,0.421716,0.331226,0.352786,0.816802,0.3069,0.383164,0.395326,0.33374,0.432747,0.309745,0.404764,0.398994,0.393082,0.324182,0.361673,0.387932,0.39701,0.379206,0.30235,0.312611,0.31225,0.340032,0.368336,0.31783,0.480998,0.337387,0.417728,0.346163,0.310817,0.341976,0.411417,0.381029,0.399875,0.310797,0.371161,0.34413,0.385257,0.387151,0.374717,0.356353,0.475117,0.322489,0.309865,0.363867,0.394014,0.359679,0.364889,0.392851,0.401699,0.301369,0.394765,0.398402,0.717465,0.389055,0.298043,0.379015,0.400065,0.364298,0.3601,0.382101,0.324142,0.374397,0.384476,0.382983,0.42953,0.334221,0.299525,0.406197,0.294616,0.350983,0.352596,0.357546,0.449148,0.392181,0.300428,0.372713,0.363396,0.401328,0.361313,0.406908,0.41338,0.377823,0.366542,0.315285,0.408742]"
candidate-2,16384,inductor,8388608,3.234867,2.458141,3.258002,,,,"[2.400523,2.4894,2.465525,3.190394,2.471576,2.516041,2.436791,2.43153,3.430597,2.456278,2.415671,2.42051,2.412004,2.459523,2.461868,2.417745,2.389491,2.432913,2.396174,2.517233,2.429387,2.494059,2.46794,3.272729,2.578528,2.478509,2.472058,2.439405,2.523875,2.431792,2.44129,2.495021,2.383661,2.452471,2.456759,2.4626,2.463101,2.429888,2.4313,2.48358,2.564963,2.46273,2.414849,2.416723,2.476175,2.540948,2.497676,2.412926,2.557138,2.441099,2.478239,2.444395,2.521521,2.430719,2.529957,2.549494,2.387418,2.438484,2.474572,2.498598,2.445818,5.115659,2.42554,2.566496,2.574741,2.451328,2.462279,2.43103,5.052209,2.449715,2.428095,2.413837,2.570263,2.430419,2.464353,2.442512,3.191246,2.433755,2.409589,2.41484,3.455504,2.43618,2.472117,2.555756,2.470034,2.456418,3.258002,2.508767,2.398108,2.514618,2.444576,2.409439,2.412004,2.465144,2.496474,2.438263,2.428967,2.464805,2.419759,2.397056]"
candidate-2,16384,inductor_host,4194304,1.967284,1.565326,1.869139,,,,"[1.577969,1.90133,1.611302,1.479133,1.584151,1.579152,1.578079,1.509099,1.602666,1.741678,1.507066,1.55185,1.564113,1.565756,1.574232,1.56726,1.581476,1.872606,1.464084,1.557571,1.550918,1.477239,1.485665,1.588148,1.565055,1.725448,1.475466,1.574503,1.59443,1.586005,1.488089,1.49863,1.49376,1.758931,1.549335,1.551069,1.53613,1.582869,1.590874,1.577989,1.579933,1.769791,1.471819,1.555947,1.591485,1.476578,1.561358,1.580584,1.563462,1.869139,1.565286,1.469465,1.857297,1.544767,1.57864,1.579823,1.622814,1.840505,1.564855,1.585433,1.57294,2.007811,1.557581,1.579773,1.479633,1.719657,1.554605,1.545238,1.551279,1.554495,1.560626,1.48829,1.595553,1.910547,1.560266,1.54139,1.49884,1.553814,1.580764,1.482539,1.571067,1.893435,1.565176,1.614078,1.561048,1.555517,1.597346,1.552001,1.585053,1.867556,1.471258,1.491777,1.463944,1.554555,1.580214,1.565366,1.497809,1.731469,1.556569,1.58867]"
candidate-2,16384,inductor_pinned,4194304,5.912232,1.4452835,1.68404,,4194304,,"[1.378112,1.506264,1.697205,1.412456,1.441221,1.432806,1.510362,1.442443,1.384464,1.460187,1.659413,1.436813,1.413739,1.439358,1.459506,1.434579,1.532153,1.409582,1.677407,1.439317,1.422837,1.384495,1.37684,1.445118,1.537302,1.452933,1.667338,1.428888,1.466018,1.439107,1.446221,1.398601,1.437965,1.458915,1.712944,1.427054,1.447212,1.442704,1.436171,1.445799,1.471257,1.454917,1.67904,1.453044,1.445018,1.434529,1.433767,1.433887,1.374775,1.459465,1.66788,1.369516,1.443475,1.458364,1.477059,1.441632,1.434619,1.444447,1.684721,1.455538,1.440159,1.48284,1.433196,1.428167,1.366981,1.445449,1.68404,1.441922,1.431944,1.425291,1.429039,1.429138,1.460217,1.459747,1.680794,1.449758,1.465327,1.458514,1.471378,1.458494,1.465698,1.47219,1.72121,1.462331,1.435591,1.428618,1.480556,1.464535,1.457221,1.45088,1.722482,1.376629,1.3664,1.42485,1.422947,1.436763,1.378363,1.465607,1.672628,1.468022]"
candidate-2,16384,unfused,4194304,8.67559,2.531695,3.513654,218,6029312,6029312,"[2.560575,2.499619,2.537812,2.479331,2.571064,2.534145,2.518485,2.545225,3.474821,2.500602,2.626489,2.441861,2.512994,2.535006,2.556266,2.52628,2.583889,2.564822,2.504459,2.760172,2.524837,3.513654,3.528763,2.533594,2.559653,3.106696,2.576795,3.781029,2.567288,2.520979,2.517733,2.634585,2.52106,2.504338,2.502465,2.75944,2.490472,2.495932,2.507855,2.608285,2.528995,2.523675,2.523084,2.512233,2.519066,2.552709,2.591854,2.508005,2.532482,2.520429,2.529165,2.740053,2.534866,2.511041,2.551758,2.522663,2.51576,2.513035,2.482267,2.781532,2.590151,2.520229,2.556017,2.480434,2.582957,2.529537,2.56325,3.425949,3.550294,2.478099,2.495542,2.514328,2.506042,2.522182,2.540597,2.764901,2.560865,2.45713,2.507214,2.493038,3.522511,2.484321,2.516652,2.696231,2.559864,2.506814,2.579651,2.560174,2.559663,2.491956,2.546558,2.525839,2.51578,2.516582,2.593427,5.728697,2.562378,2.530908,2.601011,2.471757]"
candidate-2,16384,ring1,4194304,7.660814,2.592926,2.783435,218,6029312,6029312,"[2.571354,2.593908,2.633171,2.629174,2.749221,2.524507,2.599477,2.745664,2.536499,2.640887,2.599028,2.623122,2.792733,2.536128,2.587165,2.62682,2.565614,2.632761,2.601241,2.581133,2.749241,2.598316,2.618194,2.552008,2.533734,2.536689,2.508636,2.544244,3.726957,2.564372,2.564081,2.536369,2.582536,2.551658,2.518896,2.646777,2.773847,2.516,2.569872,2.712932,2.572898,2.573549,2.551658,2.544043,2.783435,2.591944,2.757486,2.583067,2.629064,2.570143,2.602924,2.547109,2.773377,2.633743,2.604037,2.524386,2.649462,2.614987,2.555044,2.542401,2.752707,2.565524,2.544675,2.556837,2.610659,2.569913,2.515139,2.582145,2.744051,2.596193,2.560454,2.619426,2.62175,2.540046,2.638271,2.557308,2.78031,2.641207,2.615759,2.633813,2.516101,2.593998,2.56862,3.122776,2.81186,2.562659,2.615218,2.67478,2.57912,2.609096,2.559402,2.570784,2.771984,2.545757,2.544544,2.636619,2.938198,2.580412,2.568129,2.663108]"
candidate-2,16384,ring2,4194304,7.529507,2.5334435,2.77546,218,6029312,6029312,"[2.522763,2.517944,2.518064,2.533434,2.495522,2.771493,2.487427,2.529846,2.686662,2.539565,2.486555,2.504419,2.504979,2.830263,2.498878,2.539294,2.509739,2.622802,2.505942,2.571315,2.529386,2.770331,2.533453,2.480744,2.575683,2.495381,2.503857,2.586914,2.548823,2.77546,2.564512,2.553361,2.598927,2.546408,2.476947,2.470835,2.534565,2.75399,2.459464,2.489872,2.481686,2.570664,2.578519,2.49455,2.543442,2.771112,2.460275,2.555144,2.509288,2.516181,2.503397,2.462039,2.495281,2.761965,2.477788,2.570343,2.504378,2.493488,2.467709,2.54752,2.482067,2.810437,2.560875,2.48375,2.483029,2.629955,2.490593,2.482698,2.49956,2.725005,2.55776,2.458422,2.554052,2.533273,2.472709,2.562709,2.529667,2.835424,2.639544,2.497356,2.536419,2.463592,2.506493,2.573168,2.556728,2.781061,2.519738,2.661055,2.586634,2.487767,2.588829,2.574731,2.582196,2.813132,2.567808,2.54192,2.593256,2.561707,2.495472,2.493138]"
candidate-2,16384,torch,4194304,2.68026,1.6708349999999998,1.794328,,,,"[1.67899,1.714797,1.708195,1.71072,1.794328,1.675313,1.59927,1.671186,1.661187,1.670955,1.704217,1.680052,1.696974,1.689429,1.632032,1.658521,3.080626,1.680824,1.638584,1.679351,1.669503,1.706041,1.609829,1.696763,1.681495,1.66312,1.650887,1.656878,1.708385,1.667058,1.605491,1.663792,1.670715,1.683278,1.667028,1.665204,1.65219,1.69454,1.594801,1.685392,1.672348,1.665955,1.670695,1.680142,1.669342,1.667468,1.581937,1.657309,1.668771,1.664953,1.678048,1.661808,1.664162,1.671977,1.615531,1.66333,1.665845,1.679822,1.728053,1.704478,1.666256,1.671055,1.888937,2.188432,1.64217,1.662559,1.681435,1.667188,1.664924,1.677437,1.593649,1.678289,1.650286,1.661867,1.677547,1.669072,1.677928,1.674141,1.589692,1.650196,1.670996,1.654694,1.678379,3.083512,1.691744,1.676265,1.58316,1.691634,1.691734,1.718916,1.663862,1.671997,1.660064,1.69489,1.60979,3.021615,1.671406,1.656268,1.669773,1.651288]"
candidate-2,16384,torch_pinned,4194304,7.029062,1.554856,2.525047,,4194304,,"[2.566325,1.607034,1.555547,1.503859,1.563673,1.565586,1.470136,1.419991,1.550467,1.579683,1.487108,1.489572,1.564644,2.527943,1.551379,1.416144,1.543284,1.489061,1.568472,1.474604,1.533245,2.525047,1.480606,1.75831,1.571718,1.564874,1.555177,2.568008,2.598687,1.552842,1.49367,1.650927,1.545048,1.54637,2.470013,1.523576,1.555257,1.541751,1.568732,1.709137,1.560697,1.554535,1.486888,1.563512,1.540439,1.558413,1.568632,1.712323,1.564033,1.533836,1.560757,1.566448,1.571467,1.533696,1.550377,1.730196,1.573922,1.561449,1.53066,1.546841,1.550207,1.529939,1.551119,1.422896,1.502877,1.526923,1.570536,2.354115,1.591495,1.533676,1.468943,1.417066,1.566908,2.469082,1.560667,1.570125,2.558571,1.538665,1.471879,1.747239,1.561779,1.558924,1.540188,2.453253,1.578831,1.540219,1.487729,1.430721,1.650006,1.545869,1.458634,1.470206,1.493109,1.562831,1.486567,1.73175,1.474143,1.478722,1.541571,2.460967]"
candidate-2,65536,inductor,33554432,15.599545,15.0998175,15.512387,,,,"[14.637418,7.772186,7.898735,15.191926,15.099942,15.402083,15.250056,14.961662,7.952596,7.771414,7.725679,7.740135,15.118708,15.184233,7.713355,15.211805,7.91726,7.768128,15.067983,7.719376,15.136442,15.099693,14.900306,7.846046,15.146621,7.887374,15.186808,15.406873,7.767768,14.47842,7.784841,14.42495,8.009174,15.379201,15.2567,7.725648,14.754272,15.369864,15.062604,8.020256,8.204974,8.125434,15.173794,15.539264,15.48884,14.988545,15.265467,14.79563,7.965482,7.725279,15.217718,15.149439,15.255179,7.951145,15.267492,15.543623,15.491104,15.217137,7.748913,15.509239,7.726852,15.157614,15.175018,7.899558,15.379544,7.737202,15.331484,7.716662,15.32416,15.968647,15.377621,15.083576,15.547832,7.721512,15.618947,15.174948,15.410273,15.388431,14.977606,15.290627,15.346072,7.748383,15.129042,7.801604,15.252235,15.132469,15.142888,7.887266,15.37102,7.716363,15.118923,15.317909,7.782608,14.891895,15.200357,7.76196,15.512387,7.780804,15.280129,7.766888]"
candidate-2,65536,inductor_host,16777216,6.41865,5.0724685,5.369409,,,,"[6.209916,5.249602,5.107584,5.077628,5.064583,5.075173,5.060535,5.052651,5.068221,5.22739,5.042341,5.070655,5.050867,5.064072,5.023075,5.098677,5.050667,5.284359,5.060736,5.055206,5.057851,5.192285,5.154433,5.060827,5.071436,5.26389,5.054715,5.059564,5.103246,5.042813,5.096514,5.101684,9.953797,5.252709,5.202855,5.085063,5.096094,5.098428,5.086245,5.066548,5.040218,5.369409,5.039646,5.071046,5.047282,5.064433,6.205238,6.237328,5.105591,5.218144,5.073501,5.07852,5.056388,5.107205,5.08902,5.111843,5.05175,5.282786,5.06786,5.081095,5.066228,5.065606,5.040359,5.028406,5.191885,5.242661,5.061078,5.037764,5.130238,5.052371,5.050387,5.078972,5.038615,5.24208,5.097036,5.053494,5.052842,5.206001,5.017215,5.062531,5.062901,5.270584,5.058443,5.075506,5.056209,5.073622,5.192968,5.231269,5.067932,5.332871,5.065577,5.226971,5.076848,5.048485,5.076447,5.037704,5.036853,10.25648,5.056089,5.05164]"
candidate-2,65536,inductor_pinned,16777216,20.495309,4.553198,4.740963,,16777216,,"[4.542547,4.53318,4.72429,4.557326,4.540343,4.552857,4.544211,4.546515,4.551935,4.53311,4.730753,4.547046,4.574909,4.520546,4.530405,4.549491,4.64944,4.545733,4.722087,4.562506,4.543219,4.62883,4.672684,4.542288,4.570771,4.567936,4.761722,4.553539,4.592682,4.573797,4.590568,4.533671,4.5754,4.539342,4.735212,4.534903,4.546135,4.567856,4.540654,4.557727,4.534422,4.550984,4.725012,4.533681,4.576362,4.550624,4.564861,4.544502,4.520056,4.512853,4.745301,4.568737,4.548309,4.561694,4.581762,4.58026,4.551365,4.580049,4.767874,4.539884,4.54905,4.611138,4.535445,4.541687,4.552116,4.551676,4.728991,4.520887,4.551375,4.526409,4.573938,4.544943,4.546977,4.548941,4.750652,4.539663,4.591341,4.570952,4.535996,4.535145,4.542609,4.555123,4.720786,4.582895,4.549743,4.548299,4.544182,4.566284,4.706679,4.625786,4.764698,4.55889,4.567737,4.54832,4.555754,4.566184,4.545345,4.556355,4.740963,4.596992]"
candidate-2,65536,unfused,16777216,14.162661,14.101635,14.822933,327,6029312,6029312,"[13.614768,13.521812,6.440551,6.807043,6.493491,6.582079,13.852547,14.182791,6.46611,6.47667,6.423649,6.724738,6.448938,13.844422,14.34094,14.294181,14.377959,14.3465,14.177681,6.597749,14.328927,6.581388,6.445561,6.489745,14.396676,6.547003,14.49983,14.473892,6.393423,13.730448,6.51874,13.643063,6.53463,14.261601,6.485277,14.654824,14.194704,15.008953,14.054421,6.553976,6.518009,14.599069,6.42353,6.589433,14.148849,14.572469,14.408158,14.240722,6.500897,6.523138,6.424732,14.506405,14.463804,6.608359,14.379645,14.945794,14.381098,14.410554,6.527177,14.485325,6.522919,14.381078,14.423087,6.400226,14.226517,6.446103,14.763651,14.802114,14.841558,14.396889,14.252917,14.478773,14.40837,14.548746,14.242958,14.822933,14.017152,14.459677,14.561921,6.558516,14.587088,6.525875,6.525063,14.474756,14.53529,6.482633,6.454981,6.420335,14.825108,6.398685,14.651231,14.627325,6.522849,14.35458,6.435494,6.942261,14.994119,13.950597,6.401741,14.578603]"
candidate-2,65536,ring1,16777216,6.981252,6.3920455,6.649036,327,6029312,6029312,"[6.383544,6.333799,6.398692,6.367443,11.619319,6.441253,6.436874,6.380227,6.399383,6.366862,6.33958,6.363095,6.546171,6.382191,6.342907,6.380187,6.399223,6.252336,6.420234,6.401819,6.441544,6.385067,6.526484,6.336055,6.419251,6.415495,6.310436,6.4133,6.574836,6.457884,6.420595,6.390067,6.491819,6.300798,6.360741,6.384115,11.603081,6.509402,6.365821,6.437807,6.375289,6.351614,6.371141,6.649036,6.485617,6.374298,6.424152,6.373716,6.560979,6.359429,6.386731,13.853913,6.589513,6.387973,6.403472,6.394024,6.363667,6.328441,6.372094,6.341646,6.520383,6.483133,6.367124,6.317941,6.389777,6.255724,6.341396,6.425224,6.445402,6.718918,6.438619,6.325445,6.47604,6.388043,6.409344,6.360401,6.547224,6.414695,6.397532,6.446815,6.471782,6.355002,6.849616,6.420475,6.479728,6.406199,6.368888,6.263289,6.394136,6.352998,6.32713,6.326969,6.49697,6.374448,6.359611,6.396491,6.33262,6.386442,6.42782,6.330846]"
candidate-2,65536,ring2,16777216,5.713409,5.4974725,5.779814,327,6029312,6029312,"[5.450542,5.545281,5.428691,5.530693,5.537967,10.169312,5.531925,5.489576,5.540862,5.508582,5.779814,5.503131,5.488604,5.610434,5.441385,5.459199,5.432197,5.419293,5.450753,5.447095,5.484035,5.61355,5.504274,5.45984,5.432177,5.826252,5.509864,5.515004,5.500026,5.842373,5.545081,5.456384,5.522228,5.491821,5.466512,5.484517,5.566762,5.636203,5.445984,5.758494,5.4917,5.455732,5.470921,5.581009,5.433801,5.623229,5.531947,5.445193,5.471733,5.423111,5.558898,5.549139,5.483245,5.707087,5.60299,5.589325,5.462837,5.469589,5.489005,5.487393,5.49644,5.743397,5.617127,5.601548,5.504345,5.473817,5.527299,5.441796,5.4913,5.624802,5.498955,5.498174,5.418312,5.430286,5.489376,5.484908,5.477004,5.597882,5.483786,5.496771,5.493655,5.409987,5.696969,5.724902,5.458238,5.830281,5.531987,5.442989,5.487363,5.817657,5.450664,5.536807,5.503143,5.671561,5.515827,5.471072,5.427761,5.754288,5.50136,5.399999]"
candidate-2,65536,torch,16777216,14.821987,14.7064915,15.446622,,,,"[7.817792,7.13366,7.123701,7.122488,15.210001,7.168967,15.322163,15.883292,7.184727,7.136386,7.144932,7.141084,7.145633,15.035562,7.286479,15.112837,14.850742,7.128069,15.266748,7.861034,15.042666,16.118687,15.227855,15.426149,14.842517,7.130605,14.704928,15.183331,7.981521,7.145302,11.416829,14.581134,7.922401,7.837049,15.252893,15.224339,15.062002,15.165248,15.451919,7.172765,15.196426,15.129761,7.149932,15.045392,8.095939,7.120246,15.362982,15.185666,7.139342,7.24949,7.320925,14.4245,7.166724,7.284286,7.441413,15.050212,15.182501,14.708055,7.90548,15.138989,7.299966,15.25578,7.394445,15.544976,15.385305,7.279086,14.915287,7.14834,15.084637,7.16441,15.33441,15.110016,14.857649,15.10681,15.402047,14.987384,7.154532,7.128162,15.145723,7.12701,7.118363,7.135365,15.384986,7.15339,15.2711,16.275558,15.446622,15.225123,14.715652,7.12674,14.616545,15.257315,7.978779,7.161715,7.397972,14.894971,15.06934,14.823195,7.123784,15.091993]"
candidate-2,65536,torch_pinned,16777216,29.833351,14.478063500000001,14.842989,,16777216,,"[6.592148,14.086969,14.529826,6.619449,14.621669,14.665261,14.538904,14.631929,6.602397,14.816888,14.478489,14.578067,6.574464,6.579053,6.581307,14.721709,14.477638,14.741737,14.827679,6.59823,14.601933,14.078395,14.765683,6.839254,14.525519,6.615873,14.418406,14.432884,6.60881,6.582991,6.603539,14.001029,6.566259,14.588338,14.518216,14.571847,14.692355,14.875902,6.609191,14.842989,6.600925,14.659824,14.60466,6.605213,14.573822,14.648813,14.680914,14.94902,6.591678,6.714921,14.797404,14.728764,6.576239,14.472801,14.586545,14.796042,14.541441,14.598348,14.86929,6.584505,6.575859,14.428378,6.615012,6.732755,14.644366,14.448306,14.798607,6.607077,14.637853,14.676307,14.828845,6.826302,14.640129,14.992203,14.019656,15.348196,11.61235,14.574314,14.660086,6.795413,6.576741,14.736431,6.605806,6.663034,14.497269,14.340122,14.427427,6.753675,14.828685,6.576741,14.536574,14.596106,6.595496,6.582422,14.361433,6.756531,14.719269,14.564096,6.586459,6.60242]"
candidate-3,4096,inductor_pinned,1048576,1993.369555,0.4356535,0.658204,,1048576,,"[0.744797,0.435273,0.418772,0.419734,0.438519,0.393905,0.429973,0.458807,0.648796,0.427437,0.432687,0.431035,0.441154,0.441995,0.436385,0.467444,0.656561,0.440493,0.436325,0.420565,0.424643,0.431175,0.430263,0.457175,0.613009,0.433709,0.442205,0.42339,0.399666,0.395498,0.431045,0.464487,0.659537,0.43416,0.420756,0.432167,0.388966,0.429151,0.441264,0.465239,0.656401,0.389526,0.44955,0.43905,0.421757,0.392592,0.438449,0.460801,0.65106,0.431205,0.474617,0.418661,0.425995,0.394165,0.403913,0.44444,0.654346,0.42859,0.423981,0.443238,0.424422,0.429011,0.430624,0.434021,0.782479,0.410606,0.424523,0.437557,0.438218,0.42833,0.437707,0.464438,0.658204,0.441053,0.428009,0.436034,0.442567,0.436365,0.446103,0.467754,0.674134,0.440563,0.427318,0.431185,0.421156,0.437056,0.452235,0.467694,0.63476,0.4284,0.403703,0.430764,0.432838,0.408372,0.436195,0.474186,0.661059,0.434611,0.437958,0.429261]"
candidate-3,4096,unfused,1048576,117.652906,1.171354,1.423951,109,1310720,1310720,"[1.531695,1.284177,1.193846,1.183757,1.129775,1.172015,1.157998,1.197433,1.194828,1.309455,1.176003,1.149392,1.423951,1.157207,1.190931,1.16398,1.2117,1.348208,1.179019,1.163138,1.128583,1.219345,1.197383,1.155574,1.178307,1.244542,1.170783,1.18026,1.209536,1.411097,1.180311,1.183487,1.159551,1.268908,1.169952,1.16955,1.166936,1.156516,1.22244,1.240274,1.217411,1.374097,1.177235,1.144743,1.120949,1.150474,1.170733,1.194077,1.22191,2.271483,1.500306,1.118173,1.128913,1.200429,1.151045,1.15844,1.393874,1.345313,1.170272,1.122963,1.168499,1.154232,1.128243,1.14275,1.340864,1.305207,1.156115,1.152899,1.14775,1.135847,1.176453,1.124265,1.166855,1.27001,1.173568,1.207342,1.12166,1.143782,1.128733,2.452074,1.157999,1.345873,1.096853,1.168048,1.617797,1.194999,1.167367,1.162888,1.155855,1.289638,1.151306,1.18009,1.129565,1.159211,1.131569,1.171925,1.158781,1.273968,1.150975,1.138893]"
candidate-3,4096,ring1,1048576,82.028599,1.2181575,1.554918,109,1310720,1310720,"[1.238891,1.305968,1.575387,1.20118,1.221428,1.214736,1.205999,1.198896,1.23784,1.28008,1.616765,1.208093,1.214866,1.20615,1.207372,1.200479,1.196701,1.21642,1.512038,1.218553,1.217762,1.200949,1.20612,1.208474,1.230706,1.278085,1.526064,1.21691,1.196712,1.199156,1.239142,1.176223,1.304064,1.251745,1.554918,1.189438,1.221278,1.230526,1.227691,1.208354,1.211459,1.233711,1.502981,1.223914,1.197483,1.212972,1.20112,1.151556,1.226198,1.273016,1.578584,1.24892,1.20103,1.150705,1.198114,1.19608,1.235095,1.252878,1.520383,1.195349,1.199988,1.180531,1.19051,1.239513,1.271352,1.20072,1.52352,1.182495,1.215157,1.251866,1.197593,1.200208,1.246056,1.270401,1.57127,1.239622,1.234663,1.225076,1.30704,1.230105,1.264099,1.239352,1.536364,1.204817,1.20657,1.210979,1.202202,1.208284,1.275901,1.234854,1.558075,1.189067,1.200389,1.18542,1.194868,1.195109,1.191712,1.233061,1.50785,1.219384]"
candidate-3,4096,ring2,1048576,230.186439,1.1865025,1.574015,109,1310720,1310720,"[1.21741,1.153159,1.331226,1.507359,1.180802,1.140535,1.181854,1.192975,1.192654,1.208113,1.23273,1.535773,1.15913,1.166685,1.18016,1.171224,1.166324,1.178026,1.209325,1.572151,1.213824,1.138532,1.188897,1.233841,1.180802,1.240675,1.230616,1.574466,1.172977,1.136608,1.175441,1.204847,1.164451,2.328421,1.212842,1.574015,1.1537,1.170512,1.191422,1.204436,1.162868,1.183246,1.191312,1.548406,1.161385,1.20645,1.171594,1.161625,1.252046,1.181413,1.162617,1.517589,1.161766,1.215477,1.185431,1.155474,1.152868,1.194508,1.225406,1.553045,1.203815,1.163539,1.162698,1.135677,1.192604,1.17983,1.183366,1.599012,1.19564,1.183056,1.135185,1.202553,1.14826,1.178106,1.204095,1.594062,1.143281,1.174861,1.186021,1.221519,1.106391,1.178327,1.257407,1.516325,1.244312,1.158019,1.213043,1.215707,1.088908,1.184159,1.187014,1.506046,1.178418,1.184378,1.132019,1.163669,1.226648,1.186984,1.215027,1.58197]"
candidate-3,4096,torch,1048576,1.84134,0.522778,0.59269,,,,"[0.852922,0.516786,0.521565,0.541553,0.573354,0.50774,0.532366,0.526805,0.5133,0.492702,0.512068,0.591308,0.569526,0.531234,0.524822,0.505084,0.543396,0.55559,0.519512,0.541994,0.493883,0.509052,0.519862,0.522958,0.584064,0.522547,0.521495,0.496469,0.59251,0.49758,0.509564,0.59269,0.535222,0.929788,0.480659,0.515634,0.560108,0.535502,0.522598,0.509332,0.50819,0.53943,0.544118,0.557444,0.532967,0.478494,0.499534,0.516817,0.518991,0.51817,0.531715,0.542305,0.553857,0.492652,0.504273,0.523029,0.505295,0.542706,0.52352,0.548687,0.590937,0.529331,0.605394,0.508311,0.587491,0.510725,0.556181,0.467393,0.500215,0.514142,0.528078,0.493563,0.522508,0.504634,0.50781,0.516877,0.531405,0.517618,0.467584,0.990061,0.527487,0.552084,0.513711,0.531926,1.501017,0.504664,0.504584,0.567784,0.519412,0.53471,0.514612,0.54465,0.573414,0.527006,0.50807,0.478554,0.517538,0.5289,0.490938,0.537546]"
candidate-3,4096,torch_pinned,1048576,1.109527,0.3675745,0.441284,,1048576,,"[0.422148,0.338109,0.378746,0.356083,0.360451,0.490206,0.38595,0.387071,0.397952,0.392181,0.344621,0.382613,0.343329,0.421136,0.55578,0.39697,0.369067,0.386881,0.332158,0.301489,0.448097,0.437898,0.387202,0.33334,0.355572,0.377984,0.362706,0.34408,0.41841,0.406488,0.334963,0.375691,0.360552,0.35452,0.656932,0.372374,0.425514,0.3862,0.376011,0.385548,0.396539,0.344872,0.384367,0.339672,0.418581,0.351664,0.337447,0.339602,0.329182,0.327229,0.310767,0.346886,0.365882,0.409464,0.341896,0.375569,0.365801,0.373406,0.377013,0.346505,0.349892,0.436615,0.382122,0.313923,0.3753,0.347246,0.341846,0.368346,0.392141,0.398653,0.342187,0.329373,0.335023,0.336556,0.337688,0.385749,0.33825,0.441284,0.328761,0.403843,0.334943,0.415635,0.334502,0.34915,0.35979,0.438368,0.330614,0.389066,0.388053,0.339722,0.366803,0.377824,0.370781,0.441565,0.352316,0.330134,0.33853,0.38137,0.335634,0.342718]"
candidate-3,4096,inductor,2097152,90.245679,0.827574,0.982497,,,,"[1.081754,1.050936,0.901433,0.805933,0.843214,0.974041,0.930198,0.813177,0.842763,0.842112,0.829508,0.866217,1.224975,0.92054,0.968391,0.80454,0.791576,0.899069,0.972188,0.748645,0.799361,0.851208,1.023154,0.82529,0.819158,0.766769,0.774013,0.835879,0.910791,0.866388,0.905351,0.790614,0.797657,0.847171,0.898919,0.787268,0.865315,0.79381,0.916282,0.832443,0.833596,0.814209,0.814148,0.8251,0.82495,0.865025,0.982497,0.808788,0.82564,0.89407,0.89947,0.836421,0.812225,0.865386,0.97865,0.785414,0.77797,0.976065,0.810001,0.82,0.845257,0.788711,0.973781,0.733958,0.795123,0.765346,0.766098,0.761589,0.782478,0.798349,0.879142,0.759836,0.758534,0.763163,0.822665,0.905462,0.829798,0.885023,0.911262,0.779944,0.814659,0.831672,0.813407,0.816773,0.790954,1.070684,0.961517,0.763232,0.80971,0.759485,0.897236,0.817515,0.861789,0.891645,0.928776,0.766689,0.836882,0.775976,0.757802,0.744347]"
candidate-3,4096,inductor_host,1048576,68.021797,0.546272,0.744517,,,,"[0.536835,0.577922,0.485077,0.49741,0.521656,0.556181,0.561451,0.653946,0.518039,0.547615,0.519141,0.53407,0.561651,0.564807,0.51882,0.753685,0.550621,0.518711,0.524841,0.535402,0.518059,0.605354,0.60895,0.735891,0.50813,0.538237,0.543467,0.530973,0.5607,0.588933,0.579355,0.676669,0.505175,0.535732,0.517388,0.50262,0.573875,0.536073,0.54502,0.688121,0.537657,0.527948,0.510405,0.522658,0.518029,0.566069,0.5764,0.701917,0.558356,0.56625,0.565619,0.501017,0.556021,0.552985,0.58182,0.758834,0.543237,0.554488,0.52893,0.57148,0.533849,0.499464,0.569697,0.765436,0.541384,0.541834,0.51838,0.503962,0.540341,0.557994,0.561521,0.754516,0.532997,0.552864,0.499363,0.524331,0.527628,0.55059,0.648035,0.744517,0.514964,0.566631,0.552254,0.547524,0.506698,0.571821,0.579646,0.728157,0.558135,0.508752,0.530503,0.672601,0.518239,0.558846,0.541393,0.757441,0.557283,0.510685,0.496949,0.505426]"
candidate-3,16384,inductor_pinned,4194304,6.070133,1.4484825,1.690575,,4194304,,"[1.674134,1.43924,1.384426,1.44963,1.447736,1.448377,1.452235,1.467213,1.690575,1.473996,1.438969,1.439009,1.443508,1.449099,1.452335,1.46041,1.674876,1.442015,1.445131,1.441975,1.435213,1.447235,1.483614,1.419693,1.671189,1.441083,1.545371,1.387452,1.488643,1.431215,1.521756,1.468355,1.700253,1.380148,1.449941,1.454178,1.442156,1.448588,1.430934,1.49739,1.649317,1.427619,1.468405,1.445783,1.476831,1.441815,1.442717,1.452285,1.704692,1.43879,1.446254,1.454849,1.443118,1.451212,1.447405,1.442877,1.680065,1.381601,1.426597,1.392152,1.431466,1.384157,1.458897,1.474096,1.672,1.450742,1.466191,1.437437,1.4654,1.447677,1.529962,1.464508,1.717777,1.437728,1.383014,1.436806,1.418822,1.456443,1.378135,1.531635,1.711465,1.42324,1.429462,1.441835,1.437637,1.451734,1.455231,1.450682,1.712928,1.427618,1.443138,1.440483,1.43911,1.441635,1.461342,1.468716,1.676359,1.4121,1.534611,1.46]"
candidate-3,16384,unfused,4194304,8.544048,2.5249475,3.439711,218,6029312,6029312,"[2.546503,4.845719,2.516736,2.482392,2.460881,2.519522,2.461743,2.515674,2.500516,2.493974,2.512659,2.483995,2.535051,2.570037,2.509152,3.530743,2.537646,3.71437,2.572633,2.530704,2.563505,2.531224,2.492721,2.489465,2.510925,2.768332,2.51316,2.541905,2.510775,2.479557,2.499464,2.505766,2.52897,2.48145,2.495457,2.486489,2.579125,2.514172,2.591468,3.439711,2.524642,2.81998,2.514062,2.575829,3.367284,2.522257,2.558316,2.57104,2.585266,2.474036,2.486219,3.415726,2.555871,3.013666,2.490978,2.533539,2.544991,2.713669,2.490677,2.526806,2.500556,2.574216,2.543448,2.49197,2.525253,2.780044,2.541283,2.601417,2.491859,2.508481,2.562173,2.614171,2.514803,2.765627,2.474758,2.465801,2.530012,2.51844,2.58187,2.488273,2.559408,2.667101,2.579065,2.476721,2.493263,5.001433,3.457675,2.517529,2.607579,2.684253,2.486781,2.494134,2.545802,2.481971,2.532758,2.473766,2.46531,2.470219,2.498563,2.480879]"
candidate-3,16384,ring1,4194304,7.671279,2.5905715000000002,2.843004,218,6029312,6029312,"[2.623068,2.615654,2.776698,2.548417,2.612658,2.585506,2.557965,2.670017,2.590687,2.632145,2.824499,2.540151,2.543016,2.564557,2.605866,2.573424,2.618298,2.551653,2.792397,2.504704,2.850468,2.532296,2.570549,2.564748,2.627876,2.59274,2.789282,2.591729,2.493342,2.557504,2.621725,2.572021,2.614571,2.5871,2.826903,2.632315,2.590456,2.552194,2.54496,2.583984,2.568645,2.685386,2.909429,2.543437,2.575568,2.531766,2.570539,2.539981,2.626224,2.625312,2.776197,2.613189,2.568785,2.592249,2.561231,2.567633,2.547806,2.574647,2.843004,2.53974,2.669897,2.555059,2.596548,2.574196,2.641634,2.672321,2.754296,2.546363,2.599333,2.633808,2.690024,2.584324,2.615223,2.61889,2.843564,2.602729,2.533479,2.57628,2.626544,2.587521,2.543457,2.595656,3.395908,2.534811,2.602549,2.646452,2.570108,2.565419,2.538619,2.586299,2.785685,2.583183,2.62392,2.583664,2.527667,2.566211,2.565859,2.63986,2.871507,2.622097]"
candidate-3,16384,ring2,4194304,7.630812,2.5381774999999998,2.800072,218,6029312,6029312,"[2.512118,2.557604,2.554989,2.755188,2.490367,2.491439,2.538858,2.52937,2.501458,2.498452,2.598281,2.800072,2.473996,2.526846,2.620012,2.492581,2.51821,2.498833,2.527497,2.74594,2.50257,2.483774,2.551873,2.550791,2.552284,2.557694,2.553056,2.882638,2.498392,2.565338,2.543868,2.570087,2.493823,2.537497,2.633157,2.796225,2.490788,2.462574,2.504353,2.601968,2.642074,2.551232,2.565389,2.743987,2.574266,2.510324,2.606166,2.547295,2.48664,2.473275,2.552875,2.855337,2.520664,2.507279,2.492221,2.479446,2.469027,2.553707,2.514863,2.740149,2.544489,2.53948,2.540051,2.461623,2.560389,2.625072,2.48132,2.768353,2.505716,2.515485,2.491359,2.554108,2.481911,2.475369,2.482291,2.827134,2.550231,2.525463,2.573995,2.575027,2.540282,2.516887,2.533649,2.813147,2.50251,2.527627,2.484967,2.521566,2.54503,2.470209,2.523951,2.8626,2.484406,2.529952,2.571701,2.561561,2.589144,2.527077,2.51848,2.731182]"
candidate-3,16384,torch,4194304,3.045967,1.6664949999999998,2.591248,,,,"[1.63505,1.647243,1.665909,1.647444,1.636533,1.657793,1.655499,1.66627,1.654698,1.655799,1.659036,1.676669,1.851549,1.670457,2.670608,1.812576,1.647314,1.669426,1.641803,1.651933,1.583333,1.64564,1.690546,1.638046,1.675687,1.679054,1.643406,1.657393,1.880364,1.74582,1.646111,1.667411,1.644778,1.641012,1.690726,1.647363,1.86256,3.003457,1.699493,1.671459,1.705243,1.646833,1.653886,1.639569,2.070233,1.669245,1.649588,1.705464,1.652593,1.652313,1.651311,1.654797,1.884191,1.66672,1.641353,1.724049,1.657573,1.646121,1.679384,1.671349,1.926923,1.652534,1.693151,1.724239,1.677191,2.591248,1.667873,1.657773,1.730822,1.716945,1.645831,1.707718,1.643687,1.638326,2.713439,1.668704,1.891666,1.708449,1.646512,1.699012,1.672431,1.663735,1.674324,1.643296,2.072166,2.668024,1.659266,1.646312,1.6556,1.84626,1.706867,1.662182,2.118625,2.991504,1.706797,1.650069,1.66152,1.796696,1.666169,1.658224]"
candidate-3,16384,torch_pinned,4194304,5.960285,1.549363,2.557594,,4194304,,"[1.548386,2.597499,1.530462,1.540331,1.505736,1.403473,1.572272,1.563826,1.465981,1.549488,1.550541,2.582151,1.561762,1.731663,1.570158,1.463456,1.552094,1.549238,1.536905,1.540882,2.554288,1.421557,1.479707,1.550281,1.530403,1.558095,1.559437,2.546473,1.568766,1.431777,1.557093,2.52323,1.447697,1.539039,1.50763,1.57148,1.542906,3.948964,1.481651,1.55003,1.553857,1.554849,1.54997,1.539811,3.946209,1.647294,1.541133,1.515575,1.460771,1.552985,1.532256,1.554098,1.567713,1.414543,1.558787,1.536664,1.544439,1.454439,1.547936,1.528399,2.58143,1.414593,1.584394,1.542515,1.580147,1.579505,1.488413,2.459228,1.532236,1.727054,1.545702,1.539179,1.561642,1.548296,2.54511,1.481149,1.48101,1.752563,2.516407,1.554609,2.557594,1.477493,1.461492,1.536243,2.485588,1.392082,1.507549,1.540422,1.540261,2.462555,1.5497,1.58166,1.537246,1.421898,1.542395,1.553687,1.556943,1.553747,1.521646,1.571811]"
candidate-3,16384,inductor,8388608,2.455591,2.4135115000000003,3.184318,,,,"[2.383255,2.376001,2.411808,2.403393,2.392712,2.437307,2.583293,2.398654,2.441945,2.406598,2.378997,3.15332,2.479436,2.419894,2.323101,2.407431,2.38629,2.393434,2.399645,2.649578,2.680416,2.383565,2.790574,2.379648,2.65628,3.106842,2.429993,3.197143,2.683962,2.408503,2.317079,2.401219,2.43896,2.446164,2.378335,3.184318,2.380789,2.369108,2.350803,2.427328,3.145094,2.4069,2.408433,2.375009,2.436726,2.388094,2.612227,2.416006,2.387543,2.372955,2.420345,12.667122,2.411017,2.409173,2.569898,2.379758,2.377954,3.203125,2.494525,2.42291,2.45477,2.427939,2.575809,2.515595,2.415215,2.398002,2.449269,3.167467,2.402,2.392923,2.627767,2.43352,2.445282,2.388325,2.410296,2.452335,3.210459,2.446404,2.531464,2.430804,2.393614,5.104679,2.407831,2.388715,2.371222,2.381451,2.559948,2.66132,2.426246,2.398213,2.396901,2.423251,2.379758,2.376723,2.351936,2.417089,2.367225,2.428511,2.391189,2.384878]"
candidate-3,16384,inductor_host,4194304,1.548717,1.5609005,1.849947,,,,"[1.556242,1.556982,1.564176,1.548417,1.549949,1.713659,1.562093,1.845849,1.462274,1.70375,1.697939,1.547215,1.573333,1.557744,1.575128,1.738015,1.561191,1.558957,1.552093,1.69292,1.546153,1.544038,1.696877,1.849947,1.705935,1.551563,1.554178,1.588342,1.711865,1.467293,1.578153,1.752112,1.475879,1.463737,1.559758,1.454238,1.552304,1.543737,1.553957,1.741351,1.578995,1.560861,1.571721,1.546373,1.56601,1.571179,1.549169,1.738827,1.467223,1.57169,1.459418,4.562233,1.585707,1.702759,1.590696,1.738375,1.616455,1.467333,1.56094,1.551622,1.562613,1.463126,1.564126,1.763844,1.550481,1.730641,1.542906,1.559207,1.591268,1.542977,1.580508,1.847201,1.464108,1.563916,1.482743,1.55548,1.476451,1.545943,1.465059,1.980634,1.550671,1.492942,1.548527,1.551422,1.565469,1.541363,1.558756,1.864534,1.553977,1.558786,1.596868,1.566411,1.934016,1.534831,1.54981,1.857461,1.688382,1.657814,1.549118,1.685406]"
candidate-3,65536,inductor_pinned,16777216,20.797461,4.546915,4.732897,,16777216,,"[4.700685,4.559388,4.557324,4.56066,4.531696,4.522619,4.530223,4.541435,4.722456,4.663685,4.551673,4.545061,4.542576,4.521837,4.556513,4.535413,4.737905,4.568826,4.535784,4.547436,4.520776,4.553507,4.551694,4.520495,4.732766,4.538569,4.534732,4.538429,4.527719,4.589706,4.632166,4.51772,4.711676,4.535534,4.514393,4.518632,4.571552,4.568856,4.529863,4.533159,4.742244,4.565641,4.513201,4.543949,4.525464,4.559769,4.561262,4.559659,4.716836,4.551224,4.580298,4.550332,4.529142,4.590798,4.543379,4.54428,4.732897,4.580309,4.555061,4.539291,4.513723,4.533149,4.539321,4.538138,4.723219,4.562265,4.539371,4.545102,4.527138,4.548318,4.542026,4.54393,4.720484,4.569338,4.543198,4.54952,4.569759,4.539111,4.519003,4.531377,4.779175,4.528551,4.543059,4.576822,4.568267,4.546394,4.579547,4.542277,4.741243,4.561293,4.542207,4.584216,4.558137,4.574518,4.532368,4.528251,4.769587,4.544241,4.528551,4.552116]"
candidate-3,65536,unfused,16777216,14.698623,6.4945525,14.55836,327,6029312,6029312,"[6.414655,14.355845,14.047102,6.427068,6.478255,6.447077,14.14126,6.430475,6.442036,7.107645,14.194611,6.437959,6.444401,6.572243,6.489838,6.501469,6.423321,6.605776,6.403545,6.451144,6.439913,14.301594,14.054747,6.52282,6.415757,6.675739,6.445774,6.442829,6.473947,6.429454,6.44402,6.477564,14.836215,6.614894,6.437078,6.426348,14.449854,14.148766,6.474208,6.399657,6.439643,6.64978,13.904244,6.486521,14.329126,6.423293,14.466887,13.673067,14.528735,6.707529,6.657294,6.482404,14.542911,6.494016,13.518775,6.422901,6.419024,14.55836,13.94918,6.413644,14.428425,6.42192,6.434844,6.462035,6.410508,14.461177,14.189244,6.438301,14.064257,14.185646,6.452718,6.45903,6.484098,14.695922,6.441527,6.472325,6.432329,6.419525,14.164717,6.429374,14.325502,14.739815,6.495089,14.483771,6.547638,6.435496,14.479252,13.643383,6.401842,6.631607,6.43791,6.668556,6.527971,6.559391,14.548804,6.417723,14.040363,15.251673,14.657469,6.435106]"
candidate-3,65536,ring1,16777216,6.670779,6.401656,6.724962,327,6029312,6029312,"[6.39108,6.354872,6.467375,11.029959,6.378627,6.421939,6.32222,6.369039,6.366184,6.504936,6.492852,6.402933,6.409355,6.295731,6.268008,6.363388,10.907938,6.310278,6.520866,6.409686,6.370482,6.387003,6.41209,6.397042,6.41196,6.357497,6.532348,6.275222,6.388166,6.441015,6.418843,6.425056,6.394708,6.396471,6.636485,14.797341,6.436106,6.42238,6.381723,6.365683,6.446346,6.462256,6.724962,6.399938,6.371043,6.431608,6.376834,6.435355,6.382505,6.288768,6.590449,6.35347,6.415708,6.423733,6.392003,6.334635,6.373598,7.114259,6.472325,6.379871,6.358771,6.383067,6.347479,6.352108,6.371494,6.382115,6.470001,6.396733,6.316761,6.373899,11.409268,6.41178,6.407522,6.41127,6.509336,6.46948,6.42153,6.344103,6.353551,6.324737,6.364091,6.400379,6.519876,6.426499,6.4112,6.408315,6.377616,6.365685,6.3951,6.331379,6.523964,6.410679,6.420518,6.370222,6.692723,6.406451,6.441197,6.362969,6.517682,6.530877]"
candidate-3,65536,ring2,16777216,5.765318,5.500598500000001,9.610026,327,6029312,6029312,"[5.451875,5.515766,5.452536,5.681749,5.439201,5.412832,5.465942,5.679826,5.478986,5.517029,5.473045,5.626807,5.502351,5.434592,5.483415,5.416057,5.436617,5.447066,5.455403,9.610026,5.487232,5.503412,5.486741,5.465822,5.486531,5.479608,5.480911,5.578806,5.540934,5.453959,5.487263,5.392203,5.523161,5.505156,5.441236,10.900084,5.543028,5.541685,5.493925,5.479628,5.527599,12.947255,5.44312,5.66534,5.511769,5.520786,5.55457,5.510216,5.58614,5.568676,5.465692,5.63415,5.54368,5.548909,5.52839,5.503764,5.540554,5.489357,5.51709,10.531649,5.508924,5.423673,5.4751,5.569448,5.43289,10.738099,5.50154,5.674327,5.447879,5.48527,5.443551,5.466675,5.548068,5.493415,5.45909,5.545553,5.544281,5.452006,5.452678,10.598816,5.472515,5.519935,5.550934,5.818018,5.542858,5.419325,5.488245,5.441567,5.536366,5.469801,5.449522,5.643088,5.45891,5.461575,5.499657,5.541917,5.509075,5.472566,5.483366,5.607371]"
candidate-3,65536,torch,16777216,14.39057,7.8179895,15.802971,,,,"[7.102295,14.737577,7.151057,15.177789,7.748686,15.983502,15.802971,14.869597,20.049959,7.111211,7.098698,15.183721,7.341457,15.092418,15.331911,7.09978,7.797429,7.086335,7.184921,14.351388,7.31645,7.129917,7.116041,7.117694,7.228103,15.165267,7.907758,7.181304,15.099493,15.460024,7.94604,7.127773,14.949509,7.840781,7.134697,7.158542,15.057604,15.777374,7.13647,7.142311,7.121141,14.457589,7.091635,7.150146,7.260304,7.178089,7.109359,15.783066,8.036792,7.180113,7.118296,7.142642,15.209651,7.820403,14.357912,7.153393,14.345047,15.698666,7.149635,7.806918,7.264733,16.168976,7.820594,7.740783,7.110171,16.500793,15.254818,16.052466,7.276045,15.056973,7.855681,7.906467,7.143664,14.708936,7.10939,7.12012,7.282047,15.226645,15.218379,15.129281,7.878053,14.914255,7.989474,7.129447,7.36304,14.916008,15.54626,7.819893,7.148443,15.015336,7.911566,7.131903,7.646796,7.161769,15.068056,7.122716,7.110593,15.125004,15.262053,7.816086]"
candidate-3,65536,torch_pinned,16777216,29.597694,6.6829529999999995,14.805256,,16777216,,"[14.587744,6.60774,6.686229,14.592292,14.591321,6.799002,6.571863,6.733678,16.091827,6.57595,6.583644,6.598473,14.679657,6.715564,6.637977,6.596298,14.0776,6.553608,6.604855,13.92952,14.36826,6.910482,6.597902,6.605516,14.805256,6.586651,6.593844,6.567424,14.474541,6.855288,6.58109,6.606859,14.810056,6.619864,14.459723,6.5967,14.563489,14.868566,15.043216,6.62314,6.583745,14.568209,6.55422,6.58623,6.69213,6.80304,14.535487,6.587062,6.740612,6.595558,6.693493,6.590298,14.532071,6.823108,6.636866,6.59132,13.91255,6.640954,6.585619,6.605587,6.583786,6.74441,14.385905,6.625915,14.038669,14.392567,14.433946,14.840715,6.58605,14.534496,6.572555,6.563197,6.608563,14.392598,6.606029,6.565983,14.535979,6.756292,14.62622,6.629212,14.582668,6.609836,6.642738,6.679677,6.650613,6.730955,14.633043,6.581181,6.599316,6.63369,14.506514,6.593906,14.609188,6.824391,6.597432,6.583376,14.595603,14.654564,14.638494,6.62815]"
candidate-3,65536,inductor,33554432,8.080383,7.754849999999999,15.168284,,,,"[7.704173,14.96164,7.69251,15.082409,15.223786,7.650181,7.920362,14.85584,8.152059,7.682582,7.691098,7.714251,7.708381,7.714101,7.950007,7.689665,7.719211,15.089292,7.673535,14.947765,7.726665,15.043997,15.499669,7.680768,7.702149,7.730673,7.668025,7.693412,7.79783,7.682122,7.849898,7.966709,14.939711,7.692982,7.697701,7.679066,14.95017,14.96626,7.906396,7.706658,7.72894,15.315982,7.778453,14.966291,7.680428,7.916505,7.849739,7.748468,7.841904,7.669538,7.792831,7.695968,15.059087,7.720765,14.553251,7.687502,14.519938,15.253585,7.730504,7.669618,7.710515,14.925255,7.936713,7.709614,7.657976,15.069638,15.12366,14.967925,7.646004,15.36711,15.168284,7.705616,7.672825,15.161872,7.667545,14.582086,7.832446,7.794054,7.882231,15.135903,7.667234,7.685679,7.79164,7.750081,7.702962,7.671482,7.866341,7.759619,7.70135,7.671683,7.725776,7.690208,14.968708,15.012231,7.878675,7.663168,7.667786,15.134381,14.935034,7.696931]"
candidate-3,65536,inductor_host,16777216,6.180793,5.0497905,6.243913,,,,"[5.019678,5.418733,4.998969,6.202594,6.218664,5.003127,5.011743,5.579577,6.243913,5.024758,5.015701,5.013957,5.038454,5.017935,5.082928,5.635171,5.0684,5.028285,5.04153,5.024898,5.046609,5.039796,5.028084,5.244112,5.023576,5.049104,5.018206,5.002406,6.211873,5.181544,5.017585,5.251758,5.059123,5.034026,5.011724,5.030098,5.101783,9.95095,5.017144,5.245846,5.026923,5.019909,5.012395,5.061378,5.028435,5.025019,5.076336,5.615856,6.289921,5.064614,5.029508,5.048012,5.05225,12.321853,5.064474,5.207184,5.061668,5.429073,5.050477,5.063943,5.0305,5.415558,5.021733,5.232492,5.047081,5.405499,5.04692,5.047893,5.006385,5.024789,5.035389,5.207244,5.040058,5.044046,5.036471,5.426078,6.264042,5.029458,5.012616,5.200812,6.163441,5.387575,5.050919,5.081427,5.052411,5.228263,5.024358,5.298797,5.075595,5.081687,5.064354,5.01497,6.296544,5.064735,5.037323,5.684797,5.039897,5.03579,5.015231,5.399007]"
dlrm-1,512,full,1703936,9.477304,3.4573565,5.717395,,,,"[3.738799,7.75343,3.862543,3.380401,3.96131,5.844115,3.283296,3.448058,3.452768,3.307492,3.461945,3.730713,3.350203,3.862714,3.319084,3.437989,5.717395,3.268208,3.800867,3.464169,3.325065,3.331518,3.545593,3.309486,3.330646,3.325707,3.340405,3.323061,3.422059,3.316319,3.302473,3.316709,3.648117,3.30669,3.334694,3.595017,5.39301,3.785988,3.308534,3.314245,3.37486,3.309567,3.263028,3.646844,3.704254,3.279479,3.548509,4.158063,3.265453,3.479658,3.531466,3.676751,3.514304,3.339122,3.322551,3.347808,3.347357,5.29184,5.801815,3.344753,3.741283,3.291011,3.410668,3.30643,4.238475,3.592722,3.304196,3.996957,3.820834,3.767022,3.331778,3.519794,3.754739,5.493842,3.608412,5.775425,3.348019,3.315006,3.711247,3.356105,3.26943,3.291051,3.76056,3.294557,3.567124,3.398986,3.297513,4.7218,3.531597,3.997609,3.278828,3.827937,3.31709,3.506349,3.68701,3.595116,3.284379,3.614463,3.599254,5.74618]"
dlrm-1,512,lookup_pool,1703936,9.477304,2.1699384999999998,2.209564,,,,"[2.157655,2.370218,2.191128,2.159909,2.19217,2.183785,2.150722,2.143749,2.130895,2.167443,2.145672,2.206508,2.184696,2.188223,2.183744,2.195377,2.188554,5.529539,2.197331,2.209564,2.15993,2.172423,2.147345,2.180258,2.166943,2.182111,2.163837,2.132718,2.171321,2.18683,2.155271,2.173445,2.177774,2.169036,2.164268,2.153557,2.163155,2.195347,2.157445,2.132928,2.172373,2.190156,2.16579,2.156202,2.157364,2.158637,2.154669,2.19207,2.155191,2.169688,2.158237,2.200646,2.184706,2.142406,2.183424,2.179496,2.164899,2.163797,2.193673,2.163166,2.211418,2.155351,2.199034,2.14433,2.151404,2.154399,2.196519,2.166302,2.173816,2.180418,2.16026,2.151734,2.211397,2.164227,2.173184,2.171051,2.186831,2.169728,2.192491,2.198583,2.163567,2.173695,2.188514,2.160962,2.161121,2.161572,2.153757,2.174577,2.177192,2.19748,3.137922,2.192581,2.163686,2.170149,2.185127,2.141445,2.138118,2.158657,2.140453,2.172102]"
dlrm-1,512,stack,1703936,9.477304,0.5315814999999999,2.442394,,,,"[2.523649,2.756279,0.482243,0.566813,0.545122,0.446996,0.462596,2.46665,0.442067,0.467986,0.521939,0.539422,0.51244,0.455272,0.500257,0.544902,0.461895,0.561092,0.431828,0.546224,0.460301,0.54372,2.442394,0.79769,0.431897,0.53868,0.457306,0.50194,0.544141,0.471362,0.692291,0.503523,0.695106,0.546545,0.44862,0.555962,0.767704,0.528792,0.451855,0.448369,0.45955,0.484738,0.764137,0.530975,0.567585,0.783844,0.552136,0.51749,2.475827,0.732607,0.459059,0.533379,0.555081,0.454079,0.4543,0.769016,0.542758,0.566662,0.455642,0.462486,0.46467,0.468738,0.423883,0.451334,0.550533,0.548037,0.769607,0.539321,0.541495,0.527509,0.599085,0.760039,0.532378,0.78163,0.461685,0.461434,0.44889,0.547768,0.419044,0.52309,0.564288,0.776029,2.518929,0.540613,0.457677,0.450894,0.672223,0.540834,0.532188,0.529292,0.77664,0.4649,0.712449,0.486741,0.46491,0.457596,0.438009,0.540082,0.4961,0.459169]"
dlrm-1,512,layout_cast_h2d,1703936,9.477304,0.6955469999999999,1.118317,,,,"[1.105663,1.065608,1.131823,0.650701,0.696188,0.714713,0.706267,1.118317,0.724131,0.697902,1.058093,0.711488,0.692922,0.716927,0.677442,0.690227,0.762824,1.14627,0.685378,0.703813,0.699985,0.666282,1.134418,0.670309,0.68126,0.703762,0.689395,0.696699,0.705947,0.692301,0.696008,0.692271,0.666512,0.709012,0.711647,0.632267,0.661813,1.062893,0.711637,0.70283,0.70804,0.683253,0.687782,0.651584,0.646223,0.658697,0.708221,0.69187,1.128857,0.674377,0.700506,0.722999,0.698723,1.125701,0.710956,1.062622,0.668295,1.11404,0.701979,0.712429,0.705696,0.690929,0.696499,0.66535,0.646173,0.645031,0.669077,0.698843,0.684356,0.697821,0.68641,0.68112,1.090043,0.669137,0.699545,1.106385,0.694525,1.117977,0.680789,0.695086,0.694845,0.663216,0.710114,0.648087,0.68627,0.691199,0.66008,0.681,0.694134,0.692521,1.112035,0.689435,0.669938,1.10378,0.691289,0.691179,0.656362,0.64938,1.112006,0.691449]"
dlrm-1,1536,full,5111808,13.461147,7.150003,10.54167,,,,"[7.012607,10.880831,7.012157,10.638472,7.89634,7.03506,7.105674,7.10414,6.975387,7.017827,7.078231,6.987179,7.972866,7.937469,7.894057,6.98243,7.138276,6.981238,8.050803,7.935495,7.022196,7.861064,7.133146,7.914996,7.946034,6.984193,8.401968,6.972311,7.07774,8.106168,6.992659,9.916145,7.989507,7.100504,7.073843,7.893365,7.020402,7.067722,7.933201,6.990686,10.155809,8.127057,7.097589,7.341039,7.978747,7.136161,7.072551,7.918483,7.096095,10.108479,8.005017,8.069409,7.064897,10.830406,7.134739,8.026397,7.031313,13.628353,7.059185,7.953118,7.052643,7.172089,7.073112,8.045363,6.985746,7.202497,7.076679,9.700126,6.999814,7.16173,7.045921,13.227234,7.036452,7.940063,6.969957,8.050002,7.939733,7.039458,6.994954,7.029499,7.930064,7.997993,7.003912,7.268321,7.046251,10.54167,7.052363,7.939753,7.04044,7.994306,7.002047,8.011909,8.118772,7.048085,7.226252,7.055739,10.424568,7.043135,8.063958,7.168012]"
dlrm-1,1536,lookup_pool,5111808,13.461147,3.521798,3.608983,,,,"[3.525505,3.524813,3.492272,3.518101,3.485239,3.52286,3.507281,3.518001,3.555121,3.565751,3.514033,3.521818,3.498574,3.558257,3.495207,3.510567,3.531857,3.492272,3.507822,3.509264,3.54404,3.472585,3.532018,3.491892,3.525535,3.494016,3.542918,3.522329,3.519023,3.472274,6.629542,3.599205,3.507692,3.552776,3.507471,3.540033,3.541014,3.574919,3.503604,3.548238,3.762985,3.588384,3.568066,3.564759,3.524032,3.604114,3.577333,3.544441,6.45435,3.547688,3.621867,3.516227,3.516709,3.558428,3.518672,3.519634,3.511499,3.608983,3.505978,3.505297,3.49633,3.525525,3.495488,3.514544,3.513493,3.519393,3.521778,3.533952,3.49616,3.541406,3.509575,3.58594,3.528561,3.513893,3.492844,3.514625,3.529172,3.500838,3.512621,6.117533,3.517159,3.516157,3.510186,3.561423,3.50704,3.481482,3.506018,3.528521,3.522349,3.488455,3.606028,3.531947,3.533571,3.543559,3.535784,3.542046,3.493154,3.519995,3.495568,3.537848]"
dlrm-1,1536,stack,5111808,13.461147,1.4731489999999998,1.620087,,,,"[1.45753,1.482917,4.192287,1.477557,1.466035,1.465354,1.470173,1.464743,1.461888,1.465384,1.449695,1.47869,1.444835,1.476525,1.470574,1.496203,1.464853,1.446309,1.476896,1.486024,1.560455,1.482717,1.437342,1.461807,1.472799,1.583838,1.442511,1.604518,1.49982,1.458732,1.485613,1.476195,1.467949,1.602755,1.484401,1.708434,1.604047,1.469071,1.476666,1.554744,1.497956,1.485332,1.620087,1.490452,1.48433,1.501493,1.475624,1.48973,1.549794,1.483368,1.451308,1.474713,1.467589,1.475955,1.454524,1.45776,1.476686,1.455776,1.482447,1.46795,1.47344,1.461036,1.604899,1.490572,1.464703,1.468921,1.478299,1.484881,1.468891,4.050179,1.477658,1.475935,1.485803,1.462549,1.471567,1.461447,1.476305,1.448312,1.472368,4.026744,1.465214,1.466697,1.460505,1.47338,1.472819,1.403628,1.468981,1.482768,1.455375,1.480223,3.959367,1.453923,1.456077,1.461878,1.451468,1.458482,1.466276,1.472918,1.472579,1.467198]"
dlrm-1,1536,layout_cast_h2d,5111808,13.461147,2.1323575,3.073931,,,,"[2.132898,2.136916,2.10757,2.094004,2.10732,4.913493,3.0004,2.126978,2.118661,2.132558,2.112389,2.111978,3.045005,2.132568,2.136425,2.131927,2.114905,2.166512,2.184375,2.130474,3.011602,2.148237,2.109855,3.06349,2.105577,2.998547,2.119533,2.121406,2.992736,2.140152,3.03667,3.049113,2.112991,2.126496,3.001163,2.132237,2.121957,2.980062,2.100958,3.078989,3.014137,2.136906,2.1763,3.00526,2.112249,2.130634,3.000421,2.103643,3.03127,2.151623,2.142977,2.125104,2.130233,3.027472,2.120295,2.119994,2.137066,2.132478,3.01012,2.125804,2.108823,2.151554,2.982356,2.130945,2.120385,2.126696,4.628564,2.126797,3.073931,3.015008,2.126757,5.049441,2.980764,2.116096,2.151644,3.040747,2.119433,2.116368,2.116598,2.12824,2.149991,3.083548,2.135603,2.110115,2.099806,2.120295,2.090228,2.187041,2.127999,2.119523,2.13348,2.124202,3.037632,2.115746,2.130954,2.098693,2.142447,2.119233,2.193523,2.122338]"
dlrm-1,2048,full,6815744,16.972315,8.7823385,12.792841,,,,"[12.526508,9.785728,8.617126,9.700356,8.66688,8.607107,13.602545,9.856893,8.679083,16.337242,8.64056,9.655913,8.729719,8.639238,8.738686,8.757161,9.930552,8.782088,9.837806,8.737012,10.074916,12.73334,8.644256,8.775976,8.712265,9.139204,8.861187,8.669695,8.615042,8.687549,16.607465,8.724239,10.001197,8.702247,8.715501,8.880514,11.439379,9.854548,8.879974,8.672891,8.738896,9.894284,9.79734,8.833004,12.792841,11.789392,8.728467,8.813898,8.811062,8.866257,8.782589,8.700022,8.738916,11.261823,8.794261,8.726603,9.930543,8.720111,8.745829,8.801465,8.772179,8.834147,8.739587,10.343294,8.784653,15.518172,8.770215,9.707631,8.758102,9.754339,9.775649,8.675907,9.591361,9.947315,9.88715,8.640881,11.536643,8.596767,8.632425,8.727785,8.705964,8.794291,8.728878,9.655892,8.648966,8.683221,8.685666,8.700173,9.848226,8.695314,8.850097,8.734869,8.552914,8.760237,8.684613,8.826402,9.712359,16.318548,8.663293,8.55622]"
dlrm-1,2048,lookup_pool,6815744,16.972315,4.125857,4.303097,,,,"[4.145289,4.09869,4.322294,4.09346,4.123928,4.153264,4.132404,4.090465,4.148675,4.143806,4.07741,4.282789,4.175155,4.189112,4.093281,4.155628,4.086137,4.111855,4.164475,9.868645,4.139718,4.190635,4.071239,4.148004,4.104251,4.150749,4.091747,4.098781,4.117817,4.198219,4.157782,4.171097,4.14104,4.129208,4.08777,4.093982,4.171268,4.113769,4.339837,4.092348,4.130942,4.135871,4.128487,4.117135,4.097979,4.150569,4.08825,4.152693,4.11954,4.143135,4.303097,4.105112,4.130851,4.096206,4.118758,4.07227,4.473971,4.133086,4.109291,4.171398,4.104441,4.137484,4.107237,4.112096,4.075326,4.12525,4.109812,4.160117,4.099763,4.085936,4.078652,4.174855,4.106856,4.121554,4.14566,4.088742,4.108469,4.178301,4.142303,4.141692,4.09851,4.142593,4.103048,4.107657,4.121243,4.126464,4.154216,4.358392,4.091166,4.189542,4.133045,4.142433,4.067211,4.103861,4.080166,4.120642,4.13518,4.112487,4.088611,4.169374]"
dlrm-1,2048,stack,6815744,16.972315,1.723503,4.506663,,,,"[1.678398,1.706581,1.843831,4.823643,1.675512,1.725507,1.695279,1.682205,1.711841,1.731829,1.677166,1.718343,1.666004,1.726028,1.680361,3.801717,1.671625,1.698106,1.709617,1.71643,1.678749,1.71626,1.666285,1.686904,1.704528,1.712312,1.71636,1.690241,1.747679,4.724415,1.697905,1.713344,1.702153,1.752368,1.730877,1.795409,1.747278,1.747579,1.764121,1.761265,4.631539,1.766815,1.776323,1.746146,1.768579,1.765142,1.751236,1.766224,1.745855,1.762467,1.937869,4.506663,1.761635,1.738542,1.746136,1.761535,1.828362,1.76387,1.752789,1.765903,1.757087,1.759913,1.723403,1.765022,1.795199,1.759331,1.712342,1.694779,1.960732,1.704398,1.701622,1.802092,4.604057,1.707473,1.725848,1.670072,1.66894,1.710949,1.721139,1.710719,1.735225,1.720338,1.683106,1.721299,1.733673,4.685271,1.702123,1.688917,1.683127,1.703886,1.706672,2.1284,1.723704,1.723603,1.691693,1.691522,1.686924,1.712994,1.707873,1.70054]"
dlrm-1,2048,layout_cast_h2d,6815744,16.972315,2.9686310000000002,4.073313,,,,"[2.969653,2.944796,2.911783,3.952193,2.964814,2.970624,4.073313,4.118889,2.949144,3.008857,2.983359,2.994049,2.927433,2.96289,2.934436,2.942581,2.991805,3.899153,2.975314,2.988188,2.961848,2.972758,2.991584,2.974171,2.95744,2.95732,2.945948,2.940628,4.071729,2.936941,2.957059,2.970745,2.967428,2.943643,2.925499,3.171254,4.116655,2.980453,2.951759,4.132976,2.910411,2.97332,2.974332,3.423222,2.968009,2.975884,3.976719,2.960706,2.955997,2.931431,2.982407,4.038417,2.927192,2.954223,2.933945,2.96834,2.956036,2.963471,2.951839,2.948372,2.95767,2.977097,2.971096,2.914248,2.987196,2.956428,2.948753,2.970004,2.959584,4.023058,2.946849,2.92637,2.978108,4.049427,2.967989,3.625906,2.961968,2.975484,2.930669,2.95207,2.942351,2.944234,2.949485,2.937191,3.022132,4.041342,3.155344,4.033607,2.952541,6.707931,2.970424,4.077311,2.968922,2.96781,3.015309,2.969793,2.976365,4.039438,2.959905,3.02653]"
dlrm-2,512,full,1703936,9.204649,3.565892,5.812626,,,,"[3.671201,7.697245,3.983744,3.226128,5.805081,3.255104,3.28498,3.680379,3.56997,3.601589,3.54368,3.479318,3.267116,3.275312,3.947455,3.285842,3.24814,3.661212,3.55938,3.441006,3.220047,3.425497,3.231509,3.562876,3.318984,4.579852,3.321158,3.248401,3.635954,3.26911,4.154476,3.235446,5.448257,3.969496,4.772587,5.791105,3.539282,3.260463,5.425954,3.561083,4.00303,5.346384,3.338833,3.560993,3.35864,3.250395,3.248271,4.710219,3.491061,4.839785,3.215338,5.690335,3.277155,3.408985,3.255955,3.286643,3.211481,3.526167,3.615987,3.558218,3.580129,3.282866,5.488903,5.812626,5.754275,3.385881,4.739223,4.868689,3.298125,4.050429,5.303281,3.976259,3.57511,6.592774,3.506479,4.816009,5.803669,3.345315,3.284749,6.853106,3.356055,4.624477,3.505518,3.983754,3.805606,5.311828,3.568908,4.36276,3.420758,5.868822,3.581952,3.62317,3.329714,3.318273,3.61231,5.921883,3.49602,3.587252,3.426639,3.579799]"
dlrm-2,512,lookup_pool,1703936,9.204649,2.1347075,2.184417,,,,"[2.141525,2.301789,2.123421,2.09671,2.153257,2.100056,2.148688,2.14441,2.082473,2.142897,2.097572,2.121477,2.13919,2.133941,2.154349,2.126035,2.098544,2.167665,2.11245,2.136174,2.122439,2.162254,2.119003,2.095608,2.145752,2.151463,2.130234,2.122649,2.167174,2.136145,2.101769,2.103654,5.762331,2.151384,2.150983,2.150131,2.110857,2.13359,2.104705,2.123311,2.124603,2.158307,2.166151,2.132689,2.134713,2.101359,2.069319,2.122529,2.172514,2.160391,2.081321,2.12855,2.144291,2.127699,2.148919,2.116537,2.128851,2.137788,2.124002,2.122098,2.158557,2.136886,2.15494,3.074681,2.133499,2.156443,2.087853,2.170369,2.101138,2.974793,2.102351,2.169197,3.884265,2.161542,2.157115,2.150843,2.184417,2.134291,2.15988,2.150893,2.137748,2.147687,2.111468,2.119603,2.153107,2.109604,2.17063,2.134702,2.125695,2.13345,2.134722,2.145312,2.087663,2.157736,2.086911,2.124914,2.115355,2.132097,2.099145,2.161744]"
dlrm-2,512,stack,1703936,9.204649,0.528366,2.679875,,,,"[2.519671,2.632865,0.468226,0.514555,0.528271,0.495358,0.537478,0.51215,0.45924,0.520536,2.435482,0.449311,0.454841,0.467676,0.457887,0.606929,0.451535,0.43876,2.540009,0.441365,0.558898,0.5015,0.528461,0.552255,0.763315,0.518381,0.536355,0.751032,0.518653,0.50154,0.527578,0.778594,0.437308,0.523862,2.732574,0.521708,0.546334,0.54386,0.516678,0.555832,0.456044,0.433451,0.752806,0.537407,0.785217,0.598563,0.595638,1.444996,0.527389,2.718798,0.607391,0.514384,0.441255,0.532458,0.45433,0.422821,0.762384,0.770018,0.539281,0.456594,0.542166,0.461243,0.438791,0.44394,2.54536,0.544471,0.498764,2.679875,0.491961,2.705012,0.795737,0.525516,2.45077,2.699501,0.763035,2.720101,0.563316,0.587973,0.457907,0.518171,0.545372,0.456574,0.780518,0.468748,0.464219,0.637998,0.540333,0.525835,0.531276,0.501069,0.447948,0.54921,0.454741,0.505487,0.590378,0.511288,0.439652,0.528922,0.491381,0.775258]"
dlrm-2,512,layout_cast_h2d,1703936,9.204649,0.693919,1.137775,,,,"[1.098019,1.059376,0.69731,1.032646,0.683624,1.551488,1.09304,0.69722,0.685287,0.694315,1.137775,0.705947,0.688644,0.687802,0.642897,0.661613,0.698573,0.710375,1.08271,0.70767,0.683364,0.679466,0.64393,0.645331,0.653067,0.673054,0.695457,0.650412,1.160888,0.69686,0.691499,0.658536,1.584791,0.645653,0.685247,0.656362,1.080526,1.102978,0.687161,0.693523,0.68145,0.69691,0.66022,0.710665,0.668857,0.66529,0.683263,0.694845,0.684185,1.085115,0.648638,1.119169,0.70208,0.750781,0.695557,0.682241,0.738408,0.683334,0.637658,0.676751,0.634882,0.693192,1.61601,1.113549,0.704424,0.643649,0.685928,1.106946,1.083451,1.080947,0.667804,0.718821,0.713652,1.099251,1.550325,0.680829,1.034399,0.654239,0.683224,1.086457,0.68655,0.699124,1.131762,1.095575,0.692842,0.674918,0.676461,0.640984,1.121854,0.672513,0.683814,0.692371,0.701418,0.694465,1.113318,0.692892,0.700146,0.62882,1.100213,0.652536]"
dlrm-2,1536,full,5111808,13.464626,7.0739295,9.276525,,,,"[6.955601,7.01357,9.205551,8.008765,7.088713,7.045,6.974075,7.054308,7.080046,7.089534,7.069316,6.998191,7.074145,7.054017,7.025502,7.507335,6.988022,7.203129,7.219711,7.027997,7.035853,7.241191,7.019512,7.186317,7.271879,6.933078,7.226915,7.14012,7.082181,7.053726,7.149938,7.972075,7.073714,7.00311,7.146692,7.12914,6.999294,7.111386,7.034009,7.88524,7.100064,7.154277,7.041604,7.020353,7.053276,7.996031,7.938832,10.513237,6.996027,7.83185,10.468141,7.039599,6.847907,9.276525,7.059737,7.202428,7.037265,7.067272,7.002599,7.003902,6.877202,7.852429,7.291797,6.997079,7.735989,6.986449,7.021726,7.005425,9.544874,7.037245,7.732261,10.426843,7.159456,6.880117,7.064477,7.913024,6.941885,7.160819,7.014782,6.977312,7.101316,6.978374,6.978524,7.952138,6.983583,9.651535,7.019903,6.914072,7.762228,7.057564,7.845176,6.968515,7.843212,7.164045,7.989758,9.225849,6.976009,7.73692,7.09779,6.899815]"
dlrm-2,1536,lookup_pool,5111808,13.464626,3.5020365,3.57526,,,,"[3.515978,3.460453,3.466864,3.457437,3.454211,3.531717,3.460572,3.486031,3.49097,3.483045,3.515116,3.482864,3.484748,3.514745,3.50694,3.467585,3.487102,3.475241,3.476553,3.502422,3.45927,3.525937,3.478827,3.626948,3.490208,3.57526,3.524824,3.50667,3.504656,3.458249,3.466113,3.484097,3.52804,3.497512,3.509876,3.558789,3.543239,3.476543,3.502132,3.501941,3.495449,3.559921,3.476242,3.536527,3.529433,3.505518,3.470722,3.497132,6.228052,3.488535,3.477635,3.524995,3.516188,3.547447,3.521859,3.633741,3.531748,3.565572,3.517981,3.582253,3.49605,3.542688,3.53804,3.484859,3.480681,3.552347,3.496922,3.44887,3.517511,3.462577,3.520536,3.475952,3.491832,3.502873,3.512501,3.510487,3.495299,3.489337,3.524373,3.477465,3.497081,3.505338,3.537148,3.482444,3.531648,3.502022,3.511088,3.500498,3.547638,3.49601,3.502051,3.458519,3.56506,3.471233,3.49066,3.797981,3.562306,3.490188,3.501901,3.511209]"
dlrm-2,1536,stack,5111808,13.464626,1.546669,1.675272,,,,"[2.921903,1.569011,1.54771,1.567668,1.561928,1.556307,1.557819,1.579441,1.563411,1.559783,1.55765,1.569311,1.557188,1.549564,1.565785,1.569843,1.580753,1.675272,1.545166,1.577667,1.558881,1.571205,1.567748,1.565755,1.54227,1.559603,1.569702,1.550185,1.560655,1.545507,1.560405,1.551057,1.578619,1.560365,1.561907,1.545687,1.581144,1.562058,1.556186,1.553291,1.569432,1.556708,1.565444,1.571916,3.834691,1.570243,1.551748,1.559052,1.490482,1.484381,1.503578,1.47877,1.519787,1.533694,1.475273,1.547651,1.58936,1.497926,1.498127,1.475705,1.428796,1.417574,1.429717,1.481896,3.979465,1.451799,1.43097,1.460746,1.483399,1.463732,1.45773,1.485453,1.564202,1.491825,1.456679,4.049698,1.460716,1.493428,1.470034,1.480434,1.491965,1.462669,1.455917,1.471116,1.475133,1.444936,1.448413,1.459604,1.474773,1.460545,1.456077,1.446459,1.479522,1.474733,1.475184,1.476867,1.482978,4.036823,1.453832,1.469933]"
dlrm-2,1536,layout_cast_h2d,5111808,13.464626,2.1209415,3.017764,,,,"[2.960776,2.075059,2.07509,2.086772,2.08089,2.084067,2.120215,2.099555,2.051144,2.108773,2.08621,2.092301,2.082634,2.09646,2.272593,2.101229,2.089536,2.262064,2.097612,2.08598,2.246103,2.095238,2.088995,2.092161,2.083355,2.097622,2.895372,2.120124,2.076943,2.28663,2.08038,2.09145,2.083576,2.069288,2.097862,2.085118,2.068236,2.100417,2.127017,2.078666,2.075019,2.087223,2.105467,2.13394,2.064529,2.084307,2.136646,2.082073,2.110316,3.056047,2.117509,2.121057,2.19198,2.116668,2.123791,2.142136,2.104084,2.916303,2.085439,2.14435,2.136846,3.021702,2.153217,2.197351,2.99416,2.15439,2.129172,2.14945,2.152987,6.534253,3.016212,2.129682,2.117149,2.132698,2.162014,2.962169,2.115936,2.140413,2.134763,2.129963,2.099696,2.113802,2.185749,3.017764,2.157214,2.155251,2.126587,2.11768,2.120826,5.431395,2.147938,2.29221,2.146384,2.125455,2.238499,2.161733,2.622365,3.038122,2.143409,2.125495]"
dlrm-2,2048,full,6815744,16.938553,8.777349999999998,13.555358,,,,"[9.562096,9.680852,9.884627,8.66073,8.66657,8.583874,9.274,8.69811,8.650009,9.677635,8.643156,8.72963,9.715096,9.884727,9.783155,8.612518,8.805554,8.722055,9.821838,8.728508,8.735722,8.742114,8.701226,8.690516,8.624551,8.730892,9.954599,8.693341,11.589675,11.492922,8.717296,11.491469,9.784317,8.748465,8.59227,8.75064,8.664727,12.683096,8.76688,9.882352,8.689754,8.613901,11.710204,9.863667,8.720052,8.758054,8.739458,14.413383,8.850599,9.661815,12.812521,8.643257,15.61622,8.814611,8.776328,12.972724,9.852676,8.668334,8.740661,8.707919,9.731757,8.738366,9.731868,12.955342,8.747023,8.593412,8.753385,8.696297,8.837164,8.669416,9.690229,8.652304,8.736774,8.696978,8.804652,14.782341,12.863708,8.753184,9.234616,8.736613,8.811906,10.92145,8.790224,14.049714,9.821988,8.730361,9.767826,8.741923,11.640201,8.672181,8.643026,8.778372,8.701928,14.479228,10.980482,13.555358,11.906015,8.813028,8.695686,8.78779]"
dlrm-2,2048,lookup_pool,6815744,16.938553,4.0978145,4.175005,,,,"[4.084925,4.104673,4.106245,4.069195,4.105815,4.098361,4.085436,4.032595,4.212156,4.207537,4.079845,4.166129,4.072231,4.063445,4.075086,4.070678,4.132134,4.048396,4.098601,4.120492,4.175005,4.173924,4.090265,4.137073,4.05549,4.118047,4.125542,4.097419,4.064396,4.137705,4.066991,4.110604,4.127966,4.065769,4.146282,4.072882,4.129098,4.05553,4.069075,4.126213,4.054668,4.152093,4.126323,4.128116,4.063414,4.072882,4.121905,4.073854,4.108049,4.160528,4.057142,4.110824,4.09821,4.084384,4.182259,4.151792,4.053525,4.133778,4.048105,9.801439,4.068714,4.091237,4.085847,4.071239,4.111054,4.084635,4.141181,4.138165,4.134749,4.147794,4.194793,4.110774,4.072562,4.158264,4.081428,4.115854,4.147263,4.043616,4.068263,4.082039,4.092589,4.151411,4.028057,4.13493,4.084654,4.079445,4.102549,4.064516,4.08779,4.06626,4.12477,4.130031,4.0508,4.072361,4.090175,4.146312,4.06601,4.112698,4.076179,4.076449]"
dlrm-2,2048,stack,6815744,16.938553,1.7081745000000002,1.869129,,,,"[1.720919,1.687556,1.687786,1.698957,1.686013,1.687436,1.697154,1.679391,1.811981,1.714947,1.675402,1.80087,1.700289,1.69002,1.715348,1.69509,1.720147,1.697123,4.475795,1.719115,1.676485,1.707403,1.673428,1.717402,1.720047,4.699739,1.735757,1.738171,1.675633,1.708485,1.69535,1.713475,1.763529,1.698096,1.696733,1.698616,1.688898,1.676595,1.699729,1.717262,1.676374,1.712432,1.685712,1.714807,4.546429,1.681144,1.707383,1.699348,1.681464,1.69549,1.699959,1.734504,1.786382,1.743882,1.749703,1.745996,1.708325,1.721961,1.711922,1.685211,1.692064,1.669121,1.697173,1.6793,1.677416,1.686984,1.744133,1.714757,1.724295,1.736859,1.73756,1.751967,1.745876,1.869129,1.717602,1.746087,1.733593,1.837239,1.756086,1.730738,1.72175,1.69521,1.681293,1.69488,1.704698,1.794548,1.708786,1.693216,1.691172,1.697405,1.778758,3.349984,8.745901,1.694398,1.762918,1.718695,1.700389,1.708024,1.68982,1.689369]"
dlrm-2,2048,layout_cast_h2d,6815744,16.938553,3.0095590000000003,4.093852,,,,"[3.021271,3.008577,4.185706,2.973972,2.979011,3.001663,2.9734,3.037481,3.020069,3.002956,2.976576,3.007646,3.012985,2.982828,3.031139,2.985453,3.009108,2.969904,2.977649,3.025629,2.996794,2.994139,2.990152,3.002595,3.011894,3.981869,3.243612,4.056681,3.009339,3.025409,7.242053,4.263052,3.05232,3.014258,3.009449,2.985082,3.000903,3.462386,3.040607,3.009669,3.008777,3.028124,3.025148,3.031901,4.096517,2.983109,3.006553,3.05263,2.993478,3.025138,3.000883,3.009819,2.995602,3.014448,3.471634,3.049184,3.006443,3.001363,3.028975,3.03641,3.039195,2.980894,3.043884,2.987196,2.989661,2.985483,2.995852,2.997906,3.010792,3.04196,3.006743,3.001063,2.971106,3.035598,3.044235,3.061457,3.002405,2.993779,3.000802,3.035919,2.975926,4.314239,3.004239,4.093852,3.001303,3.005731,3.009308,2.993608,3.015871,3.055786,3.027923,4.022216,3.03638,3.963746,2.989411,3.924802,3.003337,2.996835,3.0099,3.014819]"
dlrm-3,512,full,1703936,9.654803,3.530665,5.839358,,,,"[4.623415,7.659394,3.924181,5.357936,4.799779,3.317583,3.751374,3.98183,5.812627,3.256847,3.244654,5.839358,3.268199,3.268609,5.724721,3.513242,4.117457,3.272096,3.306802,3.187496,5.6871,3.681512,3.307083,3.309457,3.58049,3.247259,3.455103,3.325928,3.286564,3.260184,4.415772,3.459782,3.579608,3.31093,3.832107,3.479379,3.595058,3.546455,3.374971,3.377606,3.575601,3.704645,3.300369,3.295691,3.568547,4.367751,3.868115,3.679387,3.293066,3.277467,3.514875,3.687122,3.414726,3.92355,3.340015,3.264151,3.687784,3.779067,3.326669,3.27936,3.403835,3.272267,3.579248,3.820054,3.890066,4.526442,3.313796,3.304678,3.665702,3.278148,3.293497,3.566154,3.401031,3.306381,3.634192,3.249844,4.533666,3.28997,3.721467,3.482294,3.56467,6.498826,3.250105,3.561835,3.69648,3.259482,3.578186,3.483907,6.513123,3.586291,3.567716,3.223744,6.517191,3.29012,3.577354,6.486183,3.417211,3.357327,3.695528,3.275633]"
dlrm-3,512,lookup_pool,1703936,9.654803,2.1481685,2.185499,,,,"[2.15494,2.343258,2.173967,2.106609,2.164609,2.099666,2.157426,2.156003,2.163307,2.130254,2.129412,2.135273,2.139161,2.167885,2.182543,2.081982,2.183445,2.156724,2.142457,5.497921,2.148779,2.175098,2.155311,2.142227,2.13386,2.155822,2.166373,2.136686,2.134602,2.168446,2.127229,2.16014,2.135654,2.153498,2.11781,2.15955,2.139352,2.113332,2.178045,2.118481,2.132207,2.155472,2.185499,2.131135,2.140303,2.163156,2.153207,2.170991,2.126998,2.104836,2.157465,2.145833,2.164599,2.143239,2.090709,2.129722,2.169208,2.167705,2.156404,2.13304,2.123591,2.122259,2.121939,2.145673,2.156043,2.189776,2.145603,2.169969,2.104675,2.167264,2.146485,2.108112,2.128661,2.152587,2.102,2.151354,2.160311,2.111909,2.158287,2.114615,2.143059,2.193715,2.102201,2.139512,2.162174,2.133299,2.13335,2.095909,2.162415,2.160622,2.156434,2.117399,2.147918,2.123982,2.154901,2.171683,2.148419,2.194485,2.17609,2.135965]"
dlrm-3,512,stack,1703936,9.654803,0.503719,2.524651,,,,"[2.524651,2.756189,0.505928,0.595568,0.518532,0.50151,0.469078,0.531997,0.45418,0.552205,0.536686,0.456113,0.534833,0.550743,0.450994,0.445804,0.460161,0.468246,0.499325,0.436687,0.453088,0.462435,0.453318,0.449551,0.545412,0.772714,0.590318,0.531316,0.553148,0.481592,0.442087,0.551534,0.444512,0.442057,0.553418,0.54414,0.724272,0.499215,0.531467,0.529312,0.478396,0.454401,0.739721,0.482784,0.531436,0.440184,0.453258,0.452507,2.385367,0.460773,2.42892,0.469149,0.460953,0.458368,0.612149,0.446886,0.438821,2.536724,0.452196,0.41193,0.779797,0.515947,2.412398,0.445283,0.535154,2.652052,0.558438,0.456284,0.75005,0.527108,0.496851,0.457707,0.464931,0.524543,0.472485,0.581541,2.625401,0.518541,0.487624,0.539431,0.49613,2.667181,0.592232,0.456815,0.490659,0.54422,0.445504,0.505978,0.456905,0.534012,0.550312,0.789275,0.421138,0.476914,0.527549,0.428942,0.545053,0.463397,0.707169,0.492323]"
dlrm-3,512,layout_cast_h2d,1703936,9.654803,0.6831085,1.103319,,,,"[1.037806,1.004162,0.689235,0.650461,0.688924,1.587767,0.703081,1.113228,0.684817,0.696088,1.054737,0.682943,0.688944,0.67586,0.70256,0.641745,1.072691,0.684836,0.628661,0.699394,0.67575,0.681711,0.689376,0.698493,0.683063,0.67585,0.667845,0.694114,1.030601,0.681431,0.695917,0.641023,1.117245,0.684676,0.653708,0.692251,0.673525,0.683995,0.629913,0.681921,0.666772,0.672444,0.660802,0.676431,0.680609,0.687272,1.103319,0.68652,1.188772,0.640242,0.700056,0.693082,0.638889,0.681941,0.671632,0.698312,0.713511,0.687282,0.688814,0.694555,0.646755,0.6281,0.72342,1.575654,0.674908,0.679707,0.70244,0.704093,0.653868,0.684717,0.679958,0.609875,0.682533,0.635293,0.626346,0.64387,0.694535,0.672884,0.686751,0.692261,0.683154,0.682452,0.657345,0.681961,0.684476,0.668977,0.690868,0.704594,0.682072,0.679306,0.641655,0.677994,0.677403,0.670841,0.683585,0.691359,0.687211,0.678344,0.658547,0.62851]"
dlrm-3,1536,full,5111808,13.148559,7.124492,10.823276,,,,"[12.979469,7.918855,9.610919,7.036755,6.989275,7.03882,9.476476,6.988764,7.971575,7.047566,7.04439,7.052144,6.961403,7.928424,6.975669,6.948047,10.540881,7.096909,7.817042,7.937621,7.009745,7.036524,6.985318,6.909975,7.139691,7.048267,7.811713,7.083504,10.942742,7.90505,7.069858,6.999395,7.993668,7.034972,9.831528,7.984941,7.02334,7.003803,7.597567,7.258345,7.041615,6.985268,10.745097,7.879,7.10245,6.976131,7.052435,7.927121,6.938309,6.968966,7.035744,6.934111,6.981291,7.963881,7.175448,7.017629,7.026255,6.986641,6.985138,7.090437,6.941104,7.109293,9.953388,7.834476,10.823276,8.002274,7.087181,10.470759,7.084165,6.950001,7.824527,8.01629,7.024772,7.082502,7.384053,8.196331,8.16933,12.368141,8.183257,12.401524,11.240736,8.213554,8.119265,8.246055,8.12727,8.156135,8.258559,8.02658,8.158811,9.863789,7.899279,7.03901,7.813115,6.915285,7.011989,7.37171,7.089065,7.145411,7.01286,7.096228]"
dlrm-3,1536,lookup_pool,5111808,13.148559,3.5396535,4.152293,,,,"[3.466134,3.518623,3.496762,3.523472,3.499617,3.510878,3.482024,3.536717,3.542819,3.520577,3.504446,3.536507,3.542187,3.578286,3.520056,3.5698,3.491231,3.538551,3.504877,3.548549,3.555042,3.558167,3.50642,3.548169,3.736876,3.507001,3.560312,6.138935,3.542317,3.482866,3.523412,3.639783,3.566113,3.496571,3.499076,3.532259,3.524193,3.486152,3.560823,3.534053,3.549381,3.516509,3.54353,3.557226,3.500488,3.531338,3.515096,3.48015,3.535315,3.534904,3.544963,3.542549,3.539483,3.500118,3.514716,3.525486,3.581702,3.52764,3.539824,3.513553,3.499487,3.638079,3.632459,3.618552,3.618773,3.553368,8.127451,3.475953,3.519355,3.522431,3.549662,3.475371,3.449392,3.507562,4.107448,7.537223,4.152293,4.121495,4.12998,4.071801,4.091007,4.17207,4.11885,4.130291,4.123228,4.15103,4.083362,4.155609,4.118349,4.095205,3.573827,3.506541,3.565152,3.650103,3.518883,3.487835,3.481443,3.711919,3.534073,3.666703]"
dlrm-3,1536,stack,5111808,13.148559,1.517143,4.065699,,,,"[1.531039,1.49449,1.519408,1.516492,4.032957,1.487146,1.513265,1.51074,1.507926,1.503186,1.513736,1.566636,1.498147,1.520149,1.528625,1.52051,4.282339,1.520559,1.55229,1.526992,1.51551,1.506162,1.497896,1.486745,1.480444,1.484431,1.501353,1.525068,1.533073,1.539114,1.492707,1.514659,1.520639,1.50461,1.500802,1.534225,1.524196,1.505281,4.04495,1.532963,1.481867,1.514338,1.498939,1.488138,4.065699,1.503858,1.564232,1.508346,1.497145,4.227846,1.502015,1.517794,1.525869,1.522573,1.524317,1.498217,1.489481,1.520109,1.518847,1.532051,1.511833,1.530929,1.541048,1.532793,1.638893,1.492426,1.511974,1.503959,1.645045,1.477137,1.506814,1.482608,1.509438,1.480694,1.62629,4.958289,1.803485,5.765047,1.822581,1.740135,1.844934,1.71117,1.843761,1.827521,1.812753,1.822722,1.839433,4.523295,1.872496,1.761275,1.463311,1.466216,1.427874,1.492036,1.494059,1.491034,1.474502,1.503858,1.43143,1.487767]"
dlrm-3,1536,layout_cast_h2d,5111808,13.148559,2.1201495,3.025089,,,,"[2.11746,2.096029,2.094837,2.089797,2.946079,2.072845,2.100117,2.064078,2.072715,2.949335,2.093104,2.107571,3.033705,2.118562,3.000843,2.105567,2.074629,2.103112,2.100688,2.087613,2.102011,2.102371,2.083636,2.097672,2.088284,2.109755,2.098614,3.025089,2.100167,2.128711,2.09105,2.993058,2.089677,2.198774,2.070571,2.116698,2.113883,2.155972,2.956729,2.100247,2.083666,2.761389,2.100417,2.095518,3.013597,2.129042,2.120415,2.082814,2.083075,2.099366,2.079668,2.89913,2.109444,2.911804,2.103153,2.092422,2.092031,2.078856,2.104455,2.079618,2.928646,2.112109,2.13355,2.987618,2.203633,2.149851,3.016131,2.137808,2.151845,2.113232,2.119884,2.130203,2.166453,2.141726,2.30767,2.279196,2.311557,3.972603,2.306458,2.327197,2.267884,2.300427,2.28084,2.254289,2.884994,2.313131,2.276571,3.79683,2.304524,3.568247,2.141565,2.796285,2.141225,2.118943,3.394879,2.843785,2.12828,2.110146,2.125866,2.11757]"
dlrm-3,2048,full,6815744,12.390062,8.8595625,15.137135,,,,"[8.72918,9.905969,8.753938,9.805318,11.20045,9.826809,8.787661,8.761231,8.835101,8.875317,9.591743,8.733508,13.815792,11.279389,8.801087,8.852314,9.828613,8.749138,8.753246,9.507695,8.798462,8.825743,9.711079,8.688593,8.799373,8.79773,15.137135,8.772242,13.715774,8.723429,8.808931,9.915617,9.836337,8.810664,17.187649,12.599941,8.859497,15.363053,10.146324,8.834229,13.168628,9.00884,8.690568,12.353183,9.841176,8.773033,8.778424,8.784265,8.888632,9.612624,9.892704,8.768144,8.720013,8.838317,9.509108,8.859628,12.191297,8.747946,8.842585,11.163991,8.799905,8.675989,8.663366,9.925956,8.677663,8.804092,8.739179,8.767043,9.934864,8.762464,9.992914,8.727517,10.00173,8.906977,13.667512,9.836337,8.830442,9.846456,8.762384,8.848276,16.15834,8.734831,8.719041,9.907352,8.840491,8.817818,11.050517,9.731289,8.876099,9.755655,8.776681,17.912271,11.060385,9.714997,15.969362,8.96156,8.820794,10.023561,8.685157,8.785387]"
dlrm-3,2048,lookup_pool,6815744,12.390062,4.1212045,4.24569,,,,"[4.09763,4.057975,4.109593,4.120523,4.100805,4.114422,4.22447,4.08717,4.121314,4.099002,4.123369,4.110554,4.125904,4.177,4.122035,4.097169,4.196477,4.088102,4.152063,4.137335,4.133738,4.133287,4.132957,4.12972,4.110644,4.216444,4.116766,4.101998,4.153695,4.072943,4.337624,4.107438,4.163044,4.102058,4.228908,4.374164,4.108019,4.178593,4.182481,4.107679,4.214862,4.198892,4.094614,4.08236,4.221163,4.106006,4.142354,4.10824,4.11898,4.137025,4.089935,4.167452,4.094904,4.117447,4.115133,4.125061,4.148496,4.120363,4.113069,4.147183,4.108951,4.184785,4.135782,4.086309,4.084595,4.09819,4.162042,4.114612,4.121485,4.132846,4.07674,4.152263,4.187129,4.121095,4.24569,4.083172,4.111295,4.31441,4.099172,4.107388,4.243226,4.095445,4.142214,4.08677,4.117667,4.135482,4.140771,4.109682,4.148937,4.091428,4.106035,9.889338,4.183593,4.10306,4.148326,4.179936,4.099814,4.249828,4.125974,4.106276]"
dlrm-3,2048,stack,6815744,12.390062,1.74255,4.247704,,,,"[4.035141,1.739674,4.208249,1.744012,1.75294,1.756506,1.741368,1.736369,1.783708,1.744744,1.72707,1.765623,1.728864,1.764462,1.7107,1.709207,1.732881,1.713955,1.752489,1.725748,1.743642,1.715008,1.73207,1.720017,1.699107,1.722642,4.521182,1.722332,1.710368,4.45169,4.515561,1.711982,1.771334,1.699118,1.713435,4.545117,1.703466,1.690602,4.576567,1.7058,1.687836,1.741398,1.738933,1.733964,1.751366,1.717482,1.737991,1.7424,1.775933,1.761335,1.732191,1.720108,1.714116,1.724034,1.746598,1.745365,1.73754,1.73693,1.851066,1.726549,1.712623,1.719416,1.973878,1.728794,1.768238,1.728443,1.750134,1.912802,1.734484,1.878628,1.754052,1.759593,1.766736,1.778718,1.752328,1.710789,1.759612,1.776534,1.775102,4.140692,1.763439,1.730968,1.735787,1.730026,4.247704,1.747129,1.7427,1.709698,1.765543,1.752769,1.7479,1.712653,1.76347,1.756396,4.216485,1.742931,1.730818,1.738252,1.743091,1.873588]"
dlrm-3,2048,layout_cast_h2d,6815744,12.390062,3.0193630000000002,4.10356,,,,"[2.96243,3.013186,3.010361,3.04679,4.013551,3.018316,3.028745,2.992817,3.018416,3.04653,4.00795,2.996144,2.995793,3.014288,3.032693,3.995947,3.042392,3.024367,2.991114,3.002716,3.001454,3.077888,3.025109,3.000713,3.027474,3.019428,4.027697,3.015961,3.004961,4.016706,2.981266,4.001758,4.075538,3.016191,4.515952,3.969948,3.052431,3.013256,3.996598,3.042722,3.019057,3.033695,4.085457,4.123859,3.031821,2.99949,2.996164,2.969132,3.003719,3.027053,3.003507,3.000643,3.023967,2.993448,2.99913,8.711738,4.115223,2.984542,4.037055,3.038433,3.019298,3.023446,4.062884,3.027504,3.048553,2.992106,3.018486,4.102609,3.009189,4.074506,2.994511,3.068381,3.031961,3.033905,4.042044,3.006694,3.867333,3.017274,4.03457,2.958643,2.995232,2.985975,3.01515,3.00446,4.01858,4.471408,4.10356,3.00468,2.997737,3.053803,2.992006,3.010521,3.030179,2.977037,4.021356,3.012625,3.01026,3.017975,2.981657,3.003037]"
memory,4096,torch,1048576,1.916189,0.534412,0.534412,,,,[0.534412]
memory,4096,torch_pinned,1048576,3.197515,0.380421,0.380421,,1048576,,[0.380421]
memory,4096,inductor_host,1048576,1978.598124,0.637898,0.637898,,,,[0.637898]
memory,4096,inductor_pinned,1048576,87.116313,0.439482,0.439482,,1048576,,[0.439482]
memory,4096,ring2,1048576,115.118495,1.380374,1.380374,10,1310720,1310720,[1.380374]
memory,16384,torch,4194304,3.756394,2.266853,2.266853,,,,[2.266853]
memory,16384,torch_pinned,4194304,7.019514,2.686658,2.686658,,4194304,,[2.686658]
memory,16384,inductor_host,4194304,1.701503,1.708616,1.708616,,,,[1.708616]
memory,16384,inductor_pinned,4194304,5.810123,1.480414,1.480414,,4194304,,[1.480414]
memory,16384,ring2,4194304,165.439096,2.845188,2.845188,21,6029312,6029312,[2.845188]
memory,65536,torch,16777216,17.511163,16.348131,16.348131,,,,[16.348131]
memory,65536,torch_pinned,16777216,30.121265,14.532843,14.532843,,16777216,,[14.532843]
memory,65536,inductor_host,16777216,6.228255,5.433771,5.433771,,,,[5.433771]
memory,65536,inductor_pinned,16777216,20.353727,4.548024,4.548024,,16777216,,[4.548024]
memory,65536,ring2,16777216,6.634314,5.878674,5.878674,32,6029312,6029312,[5.878674]
trace,65536,torch,16777216,18.259493,15.160524,15.160524,,,,[15.160524]
trace,65536,torch_pinned,16777216,30.782601,6.62104,6.62104,,16777216,,[6.62104]
trace,65536,inductor,33554432,2186.184241,15.510627,15.510627,,,,[15.510627]
trace,65536,inductor_host,16777216,77.627387,5.079902,5.079902,,,,[5.079902]
trace,65536,inductor_pinned,16777216,106.862719,4.536122,4.536122,,16777216,,[4.536122]
trace,65536,ring1,16777216,300.937212,6.83156,6.83156,10,1310720,1310720,[6.83156]
trace,65536,ring2,16777216,98.867487,5.979515,5.979515,10,2621440,2621440,[5.979515]
